Date,Up 4-5%+ today,Down 4-5%+ today,Up 20%+ in 5d,Down 20%+ in 5d,Above 20dma,Below 20dma,Above 50dma,Below 50dma,Above 200dma,Below 200dma
14th Aug 26 2026,84,74,27,10,1122,1115,1253,984,1282,955
13th Aug 26 2026,117,71,31,7,1177,1068,1302,944,1304,942
12th Aug 26 2026,96,93,28,6,1174,1071,1316,930,1303,943
11th Aug 26 2026,98,69,30,5,1248,997,1355,891,1346,900
10th Aug 26 2026,117,71,31,5,1316,928,1407,839,1360,886
7th Aug 26 2026,89,66,35,4,1366,878,1412,833,1363,882
6th Aug 26 2026,102,48,42,4,1432,812,1438,807,1351,894
5th Aug 26 2026,123,39,31,4,1455,790,1441,805,1356,890
4th Aug 26 2026,109,42,30,3,1335,910,1356,890,1322,925
3rd Aug 26 2026,205,29,21,5,1375,870,1375,871,1327,920
31st Jul 26 2026,121,31,17,5,1059,1184,1204,1040,1240,1005
30th Jul 26 2026,42,62,12,7,927,1317,1143,1102,1211,1035
29th Jul 26 2026,106,39,11,4,1035,1209,1224,1021,1226,1020
28th Jul 26 2026,46,88,10,4,880,1364,1125,1120,1172,1074
27th Jul 26 2026,139,29,19,8,1073,1171,1229,1016,1219,1027
24th Jul 26 2026,71,33,16,8,760,1485,1091,1155,1194,1053
23rd Jul 26 2026,62,48,15,7,784,1461,1067,1179,1174,1073
22nd Jul 26 2026,49,68,15,4,953,1292,1214,1032,1210,1037
21st Jul 26 2026,96,22,12,4,1183,1063,1347,899,1278,969
20th Jul 26 2026,88,27,11,4,1151,1096,1349,898,1265,983
17th Jul 26 2026,31,62,8,3,1086,1161,1303,944,1247,1001
16th Jul 26 2026,59,33,14,2,1183,1065,1360,888,1253,996
15th Jul 26 2026,80,24,23,1,1237,1010,1389,858,1288,960
14th Jul 26 2026,49,40,17,3,1177,1069,1355,892,1267,981
13th Jul 26 2026,129,17,15,2,1402,846,1490,759,1300,950
10th Jul 26 2026,133,11,14,2,1342,905,1442,805,1277,971
9th Jul 26 2026,180,10,12,1,1051,1197,1278,970,1209,1040
8th Jul 26 2026,35,168,10,1,758,1490,1120,1128,1142,1107
7th Jul 26 2026,39,66,17,1,1265,983,1421,827,1280,969
6th Jul 26 2026,103,36,21,3,1401,848,1505,744,1317,933
3rd Jul 26 2026,85,35,19,2,1455,792,1531,716,1311,937
2nd Jul 26 2026,135,22,14,2,1481,770,1517,734,1283,969
1st Jul 26 2026,109,33,17,2,1328,921,1416,834,1232,1018
30th Jun 26 2026,111,22,10,3,1259,991,1370,881,1208,1043
29th Jun 26 2026,78,75,14,3,1142,1110,1336,917,1188,1065
25th Jun 26 2026,55,68,15,2,1323,927,1448,803,1218,1033
24th Jun 26 2026,86,38,17,1,1493,756,1515,735,1268,982
23rd Jun 26 2026,59,60,24,0,1508,742,1509,742,1239,1012
22nd Jun 26 2026,172,22,39,0,1700,550,1630,622,1304,948
19th Jun 26 2026,140,21,43,1,1615,636,1565,687,1230,1022
18th Jun 26 2026,122,20,55,1,1641,609,1560,691,1214,1037
17th Jun 26 2026,121,23,26,2,1592,658,1520,730,1191,1060
16th Jun 26 2026,111,22,12,1,1561,690,1476,776,1158,1094
15th Jun 26 2026,215,11,22,3,1500,750,1416,836,1141,1111
12th Jun 26 2026,343,9,11,2,1137,1113,1159,1092,1059,1192
11th Jun 26 2026,39,89,11,6,641,1608,855,1396,907,1344
10th Jun 26 2026,48,105,20,5,781,1466,967,1282,965,1284
9th Jun 26 2026,201,29,24,5,956,1292,1133,1117,1023,1227
8th Jun 26 2026,51,168,23,6,712,1536,914,1336,949,1301
5th Jun 26 2026,105,50,32,6,1008,1240,1190,1060,1037,1213
4th Jun 26 2026,138,28,34,5,1026,1223,1174,1077,1036,1215
3rd Jun 26 2026,80,58,35,6,928,1319,1164,1085,1008,1241
2nd Jun 26 2026,144,33,33,5,1008,1238,1218,1030,1029,1219
1st Jun 26 2026,97,172,37,4,890,1358,1144,1105,984,1266
29th May 26 2026,120,145,40,1,1131,1117,1288,961,1039,1210
27th May 26 2026,149,49,52,1,1382,866,1426,823,1113,1136
26th May 26 2026,118,43,49,1,1380,867,1423,825,1094,1154
25th May 26 2026,190,36,49,2,1401,848,1441,808,1081,1168
22nd May 26 2026,87,48,23,2,1118,1129,1271,976,1001,1246
21st May 26 2026,131,28,23,2,1078,1168,1259,987,990,1256
20th May 26 2026,103,33,17,6,977,1270,1199,1048,954,1293
19th May 26 2026,144,28,12,6,915,1332,1187,1060,938,1309
18th May 26 2026,67,154,7,15,715,1533,1073,1175,879,1369
15th May 26 2026,68,94,7,12,956,1291,1291,956,960,1287
14th May 26 2026,80,50,5,7,1082,1165,1345,902,997,1250
13th May 26 2026,142,55,16,3,1032,1215,1347,900,985,1262
12th May 26 2026,32,511,14,2,909,1338,1306,941,941,1306
11th May 26 2026,75,143,36,4,1559,691,1668,582,1158,1092
8th May 26 2026,124,46,66,1,1885,361,1857,389,1255,991
7th May 26 2026,222,11,42,2,1981,266,1915,332,1249,998
6th May 26 2026,208,21,31,2,1931,316,1840,407,1171,1076
5th May 26 2026,107,39,22,3,1664,582,1630,616,1086,1160
4th May 26 2026,201,36,30,2,1748,501,1671,578,1063,1186
30th Apr 26 2026,54,51,12,1,1664,582,1588,658,1010,1236
29th Apr 26 2026,84,34,16,1,1776,471,1677,570,1024,1223
28th Apr 26 2026,87,30,20,1,1788,459,1667,580,1019,1228
27th Apr 26 2026,251,15,20,1,1935,314,1736,513,1023,1226
24th Apr 26 2026,39,105,22,3,1706,539,1556,689,916,1329
23rd Apr 26 2026,98,40,33,2,1957,290,1766,481,1011,1236
22nd Apr 26 2026,137,23,30,2,2045,200,1873,372,1043,1202
21st Apr 26 2026,118,21,43,3,2042,135,1823,354,969,1208
20th Apr 26 2026,77,47,46,2,2045,129,1778,396,909,1265
17th Apr 26 2026,182,8,76,0,2082,82,1853,311,939,1225
16th Apr 26 2026,133,11,59,0,2045,119,1742,422,849,1315
15th Apr 26 2026,374,6,123,0,2048,115,1666,497,805,1358
13th Apr 26 2026,100,36,87,1,1882,283,1271,894,669,1496
10th Apr 26 2026,234,7,125,1,1950,212,1349,813,668,1494
9th Apr 26 2026,95,28,103,0,1820,344,1019,1145,574,1590
8th Apr 26 2026,894,13,401,0,1904,259,1034,1129,564,1599
7th Apr 26 2026,125,11,57,2,1097,1066,532,1631,437,1726
6th Apr 26 2026,214,11,23,2,941,1222,460,1703,425,1738
2nd Apr 26 2026,183,23,16,3,649,1510,374,1785,382,1777
1st Apr 26 2026,1137,7,10,3,484,1674,333,1825,388,1770
30th Mar 26 2026,30,745,4,37,200,1958,212,1946,317,1841
27th Mar 26 2026,33,636,7,10,293,1861,254,1900,366,1788
25th Mar 26 2026,218,17,6,6,488,1666,332,1822,399,1755
24th Mar 26 2026,301,27,8,7,274,1879,248,1905,354,1799
23rd Mar 26 2026,7,973,6,3,149,2004,171,1982,301,1852
20th Mar 26 2026,98,26,16,3,370,1781,327,1824,403,1748
19th Mar 26 2026,18,302,7,2,266,1884,250,1900,383,1767
18th Mar 26 2026,330,6,6,2,501,1649,391,1759,452,1698
17th Mar 26 2026,96,15,5,6,259,1891,298,1852,407,1743
16th Mar 26 2026,41,117,5,4,187,1964,251,1900,382,1769
13th Mar 26 2026,18,379,8,6,218,1931,293,1856,387,1762
12th Mar 26 2026,60,46,11,5,432,1714,419,1727,453,1693
11th Mar 26 2026,80,52,8,4,436,1711,427,1720,469,1678
10th Mar 26 2026,278,14,8,5,442,1704,437,1710,480,1667
9th Mar 26 2026,25,287,4,11,273,1873,333,1814,416,1731
6th Mar 26 2026,61,40,3,5,394,1749,453,1691,503,1641
5th Mar 26 2026,108,21,8,1,403,1737,468,1673,512,1629
4th Mar 26 2026,48,262,6,3,291,1849,401,1740,470,1671
2nd Mar 26 2026,60,251,4,3,445,1694,491,1649,565,1575
27th Feb 26 2026,40,58,8,1,684,1452,682,1455,668,1469
26th Feb 26 2026,66,21,8,5,827,1309,760,1377,703,1434
25th Feb 26 2026,51,39,5,4,783,1351,742,1393,696,1439
24th Feb 26 2026,22,94,8,3,702,1432,675,1460,686,1449
23rd Feb 26 2026,63,46,5,2,861,1275,788,1349,718,1419
20th Feb 26 2026,47,31,8,4,832,1301,771,1363,708,1426
19th Feb 26 2026,36,55,8,5,803,1328,756,1376,708,1424
18th Feb 26 2026,72,19,5,5,1090,1040,921,1210,769,1362
17th Feb 26 2026,111,19,8,2,1021,1107,860,1269,746,1383
16th Feb 26 2026,54,101,11,2,916,1210,769,1358,722,1405
13th Feb 26 2026,33,164,19,0,948,1176,782,1343,718,1407
12th Feb 26 2026,62,103,26,0,1293,831,1012,1113,783,1341
11th Feb 26 2026,92,64,15,1,1475,648,1104,1020,811,1313
10th Feb 26 2026,136,35,30,0,1560,562,1141,982,812,1311
9th Feb 26 2026,394,20,51,1,1495,630,1060,1066,800,1326
6th Feb 26 2026,62,74,28,3,1107,1016,766,1358,682,1442
5th Feb 26 2026,54,91,32,6,1146,976,775,1348,688,1435
4th Feb 26 2026,234,56,44,18,1335,788,836,1288,723,1401
3rd Feb 26 2026,525,11,27,18,1135,989,742,1382,706,1418
2nd Feb 26 2026,78,68,16,19,453,1672,374,1751,534,1591
1st Feb 26 2026,57,235,8,4,430,1694,358,1766,492,1632
30th Jan 26 2026,167,99,14,6,664,1458,495,1627,601,1521
29th Jan 26 2026,137,61,23,5,535,1587,431,1691,571,1551
28th Jan 26 2026,351,21,12,5,540,1581,428,1693,559,1562
27th Jan 26 2026,98,75,4,10,308,1817,321,1804,484,1641
23rd Jan 26 2026,57,210,3,6,273,1847,296,1824,479,1641
22nd Jan 26 2026,184,54,3,4,360,1761,372,1749,547,1574
21st Jan 26 2026,57,142,21,2,228,1892,290,1830,487,1633
20th Jan 26 2026,29,374,25,1,253,1866,314,1805,522,1597
19th Jan 26 2026,43,91,27,1,453,1668,477,1644,627,1494
16th Jan 26 2026,68,31,25,2,530,1585,535,1580,676,1439
14th Jan 26 2026,79,19,6,1,520,1595,551,1564,688,1427
13th Jan 26 2026,69,17,3,1,484,1631,523,1592,675,1440
12th Jan 26 2026,60,73,4,4,424,1695,503,1616,667,1452
9th Jan 26 2026,15,100,3,4,425,1688,534,1579,686,1427
8th Jan 26 2026,13,135,6,4,663,1451,694,1420,771,1343
7th Jan 26 2026,68,17,13,3,1052,1062,908,1206,856,1258
6th Jan 26 2026,43,27,15,1,1016,1097,871,1242,842,1271
5th Jan 26 2026,64,38,14,1,1132,984,932,1184,868,1248
2nd Jan 26 2026,100,11,11,1,1302,809,950,1161,869,1242
1st Jan 26 2026,63,18,9,2,1064,1048,822,1290,816,1296
31st Dec 25 2025,83,17,8,2,1035,1075,800,1310,812,1298
30th Dec 25 2025,55,32,9,1,765,1343,684,1424,762,1346
29th Dec 25 2025,45,45,13,0,752,1360,716,1396,768,1344
26th Dec 25 2025,64,20,19,0,926,1183,765,1344,797,1312
24th Dec 25 2025,58,14,14,0,1079,1029,802,1306,815,1293
23rd Dec 25 2025,68,17,9,2,1123,984,806,1301,819,1288
22nd Dec 25 2025,116,15,9,1,1006,1103,749,1360,806,1303
19th Dec 25 2025,91,17,10,0,698,1406,640,1464,764,1340
18th Dec 25 2025,40,31,11,0,491,1612,536,1567,719,1384
17th Dec 25 2025,32,50,13,0,491,1611,565,1537,728,1374
16th Dec 25 2025,37,32,14,0,618,1484,614,1488,759,1343
15th Dec 25 2025,78,19,16,1,744,1356,672,1428,782,1318
12th Dec 25 2025,99,10,9,3,692,1403,650,1446,765,1331
11th Dec 25 2025,73,14,7,4,506,1589,561,1534,731,1365
10th Dec 25 2025,56,27,9,2,387,1704,479,1612,714,1378
9th Dec 25 2025,129,15,2,2,425,1665,514,1576,717,1374
8th Dec 25 2025,19,238,4,2,321,1771,463,1629,691,1402
5th Dec 25 2025,33,37,4,3,537,1551,620,1468,785,1304
4th Dec 25 2025,29,26,3,4,532,1556,637,1451,792,1297
3rd Dec 25 2025,17,39,1,3,538,1549,635,1452,809,1279
2nd Dec 25 2025,27,32,5,2,644,1443,707,1380,830,1258
1st Dec 25 2025,65,34,7,2,727,1363,740,1351,858,1233
28th Nov 25 2025,56,18,4,2,749,1334,756,1328,859,1225
27th Nov 25 2025,55,17,4,4,734,1346,747,1334,853,1228
26th Nov 25 2025,80,14,5,3,734,1345,748,1332,866,1214
25th Nov 25 2025,70,14,6,4,548,1530,638,1442,813,1267
24th Nov 25 2025,35,134,6,7,512,1571,619,1465,795,1289
21st Nov 25 2025,32,37,5,5,603,1472,691,1386,852,1225
20th Nov 25 2025,40,24,9,5,755,1319,815,1260,887,1188
19th Nov 25 2025,41,39,7,4,782,1290,821,1252,906,1167
18th Nov 25 2025,37,36,12,5,768,1302,830,1241,908,1163
17th Nov 25 2025,97,49,12,4,941,1135,908,1169,950,1127
14th Nov 25 2025,77,43,13,4,868,1199,873,1195,926,1142
13th Nov 25 2025,72,49,13,4,850,1215,865,1201,954,1112
12th Nov 25 2025,105,30,9,4,885,1178,901,1163,962,1102
11th Nov 25 2025,69,56,9,8,743,1321,811,1254,919,1146
10th Nov 25 2025,86,90,12,7,746,1321,814,1254,924,1144
7th Nov 25 2025,72,40,13,2,662,1399,804,1257,919,1142
6th Nov 25 2025,46,144,15,2,605,1455,803,1257,909,1151
4th Nov 25 2025,44,29,17,0,871,1188,960,1099,1007,1052
3rd Nov 25 2025,101,35,19,1,1089,975,1073,991,1051,1013
31st Oct 25 2025,45,31,12,1,966,1090,1000,1056,1019,1037
30th Oct 25 2025,56,25,10,1,1117,939,1081,975,1047,1009
29th Oct 25 2025,88,26,11,0,1149,906,1084,971,1057,998
28th Oct 25 2025,62,31,12,1,993,1066,983,1076,1016,1043
27th Oct 25 2025,80,35,19,1,1016,1049,996,1069,1037,1028
24th Oct 25 2025,50,24,18,2,970,1088,961,1097,1002,1056
23rd Oct 25 2025,80,45,20,2,1055,1003,1003,1055,1028,1030
21st Oct 25 2025,57,1,23,0,1103,953,1013,1043,1033,1023
20th Oct 25 2025,96,39,14,1,927,1137,904,1160,989,1075
17th Oct 25 2025,43,40,11,1,838,1217,850,1205,953,1102
16th Oct 25 2025,77,32,14,2,927,1125,909,1143,985,1067
15th Oct 25 2025,88,28,12,2,819,1233,863,1189,952,1100
14th Oct 25 2025,41,63,23,3,667,1383,771,1279,913,1137
13th Oct 25 2025,56,38,16,4,850,1204,894,1160,978,1076
10th Oct 25 2025,85,23,19,3,993,1053,958,1088,1015,1031
9th Oct 25 2025,90,35,30,5,897,1152,912,1137,993,1056
8th Oct 25 2025,74,26,28,2,806,1240,860,1186,976,1070
7th Oct 25 2025,59,34,23,1,894,1150,920,1124,997,1047
6th Oct 25 2025,84,34,19,1,929,1117,935,1111,1000,1046
3rd Oct 25 2025,124,13,11,1,902,1137,918,1121,1012,1028
1st Oct 25 2025,124,9,11,1,682,1353,779,1256,955,1081
30th Sep 25 2025,38,29,8,2,479,1550,613,1416,877,1153
29th Sep 25 2025,64,60,15,3,452,1581,623,1410,874,1160
26th Sep 25 2025,15,109,18,1,448,1575,614,1409,880,1144
25th Sep 25 2025,37,32,21,1,739,1283,879,1143,1000,1023
24th Sep 25 2025,53,28,19,2,928,1093,1044,977,1061,961
23rd Sep 25 2025,69,25,21,2,1096,924,1143,877,1105,916
22nd Sep 25 2025,83,37,25,2,1197,829,1188,839,1143,884
19th Sep 25 2025,70,19,20,1,1381,638,1284,737,1167,854
18th Sep 25 2025,55,19,20,1,1424,594,1292,727,1156,863
17th Sep 25 2025,73,18,24,1,1437,578,1283,733,1155,861
16th Sep 25 2025,78,12,18,1,1375,640,1229,787,1129,887
15th Sep 25 2025,87,18,16,0,1297,723,1116,905,1080,941
12th Sep 25 2025,56,12,18,1,1201,814,1063,953,1045,971
11th Sep 25 2025,54,21,25,1,1207,808,1053,963,1031,985
10th Sep 25 2025,91,18,18,0,1190,825,1039,977,1033,983
9th Sep 25 2025,66,29,25,0,1008,1006,902,1113,978,1037
8th Sep 25 2025,124,19,32,1,996,1022,888,1131,985,1034
5th Sep 25 2025,85,14,26,1,892,1122,851,1164,946,1069
4th Sep 25 2025,51,26,19,2,935,1078,850,1164,967,1047
3rd Sep 25 2025,111,11,16,0,1035,977,903,1110,979,1034
2nd Sep 25 2025,117,21,11,0,865,1145,781,1232,937,1076
1st Sep 25 2025,128,16,12,1,725,1289,701,1314,901,1114
29th Aug 25 2025,51,22,8,1,510,1499,570,1440,815,1195
28th Aug 25 2025,30,59,6,1,520,1489,587,1423,835,1175
26th Aug 25 2025,27,60,11,3,622,1382,678,1327,896,1109
25th Aug 25 2025,69,35,23,0,930,1077,882,1126,991,1017
22nd Aug 25 2025,51,16,21,0,906,1097,887,1117,976,1028
21st Aug 25 2025,60,19,21,0,1014,990,948,1057,993,1012
20th Aug 25 2025,105,10,21,1,992,1009,937,1065,988,1014
19th Aug 25 2025,128,17,18,2,936,1064,888,1113,981,1020
18th Aug 25 2025,148,30,17,1,772,1231,797,1207,938,1066
14th Aug 25 2025,48,73,14,3,538,1459,634,1363,871,1127
13th Aug 25 2025,111,49,9,5,586,1410,670,1326,903,1094
12th Aug 25 2025,75,50,4,5,490,1506,608,1389,875,1122
11th Aug 25 2025,83,64,5,3,432,1564,594,1403,863,1134
8th Aug 25 2025,47,74,7,4,363,1634,538,1459,832,1165
7th Aug 25 2025,54,52,7,5,438,1559,628,1369,917,1080
12th Aug 26 2026,94,90,25,6,1161,1060,1288,933,1287,934
11th Aug 26 2026,97,68,30,5,1241,988,1348,882,1339,891
10th Aug 26 2026,116,71,31,5,1309,919,1399,831,1353,877
7th Aug 26 2026,86,67,35,4,1358,870,1404,825,1356,873
6th Aug 26 2026,101,47,42,4,1425,804,1432,798,1346,884
5th Aug 26 2026,121,36,31,4,1447,782,1432,798,1349,881
4th Aug 26 2026,108,41,29,3,1329,900,1350,880,1316,915
3rd Aug 26 2026,204,28,20,5,1366,863,1368,862,1320,911
31st Jul 26 2026,120,31,16,5,1052,1175,1198,1030,1235,994
30th Jul 26 2026,40,61,12,7,918,1310,1137,1092,1206,1024
29th Jul 26 2026,103,39,11,4,1027,1201,1217,1012,1221,1009
28th Jul 26 2026,45,87,10,4,872,1356,1118,1111,1167,1063
27th Jul 26 2026,138,29,19,8,1067,1161,1222,1007,1213,1017
24th Jul 26 2026,68,32,16,8,752,1477,1083,1147,1188,1043
23rd Jul 26 2026,59,48,14,7,778,1451,1060,1170,1167,1064
22nd Jul 26 2026,46,68,14,4,949,1280,1208,1022,1204,1027
21st Jul 26 2026,95,22,12,4,1179,1051,1340,890,1274,957
20th Jul 26 2026,87,27,11,4,1144,1087,1343,888,1261,971
17th Jul 26 2026,30,62,8,3,1080,1151,1296,935,1242,990
16th Jul 26 2026,59,32,14,2,1176,1056,1353,879,1249,984
15th Jul 26 2026,80,24,23,1,1230,1001,1383,848,1283,949
14th Jul 26 2026,49,39,17,3,1171,1059,1349,882,1263,969
13th Jul 26 2026,128,17,14,2,1395,837,1485,748,1295,939
10th Jul 26 2026,131,11,13,2,1337,894,1436,795,1271,961
9th Jul 26 2026,180,9,11,1,1044,1188,1271,961,1204,1029
8th Jul 26 2026,33,166,9,1,754,1478,1114,1118,1136,1097
7th Jul 26 2026,38,66,16,1,1258,974,1415,817,1275,958
6th Jul 26 2026,101,36,21,3,1395,838,1498,735,1312,922
3rd Jul 26 2026,85,35,19,2,1445,786,1523,708,1307,925
2nd Jul 26 2026,133,22,14,2,1470,765,1508,727,1279,957
1st Jul 26 2026,108,33,17,2,1325,909,1411,824,1230,1005
30th Jun 26 2026,111,21,10,3,1255,979,1364,871,1206,1029
29th Jun 26 2026,78,74,14,3,1140,1096,1331,906,1186,1051
25th Jun 26 2026,54,68,15,2,1318,916,1442,793,1214,1021
24th Jun 26 2026,86,38,17,1,1486,747,1509,725,1266,968
23rd Jun 26 2026,59,59,24,0,1501,733,1503,732,1236,999
22nd Jun 26 2026,171,22,38,0,1690,544,1621,615,1301,935
19th Jun 26 2026,139,19,43,1,1608,627,1556,680,1226,1010
18th Jun 26 2026,120,20,56,1,1631,603,1550,685,1211,1024
17th Jun 26 2026,119,23,27,2,1585,649,1513,721,1188,1047
16th Jun 26 2026,111,22,12,1,1553,682,1470,766,1155,1081
15th Jun 26 2026,212,11,22,3,1495,739,1407,829,1137,1099
12th Jun 26 2026,343,9,11,2,1133,1101,1152,1083,1056,1179
11th Jun 26 2026,39,88,11,6,639,1594,853,1382,905,1330
10th Jun 26 2026,48,105,20,5,779,1452,962,1271,962,1271
9th Jun 26 2026,200,28,24,5,952,1280,1127,1107,1020,1214
8th Jun 26 2026,49,169,23,6,708,1524,910,1324,947,1287
5th Jun 26 2026,105,49,32,6,1005,1227,1184,1050,1035,1199
4th Jun 26 2026,138,28,34,5,1020,1213,1167,1068,1033,1202
3rd Jun 26 2026,80,57,35,6,922,1309,1159,1074,1006,1227
2nd Jun 26 2026,143,31,33,5,1002,1228,1211,1021,1026,1206
1st Jun 26 2026,96,168,37,4,886,1346,1138,1095,981,1253
29th May 26 2026,119,144,40,1,1124,1108,1281,952,1036,1197
27th May 26 2026,147,49,51,1,1374,858,1417,816,1110,1123
26th May 26 2026,116,42,48,1,1372,859,1415,817,1088,1144
25th May 26 2026,189,36,48,2,1394,839,1433,800,1077,1156
22nd May 26 2026,86,48,23,2,1110,1121,1264,967,997,1234
21st May 26 2026,130,28,23,2,1070,1160,1252,978,987,1243
20th May 26 2026,103,32,17,6,971,1260,1193,1038,951,1280
19th May 26 2026,142,27,12,6,908,1323,1179,1052,934,1297
18th May 26 2026,67,151,7,15,711,1521,1068,1164,875,1357
15th May 26 2026,68,91,7,12,952,1279,1285,946,957,1274
14th May 26 2026,78,50,5,7,1076,1155,1335,896,993,1238
13th May 26 2026,142,55,16,3,1024,1207,1337,894,982,1249
12th May 26 2026,32,507,14,2,904,1327,1298,933,939,1292
11th May 26 2026,75,143,35,4,1547,687,1656,578,1155,1079
8th May 26 2026,122,45,65,1,1874,356,1845,385,1251,979
7th May 26 2026,220,11,42,2,1968,263,1900,331,1245,986
6th May 26 2026,206,21,31,2,1918,313,1828,403,1168,1063
5th May 26 2026,108,39,22,3,1657,573,1622,608,1084,1146
4th May 26 2026,200,35,30,2,1737,496,1660,573,1060,1173
30th Apr 26 2026,53,50,12,1,1652,578,1577,653,1006,1224
29th Apr 26 2026,84,33,16,1,1765,466,1667,564,1021,1210
28th Apr 26 2026,88,29,20,1,1776,455,1657,574,1018,1213
27th Apr 26 2026,249,13,20,1,1923,310,1725,508,1020,1213
24th Apr 26 2026,39,104,21,3,1696,533,1546,683,914,1315
23rd Apr 26 2026,97,39,32,2,1944,287,1755,476,1008,1223
22nd Apr 26 2026,136,23,29,2,2033,196,1861,368,1040,1189
21st Apr 26 2026,117,21,42,3,2030,135,1814,351,966,1199
20th Apr 26 2026,75,47,44,2,2033,129,1768,394,906,1256
17th Apr 26 2026,180,8,74,0,2071,81,1842,310,938,1214
16th Apr 26 2026,131,11,57,0,2033,119,1731,421,847,1305
15th Apr 26 2026,373,6,121,0,2036,115,1656,495,802,1349
13th Apr 26 2026,98,35,85,1,1870,283,1263,890,667,1486
10th Apr 26 2026,232,6,123,1,1939,211,1340,810,666,1484
9th Apr 26 2026,92,28,100,0,1809,343,1010,1142,573,1579
8th Apr 26 2026,890,13,399,0,1893,259,1028,1124,562,1590
7th Apr 26 2026,122,11,56,2,1090,1062,528,1624,436,1716
6th Apr 26 2026,211,11,22,2,936,1215,456,1695,423,1728
2nd Apr 26 2026,180,23,15,3,644,1504,372,1776,381,1767
1st Apr 26 2026,1128,7,10,3,481,1666,332,1815,387,1760
30th Mar 26 2026,30,739,4,37,199,1947,211,1935,316,1830
27th Mar 26 2026,33,634,7,10,292,1851,254,1889,366,1777
25th Mar 26 2026,216,17,6,6,485,1658,330,1813,399,1744
24th Mar 26 2026,298,26,8,7,273,1869,247,1895,354,1788
23rd Mar 26 2026,6,969,6,3,147,1994,169,1972,300,1841
20th Mar 26 2026,98,25,16,3,368,1772,325,1815,403,1737
19th Mar 26 2026,17,299,7,2,263,1876,249,1890,383,1756
18th Mar 26 2026,327,6,6,2,500,1639,390,1749,452,1687
17th Mar 26 2026,95,15,5,6,258,1881,297,1842,407,1732
16th Mar 26 2026,39,115,5,4,185,1954,249,1890,381,1758
13th Mar 26 2026,18,378,8,6,218,1920,293,1845,387,1751
12th Mar 26 2026,60,44,11,5,431,1704,419,1716,453,1682
11th Mar 26 2026,79,51,8,4,433,1703,425,1711,469,1667
10th Mar 26 2026,277,14,8,5,439,1696,436,1700,480,1656
9th Mar 26 2026,25,284,4,11,271,1863,332,1803,415,1720
6th Mar 26 2026,61,40,3,5,391,1741,452,1681,503,1630
5th Mar 26 2026,106,21,8,1,399,1730,468,1662,512,1618
4th Mar 26 2026,47,262,6,3,291,1838,401,1729,470,1660
2nd Mar 26 2026,60,251,4,3,442,1685,488,1640,564,1564
27th Feb 26 2026,40,55,8,1,682,1443,680,1446,668,1458
26th Feb 26 2026,66,21,8,5,824,1301,757,1369,703,1423
25th Feb 26 2026,50,38,5,4,780,1343,741,1383,696,1428
24th Feb 26 2026,22,94,8,3,699,1424,673,1451,686,1438
23rd Feb 26 2026,62,46,5,2,857,1267,785,1340,717,1408
20th Feb 26 2026,47,31,8,4,829,1293,769,1354,708,1415
19th Feb 26 2026,35,54,8,4,799,1321,755,1366,708,1413
18th Feb 26 2026,71,18,5,4,1087,1032,920,1200,769,1351
17th Feb 26 2026,111,17,8,2,1018,1099,858,1260,746,1372
16th Feb 26 2026,54,100,11,2,914,1200,767,1348,721,1394
13th Feb 26 2026,32,163,19,0,945,1168,780,1334,718,1396
12th Feb 26 2026,62,101,26,0,1291,822,1010,1104,783,1330
11th Feb 26 2026,91,64,13,1,1469,643,1101,1012,810,1303
10th Feb 26 2026,134,35,28,0,1554,557,1138,974,811,1301
9th Feb 26 2026,388,20,50,1,1489,624,1055,1059,798,1316
6th Feb 26 2026,60,74,28,3,1103,1009,763,1350,681,1432
5th Feb 26 2026,52,90,32,6,1142,969,774,1338,688,1424
4th Feb 26 2026,232,56,44,18,1333,779,836,1277,723,1390
3rd Feb 26 2026,523,11,27,18,1133,980,741,1372,706,1407
2nd Feb 26 2026,77,67,16,19,451,1662,373,1740,533,1580
1st Feb 26 2026,57,235,8,4,430,1683,358,1755,492,1621
30th Jan 26 2026,167,99,14,6,664,1447,495,1616,601,1510
29th Jan 26 2026,137,57,23,5,535,1576,431,1680,571,1540
28th Jan 26 2026,351,20,12,5,539,1571,428,1682,559,1551
27th Jan 26 2026,97,73,4,10,305,1808,319,1794,483,1630
23rd Jan 26 2026,57,209,2,6,272,1837,295,1814,479,1630
22nd Jan 26 2026,183,54,2,4,359,1751,371,1739,547,1563
21st Jan 26 2026,56,140,20,2,227,1882,290,1819,487,1622
20th Jan 26 2026,29,371,24,1,252,1856,314,1794,522,1586
19th Jan 26 2026,42,89,27,1,451,1658,475,1634,626,1483
16th Jan 26 2026,68,31,25,2,529,1575,534,1570,675,1429
14th Jan 26 2026,78,19,6,1,520,1584,551,1553,688,1416
13th Jan 26 2026,70,17,3,1,484,1620,523,1581,675,1429
12th Jan 26 2026,59,73,4,4,421,1686,501,1606,665,1442
9th Jan 26 2026,15,98,3,4,425,1677,533,1569,686,1416
8th Jan 26 2026,13,135,6,4,661,1442,692,1411,770,1333
7th Jan 26 2026,67,17,13,3,1049,1054,906,1197,855,1248
6th Jan 26 2026,43,27,15,1,1012,1090,869,1233,841,1261
5th Jan 26 2026,63,38,14,1,1128,976,929,1175,865,1239
2nd Jan 26 2026,99,11,11,1,1298,802,947,1153,867,1233
1st Jan 26 2026,63,17,9,2,1062,1039,820,1281,814,1287
31st Dec 25 2025,84,16,8,2,1033,1066,800,1299,811,1288
30th Dec 25 2025,55,32,9,1,763,1334,682,1415,760,1337
29th Dec 25 2025,45,45,13,0,748,1353,714,1387,768,1333
26th Dec 25 2025,64,20,19,0,922,1176,762,1336,796,1302
24th Dec 25 2025,57,15,14,0,1073,1024,798,1299,813,1284
23rd Dec 25 2025,67,17,9,2,1120,976,804,1292,818,1278
22nd Dec 25 2025,116,15,9,1,1004,1094,747,1351,803,1295
19th Dec 25 2025,91,17,10,0,697,1396,638,1455,762,1331
18th Dec 25 2025,40,31,11,0,489,1603,533,1559,717,1375
17th Dec 25 2025,31,49,13,0,489,1602,564,1527,726,1365
16th Dec 25 2025,36,32,14,0,616,1475,613,1478,758,1333
15th Dec 25 2025,78,19,16,1,741,1348,668,1421,781,1308
12th Dec 25 2025,99,11,9,3,689,1395,648,1437,764,1321
11th Dec 25 2025,72,14,7,5,504,1580,559,1525,729,1356
10th Dec 25 2025,55,27,9,3,386,1694,479,1601,713,1368
9th Dec 25 2025,128,15,2,3,424,1655,512,1567,715,1365
8th Dec 25 2025,19,236,4,3,320,1760,462,1618,689,1392
5th Dec 25 2025,31,38,4,3,535,1542,617,1460,784,1294
4th Dec 25 2025,29,26,3,4,531,1546,635,1442,791,1287
3rd Dec 25 2025,17,37,1,3,538,1538,635,1441,808,1269
2nd Dec 25 2025,28,30,5,2,643,1433,706,1370,829,1248
1st Dec 25 2025,64,34,7,2,723,1355,736,1343,856,1223
28th Nov 25 2025,54,18,4,2,747,1325,753,1320,858,1215
27th Nov 25 2025,53,17,4,3,730,1339,742,1328,851,1219
26th Nov 25 2025,79,13,5,2,729,1339,743,1326,864,1205
25th Nov 25 2025,70,13,6,3,545,1522,635,1434,812,1257
24th Nov 25 2025,35,132,6,6,509,1562,615,1457,792,1280
21st Nov 25 2025,31,34,5,4,600,1464,688,1378,849,1217
20th Nov 25 2025,40,23,9,4,752,1311,812,1252,883,1181
19th Nov 25 2025,41,38,7,3,779,1282,815,1247,903,1159
18th Nov 25 2025,37,34,12,4,764,1295,825,1235,904,1156
17th Nov 25 2025,96,46,12,3,935,1129,901,1164,946,1119
14th Nov 25 2025,77,42,13,3,865,1191,869,1188,924,1133
13th Nov 25 2025,71,48,13,4,846,1208,860,1195,951,1104
12th Nov 25 2025,105,30,9,4,881,1171,897,1156,960,1093
11th Nov 25 2025,69,54,9,7,740,1313,807,1247,916,1138
10th Nov 25 2025,85,89,12,6,741,1314,807,1249,919,1137
7th Nov 25 2025,72,39,13,2,658,1392,798,1252,916,1134
6th Nov 25 2025,45,142,15,2,601,1448,799,1250,907,1142
4th Nov 25 2025,43,28,17,0,866,1182,956,1092,1004,1044
3rd Nov 25 2025,101,34,19,1,1082,970,1067,985,1048,1004
31st Oct 25 2025,44,31,12,1,960,1085,995,1050,1017,1028
30th Oct 25 2025,54,25,10,1,1111,934,1077,968,1045,1000
29th Oct 25 2025,86,26,11,0,1144,900,1080,964,1054,990
28th Oct 25 2025,60,31,12,1,986,1062,979,1069,1014,1034
27th Oct 25 2025,78,34,19,1,1008,1045,990,1063,1033,1020
24th Oct 25 2025,49,22,18,2,964,1083,957,1090,999,1048
23rd Oct 25 2025,79,45,20,2,1051,996,999,1048,1024,1023
21st Oct 25 2025,56,1,23,0,1098,947,1010,1035,1031,1014
20th Oct 25 2025,95,38,14,1,920,1132,899,1153,986,1066
17th Oct 25 2025,43,40,11,1,831,1213,847,1197,951,1093
16th Oct 25 2025,76,32,14,2,920,1121,904,1137,983,1058
15th Oct 25 2025,88,28,12,2,816,1225,860,1181,951,1090
14th Oct 25 2025,41,61,23,3,664,1375,768,1271,912,1127
13th Oct 25 2025,54,38,15,4,844,1198,889,1153,975,1067
10th Oct 25 2025,81,23,18,3,989,1046,956,1079,1013,1022
9th Oct 25 2025,88,34,29,5,891,1147,909,1129,991,1047
8th Oct 25 2025,73,26,28,2,801,1234,857,1178,974,1061
7th Oct 25 2025,58,33,23,1,890,1143,916,1117,995,1038
6th Oct 25 2025,82,33,18,1,923,1111,929,1105,997,1037
3rd Oct 25 2025,124,12,11,1,898,1130,914,1114,1010,1019
1st Oct 25 2025,124,8,11,1,678,1346,775,1249,954,1071
30th Sep 25 2025,37,29,8,2,476,1542,611,1407,876,1143
29th Sep 25 2025,64,60,14,3,448,1573,620,1401,872,1150
26th Sep 25 2025,15,107,18,1,445,1567,612,1400,879,1134
25th Sep 25 2025,37,31,21,1,734,1277,875,1136,998,1014
24th Sep 25 2025,52,28,19,2,924,1086,1040,970,1059,952
23rd Sep 25 2025,68,24,20,2,1092,917,1140,869,1103,907
22nd Sep 25 2025,79,37,23,2,1193,821,1184,831,1140,875
19th Sep 25 2025,68,19,19,1,1377,631,1281,729,1165,845
18th Sep 25 2025,54,19,19,1,1420,587,1290,718,1155,853
17th Sep 25 2025,72,18,23,1,1436,568,1282,723,1154,851
16th Sep 25 2025,77,12,18,1,1372,632,1227,778,1127,878
15th Sep 25 2025,85,18,16,0,1292,716,1110,899,1077,932
12th Sep 25 2025,53,12,18,1,1197,806,1060,944,1042,962
11th Sep 25 2025,53,21,25,1,1202,801,1049,955,1028,976
10th Sep 25 2025,90,18,18,0,1186,817,1036,968,1031,973
9th Sep 25 2025,66,28,25,0,1004,998,899,1104,976,1027
8th Sep 25 2025,123,19,32,1,990,1016,885,1122,983,1024
5th Sep 25 2025,86,14,26,1,890,1112,848,1155,944,1059
4th Sep 25 2025,51,26,19,2,930,1071,846,1156,965,1037
3rd Sep 25 2025,108,11,15,0,1030,970,898,1103,977,1024
2nd Sep 25 2025,118,21,11,0,863,1135,777,1224,935,1066
1st Sep 25 2025,126,15,12,1,721,1281,698,1305,899,1104
29th Aug 25 2025,50,21,8,1,507,1490,567,1431,812,1186
28th Aug 25 2025,30,58,6,1,519,1478,585,1413,833,1165
26th Aug 25 2025,26,58,11,2,620,1372,674,1319,893,1100
25th Aug 25 2025,69,35,23,0,926,1069,878,1118,986,1010
22nd Aug 25 2025,49,16,21,0,903,1088,882,1110,972,1020
21st Aug 25 2025,58,18,21,0,1010,982,944,1049,990,1003
20th Aug 25 2025,104,10,21,1,991,998,933,1057,985,1005
19th Aug 25 2025,127,16,18,1,934,1054,884,1105,978,1011
18th Aug 25 2025,147,29,16,1,767,1224,792,1200,934,1058
14th Aug 25 2025,46,72,13,3,535,1450,631,1354,867,1119
13th Aug 25 2025,110,47,9,5,584,1400,667,1317,901,1084
12th Aug 25 2025,74,49,4,5,488,1496,606,1379,873,1112
11th Aug 25 2025,81,62,5,3,429,1555,592,1393,859,1126
8th Aug 25 2025,47,73,7,4,361,1624,535,1450,829,1156
7th Aug 25 2025,54,52,7,5,435,1550,626,1359,913,1072
6th Aug 25 2025,38,73,7,5,448,1535,628,1355,924,1059
5th Aug 25 2025,43,39,8,5,558,1423,721,1260,983,998
7th Aug 26 2026,84,73,36,4,1367,868,1420,815,1359,876
6th Aug 26 2026,101,47,43,4,1434,810,1440,805,1354,891
5th Aug 26 2026,124,37,32,4,1454,790,1441,804,1357,888
4th Aug 26 2026,108,40,30,3,1332,912,1355,890,1322,924
3rd Aug 26 2026,203,29,20,5,1371,873,1372,873,1327,919
31st Jul 26 2026,121,31,17,5,1058,1184,1203,1040,1240,1004
30th Jul 26 2026,41,62,12,7,927,1316,1143,1101,1213,1032
29th Jul 26 2026,105,39,11,4,1034,1209,1223,1021,1228,1017
28th Jul 26 2026,46,88,10,4,879,1364,1125,1119,1172,1073
27th Jul 26 2026,140,29,19,8,1074,1169,1231,1013,1219,1026
24th Jul 26 2026,69,32,16,8,758,1486,1090,1155,1194,1052
23rd Jul 26 2026,62,48,14,7,785,1459,1068,1177,1174,1072
22nd Jul 26 2026,48,68,14,4,955,1289,1215,1030,1210,1036
21st Jul 26 2026,98,22,12,4,1185,1060,1346,899,1279,967
20th Jul 26 2026,88,28,11,4,1150,1096,1348,898,1264,983
17th Jul 26 2026,30,61,8,3,1086,1160,1301,945,1247,1000
16th Jul 26 2026,60,32,14,2,1182,1065,1359,888,1255,993
15th Jul 26 2026,80,24,23,1,1236,1010,1391,855,1288,959
14th Jul 26 2026,49,38,17,3,1176,1069,1356,890,1269,978
13th Jul 26 2026,129,18,14,2,1402,845,1491,757,1301,948
10th Jul 26 2026,131,11,13,2,1344,902,1445,801,1279,968
9th Jul 26 2026,181,9,11,1,1051,1196,1281,966,1211,1037
8th Jul 26 2026,33,168,9,1,758,1489,1120,1127,1143,1105
7th Jul 26 2026,39,65,16,1,1266,981,1423,824,1282,966
6th Jul 26 2026,102,36,21,3,1401,847,1506,742,1319,930
3rd Jul 26 2026,87,35,18,2,1455,791,1533,713,1313,934
2nd Jul 26 2026,131,22,13,2,1477,773,1517,733,1285,966
1st Jul 26 2026,108,34,17,2,1332,916,1420,829,1235,1014
30th Jun 26 2026,112,22,10,2,1260,989,1373,877,1209,1041
29th Jun 26 2026,77,76,13,2,1145,1106,1339,913,1188,1064
25th Jun 26 2026,53,67,15,1,1326,923,1452,798,1221,1029
24th Jun 26 2026,84,37,17,1,1497,751,1520,729,1272,977
23rd Jun 26 2026,59,61,24,0,1510,739,1515,735,1243,1007
22nd Jun 26 2026,171,22,40,0,1703,546,1634,617,1307,944
19th Jun 26 2026,141,20,44,1,1620,630,1569,682,1233,1018
18th Jun 26 2026,123,19,57,1,1645,604,1563,687,1217,1033
17th Jun 26 2026,123,23,27,2,1595,654,1524,725,1195,1055
16th Jun 26 2026,114,21,12,1,1565,685,1480,771,1161,1090
15th Jun 26 2026,211,12,22,3,1500,749,1416,835,1143,1108
12th Jun 26 2026,344,9,11,2,1140,1110,1163,1088,1062,1189
11th Jun 26 2026,39,90,11,6,641,1607,859,1391,907,1343
10th Jun 26 2026,48,105,20,4,783,1465,972,1278,969,1281
9th Jun 26 2026,200,27,24,3,959,1290,1138,1113,1029,1222
8th Jun 26 2026,51,168,23,4,716,1533,920,1331,955,1296
5th Jun 26 2026,107,48,33,4,1013,1236,1195,1056,1042,1209
4th Jun 26 2026,139,27,35,4,1032,1218,1178,1074,1040,1212
3rd Jun 26 2026,81,56,35,5,932,1316,1170,1080,1013,1237
2nd Jun 26 2026,144,33,33,5,1011,1236,1222,1027,1033,1216
1st Jun 26 2026,97,173,37,4,894,1355,1148,1102,988,1263
29th May 26 2026,122,146,39,1,1134,1115,1293,957,1045,1205
27th May 26 2026,150,49,53,1,1386,863,1431,819,1119,1131
26th May 26 2026,117,44,50,1,1382,866,1428,821,1098,1151
25th May 26 2026,191,36,50,2,1403,847,1446,804,1087,1163
22nd May 26 2026,87,48,23,2,1119,1129,1277,971,1006,1242
21st May 26 2026,133,28,23,2,1079,1168,1264,983,994,1253
20th May 26 2026,103,34,17,6,977,1271,1202,1046,957,1291
19th May 26 2026,145,27,12,6,914,1334,1189,1059,939,1309
18th May 26 2026,67,153,7,15,713,1536,1075,1174,881,1368
15th May 26 2026,67,94,7,12,956,1292,1296,952,962,1286
14th May 26 2026,79,50,5,7,1086,1162,1348,900,999,1249
13th May 26 2026,142,55,16,3,1031,1217,1349,899,987,1261
12th May 26 2026,32,513,14,2,912,1336,1309,939,944,1304
11th May 26 2026,75,145,36,4,1560,691,1671,580,1162,1089
8th May 26 2026,124,46,65,1,1888,359,1861,386,1260,987
7th May 26 2026,224,11,41,2,1985,263,1917,331,1254,994
6th May 26 2026,209,21,30,2,1932,316,1843,405,1176,1072
5th May 26 2026,109,38,22,3,1669,578,1635,612,1093,1154
4th May 26 2026,200,36,29,2,1752,498,1674,576,1068,1182
30th Apr 26 2026,54,52,13,1,1666,581,1591,656,1014,1233
29th Apr 26 2026,86,34,17,1,1781,467,1681,567,1029,1219
28th Apr 26 2026,91,30,20,1,1791,457,1672,576,1026,1222
27th Apr 26 2026,250,15,20,1,1938,312,1741,509,1028,1222
24th Apr 26 2026,39,106,22,3,1711,535,1559,687,921,1325
23rd Apr 26 2026,99,40,33,2,1962,286,1769,479,1015,1233
22nd Apr 26 2026,139,23,30,2,2050,196,1876,370,1049,1197
21st Apr 26 2026,118,22,42,3,2044,135,1825,354,971,1208
20th Apr 26 2026,77,47,45,2,2048,128,1779,397,911,1265
17th Apr 26 2026,181,8,76,0,2086,80,1854,312,941,1225
16th Apr 26 2026,134,11,61,0,2048,118,1744,422,851,1315
15th Apr 26 2026,379,6,124,0,2051,114,1669,496,805,1360
13th Apr 26 2026,101,35,89,1,1884,283,1275,892,668,1499
10th Apr 26 2026,238,6,127,1,1954,210,1352,812,668,1496
9th Apr 26 2026,97,29,104,0,1824,342,1018,1148,575,1591
8th Apr 26 2026,900,13,404,0,1907,258,1034,1131,563,1602
7th Apr 26 2026,127,11,56,2,1097,1068,531,1634,436,1729
6th Apr 26 2026,214,11,23,2,941,1224,461,1704,424,1741
2nd Apr 26 2026,184,24,15,3,650,1511,375,1786,381,1780
1st Apr 26 2026,1137,7,11,3,486,1674,335,1825,387,1773
30th Mar 26 2026,31,748,5,37,203,1957,213,1947,317,1843
27th Mar 26 2026,33,636,8,10,296,1860,254,1902,366,1790
25th Mar 26 2026,218,17,6,5,488,1668,331,1825,399,1757
24th Mar 26 2026,301,25,8,6,274,1881,247,1908,354,1801
23rd Mar 26 2026,7,976,6,3,148,2007,170,1985,301,1854
20th Mar 26 2026,98,26,16,3,369,1784,326,1827,403,1750
19th Mar 26 2026,19,302,7,2,265,1887,249,1903,383,1769
18th Mar 26 2026,329,6,6,2,502,1650,391,1761,452,1700
17th Mar 26 2026,97,16,5,6,259,1893,298,1854,407,1745
16th Mar 26 2026,41,118,5,4,187,1966,250,1903,382,1771
13th Mar 26 2026,18,381,8,6,218,1933,293,1858,387,1764
12th Mar 26 2026,60,46,11,5,432,1716,419,1729,453,1695
11th Mar 26 2026,78,52,8,4,434,1715,426,1723,469,1680
10th Mar 26 2026,277,13,8,5,441,1707,436,1713,480,1669
9th Mar 26 2026,25,285,4,11,273,1875,334,1815,416,1733
6th Mar 26 2026,62,41,3,5,393,1752,453,1693,503,1643
5th Mar 26 2026,110,21,8,1,402,1740,469,1674,512,1631
4th Mar 26 2026,48,263,6,3,291,1851,402,1741,470,1673
2nd Mar 26 2026,60,252,4,3,444,1697,491,1651,565,1577
27th Feb 26 2026,40,57,8,1,683,1455,682,1457,668,1471
26th Feb 26 2026,65,21,8,5,827,1311,759,1380,703,1436
25th Feb 26 2026,51,39,5,5,782,1354,741,1396,696,1441
24th Feb 26 2026,22,94,8,4,700,1436,673,1464,686,1451
23rd Feb 26 2026,62,47,5,2,858,1280,786,1353,718,1421
20th Feb 26 2026,47,31,8,5,829,1306,769,1367,708,1428
19th Feb 26 2026,35,56,8,6,799,1334,755,1379,708,1426
18th Feb 26 2026,72,19,5,5,1089,1044,922,1212,771,1363
17th Feb 26 2026,111,19,8,2,1021,1110,860,1272,747,1385
16th Feb 26 2026,54,102,11,2,917,1212,770,1360,723,1407
13th Feb 26 2026,33,166,19,0,949,1178,782,1346,719,1409
12th Feb 26 2026,62,102,26,0,1297,830,1015,1113,785,1342
11th Feb 26 2026,93,64,14,1,1476,650,1106,1021,812,1315
10th Feb 26 2026,137,35,29,0,1560,565,1141,985,813,1313
9th Feb 26 2026,391,21,51,1,1496,632,1060,1069,800,1329
6th Feb 26 2026,62,75,28,3,1109,1017,765,1362,681,1446
5th Feb 26 2026,55,91,32,6,1148,977,777,1349,689,1437
4th Feb 26 2026,236,56,44,18,1338,788,837,1290,723,1404
3rd Feb 26 2026,524,11,27,18,1135,992,742,1385,706,1421
2nd Feb 26 2026,78,68,16,19,453,1675,374,1754,534,1594
1st Feb 26 2026,57,236,8,4,431,1696,359,1768,492,1635
30th Jan 26 2026,167,100,14,6,664,1461,496,1629,601,1524
29th Jan 26 2026,138,61,24,5,535,1590,432,1693,571,1554
28th Jan 26 2026,354,21,12,5,540,1584,429,1695,559,1565
27th Jan 26 2026,99,73,4,10,307,1821,321,1807,484,1644
23rd Jan 26 2026,58,210,2,7,272,1851,295,1828,479,1644
22nd Jan 26 2026,183,55,2,5,359,1765,371,1753,547,1577
21st Jan 26 2026,57,142,20,3,228,1895,290,1833,487,1636
20th Jan 26 2026,29,377,24,1,252,1870,314,1808,522,1600
19th Jan 26 2026,42,92,27,1,452,1672,477,1647,628,1496
16th Jan 26 2026,68,31,25,2,531,1587,536,1582,676,1442
14th Jan 26 2026,79,19,6,1,522,1596,553,1565,689,1429
13th Jan 26 2026,70,17,3,1,488,1630,525,1593,676,1442
12th Jan 26 2026,60,73,4,4,426,1696,504,1618,667,1455
9th Jan 26 2026,15,100,3,4,428,1688,537,1579,687,1429
8th Jan 26 2026,14,136,6,4,666,1451,697,1420,772,1345
7th Jan 26 2026,68,17,13,3,1054,1063,911,1206,857,1260
6th Jan 26 2026,44,27,15,1,1018,1098,873,1243,844,1272
5th Jan 26 2026,65,38,14,1,1133,986,933,1186,869,1250
2nd Jan 26 2026,100,11,11,1,1304,810,950,1164,870,1244
1st Jan 26 2026,63,17,9,2,1067,1048,824,1291,816,1299
31st Dec 25 2025,84,16,8,2,1038,1075,802,1311,813,1300
30th Dec 25 2025,55,34,9,1,765,1346,684,1427,761,1350
29th Dec 25 2025,45,46,13,0,754,1361,716,1399,768,1347
26th Dec 25 2025,63,21,19,0,929,1183,766,1346,797,1315
24th Dec 25 2025,57,15,14,0,1082,1029,803,1308,814,1297
23rd Dec 25 2025,67,17,9,2,1127,983,807,1303,819,1291
22nd Dec 25 2025,117,14,9,1,1007,1105,750,1362,805,1307
19th Dec 25 2025,91,17,10,0,700,1408,639,1469,763,1345
18th Dec 25 2025,40,31,11,0,490,1617,535,1572,718,1389
17th Dec 25 2025,31,51,13,0,491,1615,565,1541,728,1378
16th Dec 25 2025,37,32,14,0,619,1487,615,1491,760,1346
15th Dec 25 2025,79,19,16,1,745,1359,672,1432,782,1322
12th Dec 25 2025,99,11,9,3,693,1406,651,1449,765,1335
11th Dec 25 2025,73,14,7,5,507,1592,561,1538,730,1370
10th Dec 25 2025,56,27,9,3,388,1707,480,1615,714,1382
9th Dec 25 2025,128,15,2,3,425,1669,513,1581,716,1379
8th Dec 25 2025,19,238,4,3,322,1774,464,1632,691,1406
5th Dec 25 2025,32,38,4,3,538,1554,621,1471,785,1308
4th Dec 25 2025,29,27,3,4,535,1557,639,1453,792,1301
3rd Dec 25 2025,17,37,1,3,541,1550,638,1453,809,1283
2nd Dec 25 2025,28,31,6,2,646,1445,709,1382,830,1262
1st Dec 25 2025,65,36,8,2,729,1365,743,1352,859,1236
28th Nov 25 2025,58,18,5,2,750,1337,758,1330,861,1227
27th Nov 25 2025,57,17,5,3,736,1348,748,1337,854,1231
26th Nov 25 2025,81,13,6,2,736,1347,749,1335,866,1218
25th Nov 25 2025,70,13,6,3,548,1534,638,1446,813,1271
24th Nov 25 2025,35,134,6,6,512,1575,618,1470,795,1293
21st Nov 25 2025,32,35,5,4,601,1478,690,1391,851,1230
20th Nov 25 2025,39,23,9,4,754,1324,815,1264,886,1193
19th Nov 25 2025,42,39,7,3,783,1293,821,1256,906,1171
18th Nov 25 2025,37,35,12,4,767,1307,828,1247,907,1168
17th Nov 25 2025,97,49,12,3,940,1139,906,1174,949,1131
14th Nov 25 2025,78,42,13,3,869,1201,871,1200,926,1145
13th Nov 25 2025,72,48,13,4,848,1220,863,1206,953,1116
12th Nov 25 2025,105,30,9,4,883,1183,899,1168,961,1106
11th Nov 25 2025,69,54,9,8,741,1326,809,1259,918,1150
10th Nov 25 2025,86,90,12,7,744,1326,812,1259,922,1149
7th Nov 25 2025,72,40,13,2,661,1403,802,1262,918,1146
6th Nov 25 2025,46,143,15,2,603,1460,801,1262,908,1155
4th Nov 25 2025,43,28,17,0,870,1192,958,1104,1006,1056
3rd Nov 25 2025,101,34,19,1,1089,978,1073,994,1051,1016
31st Oct 25 2025,44,31,12,1,965,1094,1000,1059,1019,1040
30th Oct 25 2025,55,25,10,1,1117,942,1082,977,1047,1012
29th Oct 25 2025,87,26,11,0,1150,908,1085,973,1056,1002
28th Oct 25 2025,61,31,12,1,994,1068,984,1078,1016,1046
27th Oct 25 2025,80,34,19,1,1017,1051,997,1071,1036,1032
24th Oct 25 2025,50,23,18,2,971,1090,963,1098,1001,1060
23rd Oct 25 2025,79,45,20,2,1056,1005,1004,1057,1026,1035
21st Oct 25 2025,57,1,23,0,1105,954,1012,1047,1033,1026
20th Oct 25 2025,96,37,14,1,926,1141,904,1163,989,1078
17th Oct 25 2025,43,40,11,1,836,1222,849,1209,953,1105
16th Oct 25 2025,76,32,14,2,924,1131,908,1147,985,1070
15th Oct 25 2025,89,28,12,2,819,1236,863,1192,952,1103
14th Oct 25 2025,42,62,23,3,666,1387,771,1282,913,1140
13th Oct 25 2025,54,38,15,4,850,1207,894,1163,978,1079
10th Oct 25 2025,82,23,18,3,993,1056,960,1089,1015,1034
9th Oct 25 2025,89,35,29,5,895,1157,912,1140,993,1059
8th Oct 25 2025,73,26,28,2,805,1244,860,1189,976,1073
7th Oct 25 2025,58,34,23,1,894,1153,920,1127,997,1050
6th Oct 25 2025,83,33,19,1,929,1120,934,1115,1000,1049
3rd Oct 25 2025,124,13,11,1,905,1137,919,1123,1012,1031
1st Oct 25 2025,124,9,11,1,682,1356,779,1259,955,1084
30th Sep 25 2025,38,30,8,2,479,1553,613,1419,877,1156
29th Sep 25 2025,64,59,15,3,452,1584,623,1413,874,1163
26th Sep 25 2025,15,110,18,1,446,1580,614,1412,880,1147
25th Sep 25 2025,38,32,21,1,742,1283,882,1143,1001,1025
24th Sep 25 2025,53,28,19,2,930,1094,1045,979,1061,964
23rd Sep 25 2025,70,25,21,2,1099,924,1144,879,1105,919
22nd Sep 25 2025,83,37,25,2,1201,828,1190,840,1143,887
19th Sep 25 2025,70,19,20,1,1385,637,1287,737,1167,857
18th Sep 25 2025,55,19,20,1,1427,594,1294,728,1156,866
17th Sep 25 2025,73,18,24,1,1440,578,1286,733,1155,864
16th Sep 25 2025,78,12,18,1,1378,640,1233,786,1128,891
15th Sep 25 2025,87,18,16,0,1300,723,1116,908,1080,944
12th Sep 25 2025,56,12,18,1,1203,815,1065,954,1045,974
11th Sep 25 2025,54,21,25,1,1209,809,1054,965,1031,988
10th Sep 25 2025,93,18,18,0,1193,825,1041,978,1034,985
9th Sep 25 2025,67,28,25,0,1010,1007,902,1116,978,1040
8th Sep 25 2025,124,19,32,1,997,1024,890,1132,985,1037
5th Sep 25 2025,87,14,26,1,894,1123,853,1165,947,1071
4th Sep 25 2025,51,26,19,2,936,1080,851,1166,967,1050
3rd Sep 25 2025,112,11,16,0,1039,976,904,1112,979,1037
2nd Sep 25 2025,120,21,11,0,866,1147,780,1236,937,1079
1st Sep 25 2025,128,16,12,1,725,1292,701,1317,901,1117
29th Aug 25 2025,51,22,8,1,509,1503,569,1444,814,1199
28th Aug 25 2025,30,59,6,1,520,1492,586,1427,834,1179
26th Aug 25 2025,27,60,11,3,622,1385,677,1331,895,1113
25th Aug 25 2025,69,35,23,0,930,1080,882,1129,988,1023
22nd Aug 25 2025,51,16,21,0,907,1099,886,1121,974,1033
21st Aug 25 2025,60,19,21,0,1014,993,947,1061,991,1017
20th Aug 25 2025,104,10,21,1,992,1012,936,1069,986,1019
19th Aug 25 2025,128,16,18,1,936,1067,887,1117,979,1025
18th Aug 25 2025,148,29,17,1,770,1236,795,1212,935,1072
14th Aug 25 2025,47,72,14,4,536,1464,634,1366,868,1133
13th Aug 25 2025,111,48,9,5,588,1411,670,1329,903,1097
12th Aug 25 2025,76,50,4,6,491,1508,608,1392,875,1125
11th Aug 25 2025,84,65,5,3,432,1567,594,1406,862,1138
8th Aug 25 2025,48,75,7,4,362,1638,538,1462,831,1169
7th Aug 25 2025,55,52,7,5,437,1563,628,1372,915,1085
6th Aug 25 2025,39,73,7,5,450,1548,631,1367,926,1072
5th Aug 25 2025,43,40,8,5,560,1436,723,1273,985,1011
4th Aug 25 2025,93,48,12,4,570,1427,771,1226,1007,990
1st Aug 25 2025,33,116,9,0,434,1559,700,1293,965,1028
31st Jul 25 2025,54,46,9,1,574,1416,855,1135,1060,930
5th Aug 26 2026,124,36,33,4,1434,796,1426,805,1349,882
4th Aug 26 2026,108,40,30,3,1332,906,1354,885,1321,919
3rd Aug 26 2026,203,29,20,5,1370,868,1370,869,1326,914
31st Jul 26 2026,121,31,17,5,1056,1180,1203,1034,1239,999
30th Jul 26 2026,41,62,12,7,928,1309,1143,1095,1211,1028
29th Jul 26 2026,105,39,11,4,1034,1203,1223,1015,1227,1012
28th Jul 26 2026,46,88,10,4,878,1359,1125,1113,1171,1068
27th Jul 26 2026,140,29,19,8,1074,1163,1231,1007,1218,1021
24th Jul 26 2026,69,32,16,8,757,1481,1089,1150,1193,1047
23rd Jul 26 2026,61,47,14,7,784,1454,1067,1172,1172,1068
22nd Jul 26 2026,48,68,14,4,953,1285,1213,1026,1208,1032
21st Jul 26 2026,97,22,12,4,1184,1055,1344,895,1277,963
20th Jul 26 2026,88,28,11,4,1149,1091,1347,893,1263,978
17th Jul 26 2026,30,61,8,3,1083,1157,1300,940,1246,995
16th Jul 26 2026,60,32,14,2,1181,1060,1358,883,1253,989
15th Jul 26 2026,80,24,23,1,1235,1005,1390,850,1287,954
14th Jul 26 2026,49,39,17,3,1174,1065,1355,885,1268,973
13th Jul 26 2026,128,17,14,2,1400,841,1490,752,1300,943
10th Jul 26 2026,129,11,13,2,1341,899,1443,797,1277,964
9th Jul 26 2026,181,9,11,1,1050,1191,1279,962,1210,1032
8th Jul 26 2026,33,168,9,1,757,1484,1119,1122,1141,1101
7th Jul 26 2026,39,65,16,1,1264,977,1420,821,1280,962
6th Jul 26 2026,102,36,21,3,1398,844,1501,741,1317,926
3rd Jul 26 2026,86,35,18,2,1452,788,1531,709,1311,930
2nd Jul 26 2026,130,22,13,2,1476,768,1516,728,1283,962
1st Jul 26 2026,108,34,17,2,1329,914,1417,827,1235,1009
30th Jun 26 2026,111,22,10,2,1258,985,1372,872,1208,1036
29th Jun 26 2026,77,76,13,2,1144,1101,1338,908,1188,1058
25th Jun 26 2026,53,66,15,1,1324,919,1450,794,1220,1024
24th Jun 26 2026,84,37,17,1,1494,748,1518,725,1271,972
23rd Jun 26 2026,60,61,24,0,1508,735,1514,730,1242,1002
22nd Jun 26 2026,170,22,39,0,1703,540,1632,613,1307,938
19th Jun 26 2026,140,19,44,1,1619,625,1567,678,1232,1013
18th Jun 26 2026,122,19,57,1,1644,599,1562,682,1216,1028
17th Jun 26 2026,121,23,27,2,1593,650,1522,721,1194,1050
16th Jun 26 2026,112,21,12,1,1562,682,1478,767,1160,1085
15th Jun 26 2026,210,11,22,3,1499,744,1414,831,1142,1103
12th Jun 26 2026,345,9,11,2,1139,1105,1160,1085,1061,1184
11th Jun 26 2026,39,90,11,6,640,1603,859,1386,907,1338
10th Jun 26 2026,48,105,20,4,781,1461,970,1274,968,1276
9th Jun 26 2026,199,27,24,3,957,1286,1136,1109,1028,1217
8th Jun 26 2026,51,168,23,4,714,1529,918,1327,954,1291
5th Jun 26 2026,106,48,33,4,1009,1234,1191,1054,1041,1204
4th Jun 26 2026,139,26,35,4,1031,1213,1176,1070,1040,1206
3rd Jun 26 2026,81,56,35,5,930,1312,1167,1077,1012,1232
2nd Jun 26 2026,143,32,33,5,1010,1231,1221,1022,1033,1210
1st Jun 26 2026,96,172,37,4,893,1350,1146,1098,989,1256
29th May 26 2026,121,146,39,1,1132,1111,1289,955,1044,1200
27th May 26 2026,150,49,53,1,1384,859,1428,816,1118,1126
26th May 26 2026,116,44,50,1,1381,861,1426,817,1097,1146
25th May 26 2026,190,36,50,2,1404,840,1443,801,1086,1158
22nd May 26 2026,87,47,23,2,1120,1122,1274,968,1006,1236
21st May 26 2026,134,28,23,2,1077,1164,1260,981,993,1248
20th May 26 2026,104,33,17,6,975,1267,1197,1045,955,1287
19th May 26 2026,144,27,12,6,912,1330,1185,1057,938,1304
18th May 26 2026,67,151,7,15,713,1530,1073,1170,880,1363
15th May 26 2026,67,92,7,12,955,1287,1291,951,961,1281
14th May 26 2026,78,50,5,7,1083,1159,1343,899,998,1244
13th May 26 2026,142,55,16,3,1030,1212,1344,898,986,1256
12th May 26 2026,32,510,14,2,911,1331,1306,936,943,1299
11th May 26 2026,75,143,36,4,1554,691,1664,581,1159,1086
8th May 26 2026,124,45,65,1,1881,360,1855,386,1256,985
7th May 26 2026,223,11,41,2,1979,263,1910,332,1250,992
6th May 26 2026,206,21,30,2,1926,316,1836,406,1172,1070
5th May 26 2026,108,38,22,3,1663,578,1631,610,1089,1152
4th May 26 2026,200,35,29,2,1748,496,1669,575,1066,1178
30th Apr 26 2026,53,51,13,1,1661,580,1586,655,1012,1229
29th Apr 26 2026,87,33,17,1,1775,467,1675,567,1027,1215
28th Apr 26 2026,91,29,19,1,1785,457,1666,576,1024,1218
27th Apr 26 2026,249,13,20,1,1932,312,1735,509,1025,1219
24th Apr 26 2026,39,105,21,3,1706,534,1554,686,919,1321
23rd Apr 26 2026,97,40,32,2,1956,286,1763,479,1013,1229
22nd Apr 26 2026,137,23,29,2,2044,196,1870,370,1047,1193
21st Apr 26 2026,117,22,41,3,2040,135,1822,353,971,1204
20th Apr 26 2026,76,46,43,2,2044,128,1775,397,912,1260
17th Apr 26 2026,179,8,74,0,2082,80,1851,311,943,1219
16th Apr 26 2026,132,11,59,0,2045,117,1741,421,852,1310
15th Apr 26 2026,377,6,122,0,2048,113,1666,495,805,1356
13th Apr 26 2026,99,35,87,1,1881,282,1273,890,668,1495
10th Apr 26 2026,237,6,126,1,1950,210,1349,811,668,1492
9th Apr 26 2026,96,28,101,0,1820,342,1015,1147,575,1587
8th Apr 26 2026,900,13,402,0,1904,258,1033,1129,564,1598
7th Apr 26 2026,124,11,55,2,1094,1068,531,1631,435,1727
6th Apr 26 2026,213,12,22,2,938,1223,460,1701,423,1738
2nd Apr 26 2026,181,24,15,3,650,1508,375,1783,381,1777
1st Apr 26 2026,1135,7,11,3,488,1669,336,1821,387,1770
30th Mar 26 2026,32,745,5,36,203,1953,213,1943,317,1839
27th Mar 26 2026,33,635,8,10,296,1857,254,1899,366,1787
25th Mar 26 2026,217,17,6,5,487,1666,331,1822,399,1754
24th Mar 26 2026,300,25,8,6,274,1878,247,1905,354,1798
23rd Mar 26 2026,6,975,6,3,147,2004,169,1982,300,1851
20th Mar 26 2026,98,26,16,3,370,1780,326,1824,403,1747
19th Mar 26 2026,19,300,7,2,266,1883,249,1900,383,1766
18th Mar 26 2026,328,6,6,2,503,1646,392,1757,452,1697
17th Mar 26 2026,98,16,5,6,260,1889,298,1851,407,1742
16th Mar 26 2026,40,118,5,4,186,1963,249,1900,381,1768
13th Mar 26 2026,18,381,8,6,219,1929,293,1855,387,1761
12th Mar 26 2026,60,46,11,5,433,1712,420,1725,453,1692
11th Mar 26 2026,78,51,8,4,435,1711,427,1719,469,1677
10th Mar 26 2026,277,13,8,5,442,1703,437,1709,480,1666
9th Mar 26 2026,25,284,4,11,272,1872,333,1812,415,1730
6th Mar 26 2026,62,41,3,5,393,1749,453,1690,502,1641
5th Mar 26 2026,110,21,8,1,402,1737,469,1671,511,1629
4th Mar 26 2026,48,263,6,3,291,1848,402,1738,470,1670
2nd Mar 26 2026,60,252,4,3,443,1694,490,1648,563,1575
27th Feb 26 2026,40,56,8,1,683,1452,682,1454,667,1469
26th Feb 26 2026,65,21,8,5,825,1310,758,1378,702,1434
25th Feb 26 2026,51,39,5,5,781,1352,740,1394,695,1439
24th Feb 26 2026,22,93,8,4,699,1434,672,1462,685,1449
23rd Feb 26 2026,63,47,5,2,856,1278,784,1351,716,1419
20th Feb 26 2026,47,31,8,5,826,1306,767,1366,707,1426
19th Feb 26 2026,35,56,8,6,798,1332,754,1377,707,1424
18th Feb 26 2026,72,19,5,5,1088,1042,922,1209,770,1361
17th Feb 26 2026,110,18,8,2,1022,1106,861,1268,746,1383
16th Feb 26 2026,54,102,11,2,915,1210,770,1356,721,1405
13th Feb 26 2026,32,166,19,0,947,1177,782,1343,719,1406
12th Feb 26 2026,62,102,26,0,1296,828,1015,1110,785,1339
11th Feb 26 2026,93,64,14,1,1475,648,1106,1018,812,1312
10th Feb 26 2026,138,35,29,0,1561,561,1142,981,813,1310
9th Feb 26 2026,392,21,51,1,1497,627,1060,1065,799,1326
6th Feb 26 2026,60,75,28,3,1109,1014,764,1360,680,1444
5th Feb 26 2026,54,90,32,6,1148,974,776,1347,688,1435
4th Feb 26 2026,234,56,44,18,1338,785,838,1286,722,1402
3rd Feb 26 2026,525,11,27,18,1136,988,743,1381,705,1419
2nd Feb 26 2026,77,67,16,19,453,1671,373,1751,532,1592
1st Feb 26 2026,57,236,8,4,432,1692,359,1765,491,1633
30th Jan 26 2026,168,100,14,6,666,1456,497,1625,600,1522
29th Jan 26 2026,139,59,24,5,536,1586,431,1691,570,1552
28th Jan 26 2026,353,21,12,5,541,1580,429,1692,558,1563
27th Jan 26 2026,99,73,4,10,306,1818,320,1804,482,1642
23rd Jan 26 2026,58,210,2,7,272,1848,295,1825,478,1642
22nd Jan 26 2026,183,55,2,5,359,1762,371,1750,546,1575
21st Jan 26 2026,57,141,20,3,228,1892,290,1830,486,1634
20th Jan 26 2026,29,378,24,1,252,1867,314,1805,521,1598
19th Jan 26 2026,42,91,27,1,451,1669,475,1645,626,1494
16th Jan 26 2026,68,30,25,2,531,1584,536,1579,675,1440
14th Jan 26 2026,79,19,6,1,522,1593,552,1563,688,1427
13th Jan 26 2026,70,17,3,1,488,1627,524,1591,675,1440
12th Jan 26 2026,59,73,4,4,424,1694,502,1616,666,1452
9th Jan 26 2026,15,100,3,4,428,1685,537,1576,687,1426
8th Jan 26 2026,14,136,6,4,666,1448,696,1418,772,1342
7th Jan 26 2026,68,17,13,3,1055,1059,910,1204,857,1257
6th Jan 26 2026,44,27,15,1,1018,1095,872,1241,844,1269
5th Jan 26 2026,64,38,14,1,1130,985,931,1184,868,1247
2nd Jan 26 2026,100,10,11,1,1304,807,950,1161,870,1241
1st Jan 26 2026,63,17,9,2,1064,1048,823,1289,816,1296
31st Dec 25 2025,84,16,8,2,1035,1075,801,1309,813,1297
30th Dec 25 2025,55,34,9,1,764,1344,683,1425,761,1347
29th Dec 25 2025,45,45,13,0,753,1359,715,1397,768,1344
26th Dec 25 2025,63,21,19,0,928,1181,765,1344,797,1312
24th Dec 25 2025,56,15,14,0,1081,1027,801,1307,814,1294
23rd Dec 25 2025,66,17,9,2,1127,980,806,1301,819,1288
22nd Dec 25 2025,117,14,9,1,1006,1103,749,1360,805,1304
19th Dec 25 2025,91,17,10,0,699,1406,638,1467,763,1342
18th Dec 25 2025,40,31,11,0,489,1615,534,1570,718,1386
17th Dec 25 2025,30,50,13,0,489,1614,564,1539,728,1375
16th Dec 25 2025,37,32,14,0,617,1486,614,1489,760,1343
15th Dec 25 2025,79,18,16,1,743,1358,671,1430,782,1319
12th Dec 25 2025,98,11,9,3,691,1405,650,1447,765,1332
11th Dec 25 2025,72,14,7,5,505,1591,559,1537,730,1367
10th Dec 25 2025,55,27,9,3,386,1706,479,1613,714,1379
9th Dec 25 2025,128,14,2,3,424,1667,513,1578,716,1376
8th Dec 25 2025,19,238,4,3,320,1772,462,1630,690,1403
5th Dec 25 2025,33,38,3,3,538,1551,621,1468,785,1305
4th Dec 25 2025,28,27,2,4,535,1554,639,1450,792,1298
3rd Dec 25 2025,17,37,1,3,541,1547,638,1450,809,1280
2nd Dec 25 2025,28,31,6,2,646,1442,710,1378,831,1258
1st Dec 25 2025,64,36,8,2,727,1363,743,1348,858,1233
28th Nov 25 2025,57,18,5,2,750,1334,759,1326,862,1223
27th Nov 25 2025,56,17,5,3,736,1345,749,1333,855,1227
26th Nov 25 2025,81,13,6,2,736,1344,750,1331,867,1214
25th Nov 25 2025,70,13,6,3,549,1530,639,1442,814,1267
24th Nov 25 2025,35,133,6,6,511,1572,618,1466,795,1289
21st Nov 25 2025,32,34,5,4,601,1475,691,1387,852,1226
20th Nov 25 2025,39,23,9,4,755,1320,817,1259,886,1190
19th Nov 25 2025,42,38,7,3,785,1288,822,1252,906,1168
18th Nov 25 2025,37,35,12,4,769,1302,829,1243,906,1166
17th Nov 25 2025,97,49,12,3,940,1135,904,1172,948,1128
14th Nov 25 2025,78,42,13,3,868,1199,870,1198,926,1142
13th Nov 25 2025,72,48,13,4,846,1219,862,1204,953,1113
12th Nov 25 2025,105,30,9,4,881,1182,898,1166,961,1103
11th Nov 25 2025,69,55,9,7,739,1325,809,1256,918,1147
10th Nov 25 2025,85,91,12,6,742,1324,811,1256,922,1145
7th Nov 25 2025,72,39,13,2,662,1399,803,1258,918,1143
6th Nov 25 2025,45,143,15,2,604,1456,802,1258,908,1152
4th Nov 25 2025,43,29,17,0,870,1189,960,1099,1006,1053
3rd Nov 25 2025,101,35,19,1,1088,975,1073,990,1050,1013
31st Oct 25 2025,44,31,13,1,965,1091,1001,1055,1019,1037
30th Oct 25 2025,55,25,11,1,1116,940,1082,974,1047,1009
29th Oct 25 2025,88,26,12,0,1151,904,1087,968,1056,999
28th Oct 25 2025,61,31,13,1,992,1067,985,1074,1016,1043
27th Oct 25 2025,81,34,20,1,1014,1050,995,1069,1035,1029
24th Oct 25 2025,50,22,18,2,970,1088,963,1095,1001,1057
23rd Oct 25 2025,79,45,20,2,1055,1003,1002,1056,1026,1032
21st Oct 25 2025,57,1,23,0,1103,953,1011,1045,1033,1023
20th Oct 25 2025,96,36,14,1,924,1139,902,1161,988,1075
17th Oct 25 2025,43,40,11,1,835,1220,848,1207,953,1102
16th Oct 25 2025,75,32,14,2,924,1128,908,1144,985,1067
15th Oct 25 2025,89,28,12,2,818,1234,863,1189,952,1100
14th Oct 25 2025,42,62,23,3,666,1384,771,1279,913,1137
13th Oct 25 2025,54,38,15,4,849,1204,893,1160,977,1076
10th Oct 25 2025,82,23,18,3,993,1053,960,1086,1015,1031
9th Oct 25 2025,88,36,29,5,895,1154,912,1137,993,1056
8th Oct 25 2025,74,26,29,2,804,1242,861,1185,976,1070
7th Oct 25 2025,58,34,23,1,894,1150,921,1123,997,1047
6th Oct 25 2025,83,33,19,1,928,1117,933,1112,999,1046
3rd Oct 25 2025,125,13,11,1,904,1135,919,1120,1012,1028
1st Oct 25 2025,126,9,11,1,682,1353,779,1256,955,1081
30th Sep 25 2025,38,30,8,2,477,1552,613,1416,877,1153
29th Sep 25 2025,63,60,14,3,450,1582,623,1409,873,1160
26th Sep 25 2025,15,110,18,1,445,1578,614,1409,880,1144
25th Sep 25 2025,39,31,21,1,739,1283,881,1141,1002,1021
24th Sep 25 2025,53,28,19,2,929,1092,1044,977,1062,960
23rd Sep 25 2025,70,25,21,2,1098,922,1144,876,1105,916
22nd Sep 25 2025,82,37,24,2,1199,826,1189,837,1142,884
19th Sep 25 2025,70,19,20,1,1384,635,1287,734,1166,855
18th Sep 25 2025,55,19,20,1,1427,591,1293,726,1157,862
17th Sep 25 2025,73,18,24,1,1441,574,1286,730,1156,860
16th Sep 25 2025,79,12,18,1,1379,636,1232,784,1128,888
15th Sep 25 2025,86,18,16,0,1298,721,1114,906,1079,941
12th Sep 25 2025,55,12,18,1,1201,813,1064,951,1043,972
11th Sep 25 2025,54,21,25,1,1206,808,1053,962,1030,985
10th Sep 25 2025,92,18,18,0,1191,823,1040,975,1033,982
9th Sep 25 2025,67,28,25,0,1008,1005,901,1113,976,1038
8th Sep 25 2025,123,19,32,1,994,1023,889,1129,983,1035
5th Sep 25 2025,87,14,26,1,892,1121,851,1163,946,1068
4th Sep 25 2025,49,26,19,2,931,1081,847,1166,966,1047
3rd Sep 25 2025,114,11,16,0,1037,974,903,1109,978,1034
2nd Sep 25 2025,120,21,11,0,866,1143,779,1233,936,1076
1st Sep 25 2025,125,16,12,1,724,1289,700,1314,900,1114
29th Aug 25 2025,51,21,8,1,509,1499,569,1440,814,1195
28th Aug 25 2025,30,59,6,1,519,1489,586,1423,833,1176
26th Aug 25 2025,27,59,11,2,621,1382,676,1328,894,1110
25th Aug 25 2025,69,35,23,0,930,1076,881,1126,987,1020
22nd Aug 25 2025,51,16,21,0,905,1097,885,1118,973,1030
21st Aug 25 2025,59,19,21,0,1012,991,947,1057,990,1014
20th Aug 25 2025,105,10,21,1,991,1009,935,1066,985,1016
19th Aug 25 2025,128,16,18,1,933,1066,886,1114,978,1022
18th Aug 25 2025,148,29,17,1,768,1234,794,1209,934,1069
14th Aug 25 2025,46,73,13,4,536,1460,633,1363,867,1130
13th Aug 25 2025,110,47,9,5,587,1408,669,1326,902,1094
12th Aug 25 2025,76,50,4,6,490,1505,608,1388,874,1122
11th Aug 25 2025,83,64,5,3,433,1562,595,1401,861,1135
8th Aug 25 2025,47,74,7,4,362,1634,538,1458,830,1166
7th Aug 25 2025,55,51,7,5,436,1560,626,1370,914,1082
6th Aug 25 2025,38,73,7,5,449,1545,629,1365,925,1069
5th Aug 25 2025,43,39,8,5,559,1433,722,1270,984,1008
4th Aug 25 2025,93,46,12,4,569,1424,770,1223,1006,987
1st Aug 25 2025,33,116,9,0,432,1557,699,1290,964,1025
31st Jul 25 2025,53,47,9,1,571,1415,852,1134,1059,927
30th Jul 25 2025,89,29,9,1,671,1312,966,1017,1095,888
29th Jul 25 2025,112,17,9,1,603,1381,937,1046,1087,897
31st Jul 26 2026,120,34,14,6,1068,1164,1200,1033,1228,1006
30th Jul 26 2026,40,63,12,8,927,1318,1143,1103,1212,1035
29th Jul 26 2026,105,39,11,5,1033,1212,1223,1023,1228,1019
28th Jul 26 2026,46,88,10,5,877,1368,1125,1121,1172,1075
27th Jul 26 2026,138,31,19,9,1073,1172,1232,1014,1221,1026
24th Jul 26 2026,69,34,16,8,758,1487,1091,1155,1196,1051
23rd Jul 26 2026,61,49,14,7,783,1462,1069,1177,1175,1072
22nd Jul 26 2026,48,69,14,4,956,1289,1216,1030,1211,1036
21st Jul 26 2026,97,22,12,4,1185,1061,1347,899,1280,967
20th Jul 26 2026,87,28,11,4,1152,1096,1350,898,1265,984
17th Jul 26 2026,28,60,8,3,1084,1164,1302,946,1250,999
16th Jul 26 2026,60,33,14,2,1184,1065,1362,887,1257,993
15th Jul 26 2026,80,24,23,1,1238,1011,1392,857,1290,960
14th Jul 26 2026,49,39,17,3,1177,1070,1358,890,1271,978
13th Jul 26 2026,129,18,14,2,1403,846,1493,757,1303,948
10th Jul 26 2026,130,11,13,2,1349,900,1449,800,1281,969
9th Jul 26 2026,181,9,11,1,1055,1194,1284,965,1214,1036
8th Jul 26 2026,33,167,9,1,761,1488,1122,1127,1147,1103
7th Jul 26 2026,39,64,16,1,1270,979,1427,822,1285,965
6th Jul 26 2026,102,37,21,3,1405,845,1510,740,1321,930
3rd Jul 26 2026,87,35,18,2,1457,791,1538,710,1316,933
2nd Jul 26 2026,131,22,13,2,1482,770,1522,730,1288,965
1st Jul 26 2026,108,34,17,2,1334,916,1423,828,1238,1013
30th Jun 26 2026,112,22,10,2,1263,987,1377,874,1213,1038
29th Jun 26 2026,78,74,13,2,1146,1107,1345,909,1192,1062
25th Jun 26 2026,53,67,15,1,1325,926,1453,799,1225,1027
24th Jun 26 2026,85,37,17,1,1499,751,1524,727,1276,975
23rd Jun 26 2026,59,61,24,0,1509,742,1517,735,1245,1007
22nd Jun 26 2026,171,22,40,0,1703,548,1634,619,1311,942
19th Jun 26 2026,139,21,44,1,1622,630,1572,681,1235,1018
18th Jun 26 2026,123,19,57,1,1649,602,1568,684,1221,1031
17th Jun 26 2026,123,23,27,2,1600,651,1529,723,1199,1053
16th Jun 26 2026,115,21,12,1,1566,686,1483,770,1165,1088
15th Jun 26 2026,213,12,22,3,1500,751,1418,835,1147,1106
12th Jun 26 2026,345,10,11,2,1142,1110,1165,1088,1066,1187
11th Jun 26 2026,39,92,11,7,642,1608,860,1392,911,1341
10th Jun 26 2026,49,106,20,5,785,1465,976,1276,974,1278
9th Jun 26 2026,201,28,25,3,962,1289,1142,1111,1034,1219
8th Jun 26 2026,51,168,24,4,720,1531,924,1329,959,1294
5th Jun 26 2026,107,49,33,4,1016,1236,1197,1057,1047,1207
4th Jun 26 2026,139,28,35,4,1038,1214,1182,1072,1045,1209
3rd Jun 26 2026,83,56,36,5,937,1313,1175,1077,1018,1234
2nd Jun 26 2026,146,33,34,5,1019,1231,1228,1024,1038,1214
1st Jun 26 2026,98,174,37,4,898,1354,1153,1100,994,1260
29th May 26 2026,121,148,39,1,1139,1113,1297,956,1050,1203
27th May 26 2026,152,48,53,1,1389,863,1435,818,1124,1129
26th May 26 2026,118,44,50,1,1385,866,1431,821,1102,1150
25th May 26 2026,193,35,50,2,1408,845,1449,804,1091,1162
22nd May 26 2026,87,47,23,2,1122,1129,1279,972,1009,1242
21st May 26 2026,134,29,23,2,1083,1167,1267,983,997,1253
20th May 26 2026,103,34,17,6,981,1270,1203,1048,960,1291
19th May 26 2026,145,28,12,6,917,1334,1193,1058,943,1308
18th May 26 2026,68,154,7,15,718,1534,1078,1174,885,1367
15th May 26 2026,68,95,7,12,962,1289,1300,951,966,1285
14th May 26 2026,81,50,5,7,1093,1158,1351,900,1002,1249
13th May 26 2026,143,55,16,3,1036,1216,1351,901,990,1262
12th May 26 2026,32,511,14,2,915,1336,1311,940,946,1305
11th May 26 2026,74,145,36,4,1561,693,1670,584,1165,1089
8th May 26 2026,125,46,66,1,1887,363,1860,390,1262,988
7th May 26 2026,223,11,42,2,1985,266,1916,335,1257,994
6th May 26 2026,212,23,30,2,1930,320,1841,409,1176,1074
5th May 26 2026,109,39,22,3,1667,583,1634,616,1094,1156
4th May 26 2026,199,38,29,2,1751,502,1673,580,1069,1184
30th Apr 26 2026,53,51,13,1,1665,585,1590,660,1015,1235
29th Apr 26 2026,85,32,17,1,1781,470,1681,570,1029,1222
28th Apr 26 2026,89,30,20,1,1791,460,1672,579,1027,1224
27th Apr 26 2026,250,15,20,1,1939,314,1742,511,1030,1223
24th Apr 26 2026,39,106,21,3,1712,537,1560,689,923,1326
23rd Apr 26 2026,100,40,33,3,1963,288,1770,481,1018,1233
22nd Apr 26 2026,139,24,30,2,2051,199,1877,373,1052,1198
21st Apr 26 2026,118,21,42,3,2045,135,1824,356,972,1208
20th Apr 26 2026,76,49,44,2,2048,129,1778,399,914,1263
17th Apr 26 2026,181,8,76,0,2087,80,1854,313,944,1223
16th Apr 26 2026,133,11,59,0,2049,118,1743,424,854,1313
15th Apr 26 2026,379,6,123,0,2052,114,1666,500,807,1359
13th Apr 26 2026,101,35,88,1,1885,283,1273,895,669,1499
10th Apr 26 2026,236,6,126,1,1954,211,1351,814,670,1495
9th Apr 26 2026,96,29,102,0,1825,342,1018,1149,577,1590
8th Apr 26 2026,898,13,401,0,1908,258,1035,1131,565,1601
7th Apr 26 2026,124,11,56,2,1098,1068,532,1634,437,1729
6th Apr 26 2026,216,12,23,2,945,1221,463,1703,425,1741
2nd Apr 26 2026,183,24,15,3,654,1508,377,1785,382,1780
1st Apr 26 2026,1136,7,11,2,490,1671,336,1825,388,1773
30th Mar 26 2026,32,745,5,36,206,1955,215,1946,319,1842
27th Mar 26 2026,33,635,8,9,297,1860,254,1903,367,1790
25th Mar 26 2026,219,16,6,4,489,1668,331,1826,400,1757
24th Mar 26 2026,299,24,8,6,274,1882,247,1909,354,1802
23rd Mar 26 2026,7,973,6,3,149,2007,171,1985,302,1854
20th Mar 26 2026,98,25,15,3,371,1783,327,1827,404,1750
19th Mar 26 2026,19,300,6,2,266,1887,250,1903,384,1769
18th Mar 26 2026,330,6,5,2,502,1651,392,1761,453,1700
17th Mar 26 2026,96,16,4,6,259,1894,298,1855,408,1745
16th Mar 26 2026,41,118,4,4,186,1968,251,1903,383,1771
13th Mar 26 2026,18,380,8,6,218,1934,294,1858,388,1764
12th Mar 26 2026,58,46,11,5,432,1717,420,1729,454,1695
11th Mar 26 2026,78,53,9,4,437,1713,428,1722,470,1680
10th Mar 26 2026,276,13,9,5,443,1706,438,1712,481,1669
9th Mar 26 2026,26,286,5,11,276,1873,336,1814,418,1732
6th Mar 26 2026,63,40,3,5,391,1755,454,1693,504,1643
5th Mar 26 2026,110,20,8,1,402,1741,470,1674,513,1631
4th Mar 26 2026,49,261,6,3,292,1851,402,1742,471,1673
2nd Mar 26 2026,59,251,5,3,445,1697,492,1651,566,1577
27th Feb 26 2026,40,57,8,1,686,1453,683,1457,669,1471
26th Feb 26 2026,65,21,8,5,828,1311,758,1382,704,1436
25th Feb 26 2026,53,40,5,5,782,1355,740,1398,697,1441
24th Feb 26 2026,22,93,8,4,699,1438,672,1466,687,1451
23rd Feb 26 2026,62,47,5,2,859,1280,785,1355,719,1421
20th Feb 26 2026,47,31,9,5,829,1307,769,1368,709,1428
19th Feb 26 2026,35,56,8,6,798,1336,754,1381,710,1425
18th Feb 26 2026,72,19,5,5,1090,1044,922,1213,773,1362
17th Feb 26 2026,112,20,8,2,1023,1110,862,1272,750,1384
16th Feb 26 2026,54,103,11,2,917,1214,772,1360,726,1406
13th Feb 26 2026,34,166,19,0,948,1181,784,1346,722,1408
12th Feb 26 2026,62,102,26,1,1296,833,1015,1115,788,1341
11th Feb 26 2026,93,65,14,2,1476,652,1107,1022,815,1314
10th Feb 26 2026,136,37,30,1,1560,567,1141,987,816,1312
9th Feb 26 2026,392,20,52,1,1498,632,1061,1070,803,1328
6th Feb 26 2026,60,76,29,3,1110,1018,765,1364,684,1445
5th Feb 26 2026,55,91,33,6,1149,978,778,1350,692,1436
4th Feb 26 2026,236,56,44,18,1337,791,839,1290,726,1403
3rd Feb 26 2026,523,11,27,18,1134,995,744,1385,709,1420
2nd Feb 26 2026,77,68,16,19,454,1676,376,1754,537,1593
1st Feb 26 2026,58,236,8,4,432,1697,361,1768,495,1634
30th Jan 26 2026,168,99,14,6,666,1461,498,1629,604,1523
29th Jan 26 2026,139,61,24,5,534,1593,433,1694,573,1554
28th Jan 26 2026,355,20,12,5,541,1585,430,1696,561,1565
27th Jan 26 2026,99,74,4,10,307,1823,322,1808,486,1644
23rd Jan 26 2026,57,211,2,6,273,1852,296,1829,481,1644
22nd Jan 26 2026,183,54,2,4,360,1766,372,1754,549,1577
21st Jan 26 2026,57,141,20,2,229,1896,291,1834,489,1636
20th Jan 26 2026,29,375,24,1,253,1871,315,1809,524,1600
19th Jan 26 2026,41,91,27,1,452,1674,476,1650,628,1498
16th Jan 26 2026,68,31,25,2,531,1589,536,1584,678,1442
14th Jan 26 2026,80,19,6,1,521,1599,554,1566,691,1429
13th Jan 26 2026,71,17,3,1,488,1632,525,1595,678,1442
12th Jan 26 2026,60,73,4,4,426,1698,505,1619,670,1454
9th Jan 26 2026,15,99,3,4,428,1690,538,1580,690,1428
8th Jan 26 2026,14,138,6,4,665,1454,697,1422,775,1344
7th Jan 26 2026,68,16,13,3,1055,1064,911,1208,859,1260
6th Jan 26 2026,42,26,15,1,1018,1100,874,1244,847,1271
5th Jan 26 2026,65,39,14,1,1133,988,934,1187,872,1249
2nd Jan 26 2026,100,11,12,1,1304,812,951,1165,874,1242
1st Jan 26 2026,62,17,10,2,1067,1050,825,1292,820,1297
31st Dec 25 2025,86,16,9,2,1037,1078,804,1311,817,1298
30th Dec 25 2025,55,35,11,1,767,1346,686,1427,765,1348
29th Dec 25 2025,45,47,15,0,756,1361,717,1400,772,1345
26th Dec 25 2025,65,21,20,0,931,1183,767,1347,801,1313
24th Dec 25 2025,60,15,15,0,1084,1029,804,1309,818,1295
23rd Dec 25 2025,68,17,10,2,1130,982,809,1303,823,1289
22nd Dec 25 2025,117,14,9,1,1007,1107,750,1364,808,1306
19th Dec 25 2025,91,17,10,0,700,1410,639,1471,766,1344
18th Dec 25 2025,41,31,11,0,489,1620,535,1574,721,1388
17th Dec 25 2025,31,51,13,0,490,1618,565,1543,730,1378
16th Dec 25 2025,36,32,14,0,619,1489,615,1493,762,1346
15th Dec 25 2025,78,19,16,1,745,1361,673,1433,785,1321
12th Dec 25 2025,100,11,9,3,694,1407,651,1451,768,1334
11th Dec 25 2025,74,14,7,5,507,1594,561,1540,733,1369
10th Dec 25 2025,56,28,9,3,388,1709,480,1617,717,1381
9th Dec 25 2025,127,15,2,3,425,1671,514,1582,719,1378
8th Dec 25 2025,19,238,4,3,322,1776,464,1634,694,1405
5th Dec 25 2025,32,38,4,3,539,1555,622,1472,788,1307
4th Dec 25 2025,29,27,3,4,537,1557,641,1453,795,1300
3rd Dec 25 2025,17,37,1,3,542,1551,639,1454,812,1282
2nd Dec 25 2025,28,31,5,2,648,1445,711,1382,833,1261
1st Dec 25 2025,65,36,7,2,730,1366,745,1352,860,1237
28th Nov 25 2025,58,18,4,2,752,1337,760,1330,862,1228
27th Nov 25 2025,56,17,4,3,737,1349,750,1337,856,1231
26th Nov 25 2025,79,12,5,2,737,1348,750,1336,868,1218
25th Nov 25 2025,69,13,6,3,549,1535,640,1446,816,1270
24th Nov 25 2025,36,134,6,6,513,1576,620,1470,798,1292
21st Nov 25 2025,32,35,5,4,602,1479,693,1390,853,1230
20th Nov 25 2025,39,23,9,4,756,1324,819,1262,888,1193
19th Nov 25 2025,42,39,7,3,786,1292,824,1255,908,1171
18th Nov 25 2025,37,35,12,4,770,1306,832,1245,909,1168
17th Nov 25 2025,98,49,12,3,944,1137,909,1173,952,1130
14th Nov 25 2025,78,41,13,3,870,1202,873,1200,928,1145
13th Nov 25 2025,72,49,13,4,850,1220,865,1206,956,1115
12th Nov 25 2025,105,28,9,4,886,1182,900,1169,962,1107
11th Nov 25 2025,69,55,9,8,743,1326,810,1260,920,1150
10th Nov 25 2025,87,90,12,7,746,1326,812,1261,922,1151
7th Nov 25 2025,71,40,13,2,663,1403,803,1263,919,1147
6th Nov 25 2025,46,143,15,2,605,1460,802,1263,910,1155
4th Nov 25 2025,43,27,17,0,872,1192,961,1103,1008,1056
3rd Nov 25 2025,101,35,19,1,1090,979,1075,994,1052,1017
31st Oct 25 2025,44,30,12,1,969,1092,1004,1057,1021,1040
30th Oct 25 2025,56,25,9,1,1120,941,1085,976,1049,1012
29th Oct 25 2025,88,26,12,0,1153,907,1088,972,1058,1002
28th Oct 25 2025,63,31,13,1,996,1068,987,1077,1018,1046
27th Oct 25 2025,81,35,20,1,1018,1052,1000,1070,1038,1032
24th Oct 25 2025,50,24,18,2,975,1088,965,1098,1003,1060
23rd Oct 25 2025,81,45,20,2,1058,1005,1005,1058,1028,1035
21st Oct 25 2025,57,1,23,0,1109,952,1014,1047,1035,1026
20th Oct 25 2025,96,37,14,1,928,1141,906,1163,991,1078
17th Oct 25 2025,43,40,11,1,839,1221,851,1209,955,1105
16th Oct 25 2025,77,31,14,2,926,1131,910,1147,987,1070
15th Oct 25 2025,90,27,12,2,820,1237,865,1192,954,1103
14th Oct 25 2025,42,61,23,3,667,1388,773,1282,915,1140
13th Oct 25 2025,54,38,14,4,850,1209,895,1164,980,1079
10th Oct 25 2025,82,23,17,3,994,1057,961,1090,1017,1034
9th Oct 25 2025,89,36,28,5,895,1159,913,1141,995,1059
8th Oct 25 2025,74,26,27,2,804,1247,861,1190,978,1073
7th Oct 25 2025,58,34,22,1,892,1157,919,1130,997,1052
6th Oct 25 2025,81,34,19,1,927,1124,932,1119,1001,1050
3rd Oct 25 2025,125,13,11,1,904,1140,917,1127,1014,1031
1st Oct 25 2025,126,9,11,1,682,1358,778,1262,956,1085
30th Sep 25 2025,39,30,8,2,479,1555,613,1421,879,1156
29th Sep 25 2025,64,60,15,3,452,1586,624,1414,876,1163
26th Sep 25 2025,15,111,19,1,446,1582,614,1414,881,1148
25th Sep 25 2025,39,32,22,1,741,1286,882,1145,1004,1024
24th Sep 25 2025,53,28,19,2,932,1094,1046,980,1065,962
23rd Sep 25 2025,71,24,21,2,1100,925,1146,879,1109,917
22nd Sep 25 2025,83,36,25,2,1202,829,1192,840,1147,885
19th Sep 25 2025,69,19,20,1,1387,637,1289,737,1169,857
18th Sep 25 2025,55,19,20,1,1429,594,1295,729,1159,865
17th Sep 25 2025,73,18,24,1,1442,578,1287,734,1158,863
16th Sep 25 2025,79,12,18,1,1380,640,1234,787,1131,890
15th Sep 25 2025,88,18,16,0,1301,724,1118,908,1083,943
12th Sep 25 2025,56,12,17,1,1204,816,1068,953,1048,973
11th Sep 25 2025,55,22,24,1,1212,808,1057,964,1034,987
10th Sep 25 2025,93,18,18,0,1195,825,1044,977,1037,984
9th Sep 25 2025,66,28,24,0,1011,1008,903,1117,981,1039
8th Sep 25 2025,123,19,33,1,999,1024,892,1132,987,1037
5th Sep 25 2025,87,14,27,1,898,1121,858,1162,950,1070
4th Sep 25 2025,52,25,20,2,938,1080,854,1165,970,1049
3rd Sep 25 2025,112,11,16,0,1043,974,907,1111,982,1036
2nd Sep 25 2025,120,21,11,0,870,1145,784,1234,939,1079
1st Sep 25 2025,128,16,12,1,729,1290,706,1314,903,1117
29th Aug 25 2025,51,21,8,1,513,1501,574,1441,817,1198
28th Aug 25 2025,30,59,6,1,523,1491,590,1425,837,1178
26th Aug 25 2025,27,59,11,2,624,1385,681,1329,898,1112
25th Aug 25 2025,69,35,23,0,933,1079,886,1127,990,1023
22nd Aug 25 2025,51,16,21,0,910,1098,890,1119,976,1033
21st Aug 25 2025,60,18,21,0,1017,992,951,1059,993,1017
20th Aug 25 2025,104,10,21,1,994,1012,939,1068,988,1019
19th Aug 25 2025,128,16,18,1,939,1066,891,1115,982,1024
18th Aug 25 2025,150,29,18,1,774,1234,800,1209,938,1071
14th Aug 25 2025,47,72,15,3,539,1463,638,1364,870,1133
13th Aug 25 2025,111,47,10,5,590,1411,675,1326,905,1097
12th Aug 25 2025,76,49,5,5,494,1507,612,1390,878,1124
11th Aug 25 2025,85,63,5,3,434,1567,597,1405,864,1138
8th Aug 25 2025,48,74,7,4,365,1637,539,1463,832,1170
7th Aug 25 2025,54,51,7,5,437,1565,628,1374,915,1087
6th Aug 25 2025,38,73,7,5,450,1550,630,1370,927,1073
5th Aug 25 2025,43,40,8,5,562,1436,723,1275,986,1012
4th Aug 25 2025,93,48,12,4,571,1428,771,1228,1008,991
1st Aug 25 2025,32,116,9,0,435,1560,700,1295,966,1029
31st Jul 25 2025,52,47,9,1,574,1418,855,1137,1062,930
30th Jul 25 2025,89,29,9,1,672,1317,968,1021,1097,892
29th Jul 25 2025,113,17,9,1,605,1385,939,1050,1090,900
28th Jul 25 2025,36,114,9,4,484,1509,793,1200,1030,963
25th Jul 25 2025,23,84,8,3,622,1366,990,999,1119,870
24th Jul 25 2025,45,36,10,2,943,1046,1284,705,1248,740
29th Jul 26 2026,107,37,11,5,1040,1188,1220,1009,1227,1002
28th Jul 26 2026,45,88,10,5,876,1363,1123,1117,1172,1069
27th Jul 26 2026,138,31,19,9,1071,1168,1230,1010,1221,1020
24th Jul 26 2026,68,34,16,8,756,1484,1089,1152,1196,1046
23rd Jul 26 2026,60,48,14,7,781,1458,1067,1173,1174,1067
22nd Jul 26 2026,47,69,14,4,954,1285,1213,1027,1210,1031
21st Jul 26 2026,96,23,12,4,1183,1057,1346,894,1280,961
20th Jul 26 2026,86,28,11,4,1152,1090,1350,892,1266,977
17th Jul 26 2026,28,60,8,3,1084,1158,1302,940,1251,992
16th Jul 26 2026,61,33,14,2,1184,1059,1362,881,1257,987
15th Jul 26 2026,80,24,23,1,1237,1006,1391,852,1290,954
14th Jul 26 2026,49,40,17,3,1176,1065,1357,885,1272,971
13th Jul 26 2026,129,17,14,2,1402,841,1492,752,1303,942
10th Jul 26 2026,129,11,13,2,1348,895,1448,795,1280,964
9th Jul 26 2026,181,9,11,1,1054,1189,1282,961,1214,1030
8th Jul 26 2026,33,166,9,1,760,1483,1121,1122,1145,1099
7th Jul 26 2026,39,64,16,1,1267,976,1424,819,1283,961
6th Jul 26 2026,102,37,21,3,1403,841,1506,738,1319,926
3rd Jul 26 2026,86,35,18,2,1453,789,1533,709,1315,928
2nd Jul 26 2026,131,22,13,2,1479,767,1518,728,1287,960
1st Jul 26 2026,108,35,17,2,1331,914,1419,827,1238,1008
30th Jun 26 2026,111,22,10,2,1259,985,1373,872,1212,1033
29th Jun 26 2026,78,75,13,2,1145,1102,1342,906,1192,1056
25th Jun 26 2026,54,66,16,1,1324,921,1452,794,1223,1023
24th Jun 26 2026,85,37,17,1,1496,748,1520,725,1274,971
23rd Jun 26 2026,59,61,24,0,1506,739,1513,733,1244,1002
22nd Jun 26 2026,171,22,39,0,1701,544,1631,616,1309,938
19th Jun 26 2026,138,20,44,1,1619,627,1567,680,1234,1013
18th Jun 26 2026,121,19,57,1,1645,600,1563,683,1218,1028
17th Jun 26 2026,122,23,27,2,1596,649,1526,720,1197,1049
16th Jun 26 2026,114,21,12,1,1564,682,1480,767,1163,1084
15th Jun 26 2026,213,11,22,3,1499,746,1417,830,1145,1102
12th Jun 26 2026,347,10,11,2,1141,1105,1163,1084,1064,1183
11th Jun 26 2026,39,93,11,7,640,1605,858,1389,910,1337
10th Jun 26 2026,50,106,20,5,783,1461,974,1272,972,1274
9th Jun 26 2026,201,28,24,3,960,1285,1139,1108,1031,1216
8th Jun 26 2026,48,168,23,4,717,1528,920,1327,956,1291
5th Jun 26 2026,105,49,33,4,1014,1232,1194,1054,1046,1202
4th Jun 26 2026,138,27,35,4,1038,1208,1181,1067,1045,1203
3rd Jun 26 2026,82,55,36,5,936,1308,1172,1074,1016,1230
2nd Jun 26 2026,145,32,34,5,1016,1228,1224,1022,1037,1209
1st Jun 26 2026,97,171,37,4,895,1351,1150,1097,991,1257
29th May 26 2026,121,147,39,1,1138,1108,1294,953,1047,1200
27th May 26 2026,151,48,52,1,1384,862,1430,817,1121,1126
26th May 26 2026,117,44,50,1,1381,864,1427,819,1099,1147
25th May 26 2026,192,35,50,2,1404,843,1444,803,1088,1159
22nd May 26 2026,88,47,23,2,1119,1126,1274,971,1005,1240
21st May 26 2026,131,29,23,2,1077,1167,1262,982,994,1250
20th May 26 2026,102,33,17,6,976,1269,1201,1044,958,1287
19th May 26 2026,144,27,12,6,913,1332,1189,1056,941,1304
18th May 26 2026,67,152,7,15,715,1531,1075,1171,883,1363
15th May 26 2026,67,94,7,12,959,1286,1296,949,964,1281
14th May 26 2026,79,50,5,7,1089,1156,1347,898,1000,1245
13th May 26 2026,142,55,16,3,1035,1211,1347,899,988,1258
12th May 26 2026,31,510,13,2,913,1332,1309,936,944,1301
11th May 26 2026,73,144,35,4,1558,690,1667,581,1163,1085
8th May 26 2026,124,45,65,1,1883,361,1856,388,1260,984
7th May 26 2026,221,11,41,2,1980,265,1911,334,1255,990
6th May 26 2026,208,22,30,2,1925,319,1836,408,1176,1068
5th May 26 2026,109,38,22,3,1665,579,1632,612,1094,1150
4th May 26 2026,199,36,29,2,1749,498,1669,578,1069,1178
30th Apr 26 2026,53,50,13,1,1664,580,1587,657,1015,1229
29th Apr 26 2026,86,31,17,1,1778,467,1678,567,1030,1215
28th Apr 26 2026,89,30,19,1,1788,457,1669,576,1027,1218
27th Apr 26 2026,249,14,20,1,1934,313,1738,509,1030,1217
24th Apr 26 2026,39,105,20,3,1710,533,1557,686,923,1320
23rd Apr 26 2026,98,40,32,2,1959,286,1766,479,1017,1228
22nd Apr 26 2026,137,23,29,2,2047,197,1873,371,1051,1193
21st Apr 26 2026,117,20,41,3,2041,134,1821,354,973,1202
20th Apr 26 2026,75,47,43,2,2044,128,1775,397,913,1259
17th Apr 26 2026,180,8,75,0,2083,79,1850,312,943,1219
16th Apr 26 2026,132,11,58,0,2045,117,1740,422,852,1310
15th Apr 26 2026,377,6,122,0,2048,113,1663,498,806,1355
13th Apr 26 2026,100,36,87,1,1881,282,1271,892,669,1494
10th Apr 26 2026,236,6,125,1,1950,210,1349,811,671,1489
9th Apr 26 2026,95,28,99,0,1821,341,1015,1147,577,1585
8th Apr 26 2026,896,13,398,0,1904,257,1031,1130,565,1596
7th Apr 26 2026,122,11,55,2,1095,1066,530,1631,436,1725
6th Apr 26 2026,213,11,22,2,942,1219,461,1700,425,1736
2nd Apr 26 2026,180,24,15,3,650,1507,375,1782,382,1775
1st Apr 26 2026,1133,7,11,2,488,1668,335,1821,388,1768
30th Mar 26 2026,31,740,5,35,204,1952,213,1943,318,1838
27th Mar 26 2026,33,632,8,9,295,1857,254,1898,367,1785
25th Mar 26 2026,217,16,6,4,488,1664,330,1822,400,1752
24th Mar 26 2026,298,24,8,6,273,1878,247,1904,354,1797
23rd Mar 26 2026,7,973,6,3,148,2003,171,1980,302,1849
20th Mar 26 2026,98,25,15,3,370,1779,327,1822,404,1745
19th Mar 26 2026,19,299,6,2,265,1883,250,1898,384,1764
18th Mar 26 2026,329,6,5,2,502,1646,391,1757,453,1695
17th Mar 26 2026,98,16,4,6,259,1889,299,1849,408,1740
16th Mar 26 2026,40,118,4,4,186,1963,251,1898,383,1766
13th Mar 26 2026,18,380,8,6,217,1930,294,1853,388,1759
12th Mar 26 2026,58,46,11,5,432,1712,419,1725,454,1690
11th Mar 26 2026,78,52,8,4,435,1710,427,1718,470,1675
10th Mar 26 2026,276,13,8,5,442,1702,437,1708,481,1664
9th Mar 26 2026,25,284,4,11,274,1870,336,1809,418,1727
6th Mar 26 2026,62,40,3,5,392,1749,454,1688,504,1638
5th Mar 26 2026,110,20,8,1,401,1737,470,1669,513,1626
4th Mar 26 2026,48,261,6,3,291,1847,402,1737,471,1668
2nd Mar 26 2026,59,250,5,3,444,1693,491,1647,566,1572
27th Feb 26 2026,40,56,8,1,684,1450,682,1453,669,1466
26th Feb 26 2026,65,21,8,5,827,1307,757,1378,704,1431
25th Feb 26 2026,52,39,5,5,781,1351,740,1393,697,1436
24th Feb 26 2026,22,92,8,4,699,1433,672,1461,687,1446
23rd Feb 26 2026,62,47,5,2,859,1275,785,1350,719,1416
20th Feb 26 2026,46,31,8,5,829,1302,769,1363,709,1423
19th Feb 26 2026,34,54,8,5,797,1332,753,1377,710,1420
18th Feb 26 2026,71,18,5,4,1089,1040,922,1208,772,1358
17th Feb 26 2026,110,17,8,2,1022,1106,861,1268,749,1380
16th Feb 26 2026,53,104,11,2,918,1208,772,1355,726,1401
13th Feb 26 2026,33,165,19,0,947,1177,784,1341,723,1402
12th Feb 26 2026,62,101,26,0,1296,828,1015,1110,789,1335
11th Feb 26 2026,93,64,13,1,1475,648,1107,1017,816,1308
10th Feb 26 2026,136,36,29,0,1559,563,1140,983,817,1306
9th Feb 26 2026,392,20,51,1,1497,628,1060,1066,804,1322
6th Feb 26 2026,59,75,29,3,1110,1013,764,1360,684,1440
5th Feb 26 2026,54,91,33,6,1149,973,777,1346,692,1431
4th Feb 26 2026,235,56,44,18,1338,785,839,1285,726,1398
3rd Feb 26 2026,525,11,27,18,1135,989,745,1379,709,1415
2nd Feb 26 2026,76,67,16,19,454,1671,376,1749,537,1588
1st Feb 26 2026,58,236,8,4,433,1691,361,1763,495,1629
30th Jan 26 2026,168,99,14,6,666,1456,499,1623,604,1518
29th Jan 26 2026,140,60,24,5,536,1586,433,1689,573,1549
28th Jan 26 2026,355,20,12,5,541,1580,430,1691,561,1560
27th Jan 26 2026,99,72,4,10,308,1817,322,1803,486,1639
23rd Jan 26 2026,56,209,2,6,272,1848,296,1824,481,1639
22nd Jan 26 2026,183,54,2,4,360,1761,372,1749,549,1572
21st Jan 26 2026,57,139,20,2,229,1891,291,1829,489,1631
20th Jan 26 2026,29,375,24,1,253,1866,315,1804,524,1595
19th Jan 26 2026,41,90,27,1,451,1670,476,1645,628,1493
16th Jan 26 2026,68,31,25,2,530,1585,535,1580,677,1438
14th Jan 26 2026,78,19,6,1,520,1595,553,1562,690,1425
13th Jan 26 2026,70,17,3,1,486,1629,524,1591,677,1438
12th Jan 26 2026,59,73,4,4,424,1695,505,1614,670,1449
9th Jan 26 2026,15,99,3,4,428,1685,538,1575,690,1423
8th Jan 26 2026,14,138,7,4,665,1449,697,1417,775,1339
7th Jan 26 2026,69,16,14,3,1054,1060,911,1203,859,1255
6th Jan 26 2026,43,26,15,1,1017,1096,874,1239,847,1266
5th Jan 26 2026,66,39,14,1,1131,985,933,1183,872,1244
2nd Jan 26 2026,100,11,11,1,1301,810,950,1161,874,1237
1st Jan 26 2026,62,17,9,2,1064,1048,823,1289,820,1292
31st Dec 25 2025,85,16,8,2,1034,1076,802,1308,817,1293
30th Dec 25 2025,54,35,10,1,763,1345,684,1424,764,1344
29th Dec 25 2025,44,46,14,0,753,1359,716,1396,771,1341
26th Dec 25 2025,64,21,20,0,926,1183,766,1343,800,1309
24th Dec 25 2025,57,15,15,0,1079,1029,802,1306,818,1290
23rd Dec 25 2025,68,17,10,2,1128,979,808,1299,822,1285
22nd Dec 25 2025,117,14,9,1,1006,1103,749,1360,807,1302
19th Dec 25 2025,91,17,10,0,699,1406,638,1467,765,1340
18th Dec 25 2025,41,31,11,0,489,1615,534,1570,720,1384
17th Dec 25 2025,31,50,13,0,489,1614,564,1539,729,1374
16th Dec 25 2025,36,32,14,0,617,1486,614,1489,761,1342
15th Dec 25 2025,79,19,16,1,743,1358,671,1430,785,1316
12th Dec 25 2025,100,11,9,3,692,1404,650,1447,767,1330
11th Dec 25 2025,73,14,7,5,505,1591,559,1537,732,1365
10th Dec 25 2025,55,28,9,3,386,1706,479,1613,717,1376
9th Dec 25 2025,127,15,2,3,424,1667,513,1578,719,1373
8th Dec 25 2025,19,235,4,3,321,1772,463,1630,693,1401
5th Dec 25 2025,32,38,4,3,537,1552,620,1469,787,1303
4th Dec 25 2025,29,27,3,4,534,1555,639,1450,794,1296
3rd Dec 25 2025,17,37,1,3,539,1549,637,1451,811,1278
2nd Dec 25 2025,28,31,5,2,644,1444,709,1379,832,1257
1st Dec 25 2025,63,36,7,2,728,1363,743,1349,859,1233
28th Nov 25 2025,56,18,4,2,750,1334,758,1327,861,1224
27th Nov 25 2025,54,17,4,3,736,1345,749,1333,856,1226
26th Nov 25 2025,77,12,5,2,736,1344,750,1331,868,1213
25th Nov 25 2025,68,13,6,3,549,1530,640,1441,816,1265
24th Nov 25 2025,35,133,6,6,513,1571,620,1465,798,1287
21st Nov 25 2025,32,33,5,4,602,1474,693,1385,853,1225
20th Nov 25 2025,39,23,9,4,755,1320,818,1258,889,1187
19th Nov 25 2025,42,39,7,3,785,1288,823,1251,907,1167
18th Nov 25 2025,38,35,12,4,769,1302,831,1241,908,1164
17th Nov 25 2025,98,48,12,3,942,1134,906,1171,952,1125
14th Nov 25 2025,78,41,13,3,869,1198,872,1196,928,1140
13th Nov 25 2025,72,49,13,4,848,1217,864,1202,956,1110
12th Nov 25 2025,105,28,9,4,883,1180,899,1165,962,1102
11th Nov 25 2025,69,55,9,7,741,1323,809,1256,920,1145
10th Nov 25 2025,86,91,12,6,744,1323,811,1257,922,1146
7th Nov 25 2025,71,39,13,2,661,1400,801,1260,919,1142
6th Nov 25 2025,46,143,15,2,603,1457,800,1260,910,1150
4th Nov 25 2025,43,28,17,0,869,1190,959,1100,1008,1051
3rd Nov 25 2025,100,36,19,1,1087,977,1073,991,1052,1012
31st Oct 25 2025,43,30,13,1,966,1090,1002,1054,1021,1035
30th Oct 25 2025,56,24,10,0,1118,938,1084,972,1049,1007
29th Oct 25 2025,88,26,12,0,1150,905,1087,968,1058,997
28th Oct 25 2025,62,31,13,1,993,1066,986,1073,1018,1041
27th Oct 25 2025,80,34,20,1,1015,1050,999,1066,1038,1027
24th Oct 25 2025,50,22,17,2,973,1085,964,1094,1003,1055
23rd Oct 25 2025,79,45,19,2,1056,1002,1005,1053,1028,1030
21st Oct 25 2025,56,1,22,0,1107,949,1014,1042,1035,1021
20th Oct 25 2025,95,37,14,1,926,1138,906,1158,991,1073
17th Oct 25 2025,42,40,11,1,837,1218,851,1204,955,1100
16th Oct 25 2025,77,31,14,2,925,1127,910,1142,987,1065
15th Oct 25 2025,90,27,12,2,820,1232,865,1187,954,1098
14th Oct 25 2025,42,61,23,3,668,1382,773,1277,915,1135
13th Oct 25 2025,54,38,14,4,849,1205,895,1159,980,1074
10th Oct 25 2025,82,23,17,3,993,1053,961,1085,1017,1029
9th Oct 25 2025,88,38,28,5,895,1154,913,1136,996,1053
8th Oct 25 2025,75,26,28,2,806,1240,862,1184,979,1067
7th Oct 25 2025,58,34,22,1,893,1151,920,1124,997,1047
6th Oct 25 2025,81,34,19,1,928,1118,933,1113,1001,1045
3rd Oct 25 2025,126,12,11,1,905,1134,918,1121,1014,1026
1st Oct 25 2025,127,8,11,1,683,1352,779,1256,956,1080
30th Sep 25 2025,39,30,8,2,479,1550,613,1416,879,1151
29th Sep 25 2025,65,61,15,3,453,1580,625,1408,876,1158
26th Sep 25 2025,15,110,19,1,447,1576,615,1408,881,1143
25th Sep 25 2025,40,31,22,1,740,1282,882,1140,1004,1019
24th Sep 25 2025,54,29,19,2,931,1090,1046,975,1064,958
23rd Sep 25 2025,71,24,21,2,1100,920,1146,874,1108,913
22nd Sep 25 2025,83,36,25,2,1201,825,1191,836,1146,881
19th Sep 25 2025,69,19,20,1,1385,634,1288,733,1168,853
18th Sep 25 2025,56,19,20,1,1428,590,1295,724,1158,861
17th Sep 25 2025,73,18,24,1,1441,574,1287,729,1157,859
16th Sep 25 2025,80,12,18,1,1379,636,1233,783,1130,886
15th Sep 25 2025,88,18,16,0,1299,721,1117,904,1082,939
12th Sep 25 2025,55,12,17,1,1203,812,1066,950,1047,969
11th Sep 25 2025,55,22,24,1,1211,804,1055,961,1033,983
10th Sep 25 2025,93,18,18,0,1194,821,1043,973,1036,980
9th Sep 25 2025,66,27,24,0,1009,1005,902,1113,980,1035
8th Sep 25 2025,122,19,33,1,995,1023,890,1129,986,1033
5th Sep 25 2025,87,14,27,1,896,1118,856,1159,949,1066
4th Sep 25 2025,52,25,20,2,935,1078,851,1163,969,1045
3rd Sep 25 2025,113,11,16,0,1041,971,905,1108,981,1032
2nd Sep 25 2025,121,21,11,0,868,1142,782,1231,938,1075
1st Sep 25 2025,128,16,12,1,726,1288,704,1311,902,1113
29th Aug 25 2025,51,20,8,1,510,1499,572,1438,816,1194
28th Aug 25 2025,30,59,6,1,520,1489,588,1422,836,1174
26th Aug 25 2025,27,59,11,2,622,1382,679,1326,897,1108
25th Aug 25 2025,69,35,23,0,929,1078,884,1124,989,1019
22nd Aug 25 2025,51,16,21,0,906,1097,888,1116,975,1029
21st Aug 25 2025,60,19,21,0,1013,991,950,1055,992,1013
20th Aug 25 2025,103,10,21,1,992,1009,936,1066,987,1015
19th Aug 25 2025,128,16,18,1,937,1063,889,1112,981,1020
18th Aug 25 2025,149,29,17,1,772,1231,798,1206,937,1067
14th Aug 25 2025,46,73,13,3,537,1460,636,1361,869,1129
13th Aug 25 2025,110,47,9,5,589,1407,673,1323,904,1093
12th Aug 25 2025,76,49,4,5,493,1503,612,1385,877,1120
11th Aug 25 2025,83,63,5,3,434,1562,597,1400,863,1134
8th Aug 25 2025,47,73,7,4,365,1632,540,1457,832,1165
7th Aug 25 2025,53,51,7,5,438,1559,629,1368,915,1082
6th Aug 25 2025,38,73,7,5,451,1544,631,1364,927,1068
5th Aug 25 2025,44,39,8,5,562,1431,724,1269,986,1007
4th Aug 25 2025,94,47,12,4,571,1423,772,1222,1008,986
1st Aug 25 2025,33,116,9,0,435,1555,701,1289,966,1024
31st Jul 25 2025,52,47,9,1,572,1415,855,1132,1062,925
30th Jul 25 2025,89,29,9,1,671,1313,967,1017,1097,887
29th Jul 25 2025,112,17,9,1,604,1381,938,1046,1090,895
28th Jul 25 2025,36,114,9,4,484,1504,793,1195,1030,958
25th Jul 25 2025,23,84,8,3,622,1361,989,995,1119,865
24th Jul 25 2025,44,36,10,2,940,1044,1283,701,1248,735
23rd Jul 25 2025,47,28,14,2,1064,919,1335,648,1265,718
22nd Jul 25 2025,54,21,16,2,1020,961,1352,630,1262,720
24th Jul 26 2026,70,35,17,8,788,1446,1094,1139,1196,1039
23rd Jul 26 2026,60,49,14,7,782,1465,1068,1180,1175,1074
22nd Jul 26 2026,47,69,14,4,956,1291,1215,1033,1211,1038
21st Jul 26 2026,97,23,12,4,1185,1063,1347,901,1281,968
20th Jul 26 2026,87,28,11,4,1152,1098,1350,900,1266,985
17th Jul 26 2026,28,60,8,3,1084,1166,1302,948,1251,1000
16th Jul 26 2026,61,33,14,2,1185,1066,1362,889,1258,994
15th Jul 26 2026,80,24,23,1,1238,1013,1392,859,1290,962
14th Jul 26 2026,49,40,17,3,1177,1072,1358,892,1273,978
13th Jul 26 2026,129,18,14,2,1404,847,1492,760,1304,949
10th Jul 26 2026,130,11,13,2,1348,903,1448,803,1282,970
9th Jul 26 2026,182,9,11,1,1055,1196,1282,969,1214,1038
8th Jul 26 2026,33,167,9,1,760,1491,1120,1131,1147,1105
7th Jul 26 2026,39,64,16,1,1267,984,1424,827,1286,966
6th Jul 26 2026,102,37,21,3,1405,847,1508,744,1322,931
3rd Jul 26 2026,87,35,18,2,1456,794,1535,715,1318,933
2nd Jul 26 2026,131,22,13,2,1481,773,1519,735,1290,965
1st Jul 26 2026,108,35,17,2,1334,918,1421,832,1240,1013
30th Jun 26 2026,112,22,10,2,1263,989,1376,877,1215,1038
29th Jun 26 2026,78,75,13,2,1147,1108,1344,912,1194,1062
25th Jun 26 2026,54,67,16,1,1325,928,1453,801,1227,1027
24th Jun 26 2026,86,37,17,1,1497,755,1522,731,1278,975
23rd Jun 26 2026,59,61,24,0,1508,745,1516,738,1247,1007
22nd Jun 26 2026,172,22,40,0,1702,551,1633,622,1312,943
19th Jun 26 2026,140,21,44,1,1620,634,1570,685,1237,1018
18th Jun 26 2026,122,20,57,1,1647,606,1566,688,1223,1031
17th Jun 26 2026,123,23,27,2,1598,655,1527,727,1201,1053
16th Jun 26 2026,115,21,12,1,1564,690,1481,774,1167,1088
15th Jun 26 2026,213,12,22,3,1500,753,1418,837,1150,1105
12th Jun 26 2026,347,10,11,2,1143,1111,1166,1089,1068,1187
11th Jun 26 2026,39,93,11,7,641,1611,858,1396,913,1341
10th Jun 26 2026,50,106,20,5,785,1467,978,1276,977,1277
9th Jun 26 2026,201,29,25,4,963,1290,1143,1112,1037,1218
8th Jun 26 2026,51,169,24,5,722,1531,925,1330,962,1293
5th Jun 26 2026,108,50,33,5,1018,1236,1199,1057,1051,1205
4th Jun 26 2026,140,29,35,4,1039,1215,1183,1073,1049,1207
3rd Jun 26 2026,83,56,36,5,940,1312,1177,1077,1022,1232
2nd Jun 26 2026,146,33,34,5,1019,1233,1227,1027,1042,1212
1st Jun 26 2026,98,174,37,4,897,1357,1152,1103,996,1260
29th May 26 2026,121,148,40,1,1140,1114,1297,958,1053,1202
27th May 26 2026,151,48,52,1,1390,864,1435,820,1127,1128
26th May 26 2026,118,44,50,1,1386,868,1430,825,1105,1150
25th May 26 2026,193,35,50,2,1407,849,1448,808,1094,1162
22nd May 26 2026,89,47,23,2,1122,1132,1279,975,1011,1243
21st May 26 2026,132,29,23,2,1083,1170,1267,986,1000,1253
20th May 26 2026,103,34,17,6,981,1273,1205,1049,964,1290
19th May 26 2026,146,28,12,6,919,1335,1195,1059,948,1306
18th May 26 2026,68,154,7,15,719,1536,1079,1176,889,1366
15th May 26 2026,68,95,7,12,963,1291,1302,952,970,1284
14th May 26 2026,81,50,5,7,1093,1161,1352,902,1006,1248
13th May 26 2026,143,56,17,3,1039,1216,1353,902,995,1260
12th May 26 2026,33,513,15,2,916,1338,1311,943,950,1304
11th May 26 2026,75,145,36,4,1564,693,1673,584,1170,1087
8th May 26 2026,125,46,67,1,1889,364,1860,393,1264,989
7th May 26 2026,224,11,43,2,1986,268,1917,337,1260,994
6th May 26 2026,213,23,31,2,1930,323,1841,412,1179,1074
5th May 26 2026,110,40,22,3,1668,585,1635,618,1096,1157
4th May 26 2026,199,38,29,2,1753,503,1674,582,1072,1184
30th Apr 26 2026,54,52,13,1,1667,586,1591,662,1018,1235
29th Apr 26 2026,86,32,17,1,1781,473,1681,573,1033,1221
28th Apr 26 2026,89,31,20,1,1790,464,1671,583,1029,1225
27th Apr 26 2026,250,15,20,1,1938,318,1741,515,1032,1224
24th Apr 26 2026,39,107,21,3,1712,540,1561,691,925,1327
23rd Apr 26 2026,100,40,33,3,1963,291,1771,483,1020,1234
22nd Apr 26 2026,139,24,30,2,2050,203,1878,375,1053,1200
21st Apr 26 2026,118,21,42,3,2045,137,1826,356,975,1207
20th Apr 26 2026,76,49,44,2,2049,130,1780,399,916,1263
17th Apr 26 2026,181,8,76,0,2086,83,1855,314,946,1223
16th Apr 26 2026,134,10,60,0,2050,119,1744,425,856,1313
15th Apr 26 2026,377,6,123,0,2052,116,1667,501,810,1358
13th Apr 26 2026,101,36,88,1,1885,285,1273,897,672,1498
10th Apr 26 2026,238,6,126,1,1955,212,1352,815,673,1494
9th Apr 26 2026,97,30,101,0,1824,345,1018,1151,579,1590
8th Apr 26 2026,899,13,401,0,1909,259,1035,1133,569,1599
7th Apr 26 2026,124,11,56,2,1096,1072,532,1636,439,1729
6th Apr 26 2026,215,11,23,2,944,1223,463,1704,428,1739
2nd Apr 26 2026,182,24,15,3,653,1510,377,1786,385,1778
1st Apr 26 2026,1137,7,11,3,489,1673,338,1824,391,1771
30th Mar 26 2026,31,746,5,37,204,1958,215,1947,320,1842
27th Mar 26 2026,33,637,8,10,296,1862,256,1902,369,1789
25th Mar 26 2026,218,17,6,5,491,1667,333,1825,402,1756
24th Mar 26 2026,298,25,8,6,275,1882,250,1907,356,1801
23rd Mar 26 2026,7,975,6,3,150,2007,173,1984,304,1853
20th Mar 26 2026,98,26,16,3,372,1783,330,1825,406,1749
19th Mar 26 2026,19,301,7,2,267,1887,253,1901,386,1768
18th Mar 26 2026,330,6,6,2,503,1651,394,1760,455,1699
17th Mar 26 2026,99,16,5,6,261,1893,301,1853,410,1744
16th Mar 26 2026,41,118,5,4,188,1967,254,1901,385,1770
13th Mar 26 2026,18,381,8,6,218,1935,296,1857,390,1763
12th Mar 26 2026,59,46,11,5,433,1717,421,1729,456,1694
11th Mar 26 2026,78,53,9,4,439,1712,430,1721,472,1679
10th Mar 26 2026,277,13,9,5,445,1705,440,1711,483,1668
9th Mar 26 2026,26,286,5,11,276,1874,337,1814,419,1732
6th Mar 26 2026,63,41,3,5,394,1753,457,1691,506,1642
5th Mar 26 2026,111,21,8,1,403,1741,472,1673,515,1630
4th Mar 26 2026,49,261,6,3,293,1851,404,1741,473,1672
2nd Mar 26 2026,60,252,5,3,447,1696,494,1650,568,1576
27th Feb 26 2026,41,57,8,1,688,1452,685,1456,671,1470
26th Feb 26 2026,66,21,8,5,830,1310,760,1381,706,1435
25th Feb 26 2026,52,40,5,5,783,1355,742,1397,699,1440
24th Feb 26 2026,22,95,8,4,702,1436,675,1464,689,1450
23rd Feb 26 2026,63,47,5,2,862,1278,788,1353,721,1420
20th Feb 26 2026,48,31,9,5,832,1305,772,1366,711,1427
19th Feb 26 2026,36,55,8,5,801,1334,756,1380,712,1424
18th Feb 26 2026,73,18,5,4,1094,1041,925,1211,775,1361
17th Feb 26 2026,112,19,8,2,1025,1108,864,1270,751,1383
16th Feb 26 2026,54,103,11,2,919,1212,773,1359,727,1405
13th Feb 26 2026,34,165,19,0,948,1181,784,1346,724,1406
12th Feb 26 2026,62,101,26,1,1296,833,1015,1115,790,1339
11th Feb 26 2026,93,65,13,2,1477,651,1107,1022,817,1312
10th Feb 26 2026,136,37,29,1,1560,567,1140,988,818,1310
9th Feb 26 2026,392,19,51,1,1499,631,1062,1069,805,1326
6th Feb 26 2026,59,76,29,3,1110,1018,764,1365,685,1444
5th Feb 26 2026,54,91,33,6,1148,979,779,1349,693,1435
4th Feb 26 2026,236,56,44,18,1338,790,841,1288,727,1402
3rd Feb 26 2026,526,11,27,18,1137,992,747,1382,710,1419
2nd Feb 26 2026,77,68,16,19,454,1676,377,1753,538,1592
1st Feb 26 2026,58,236,8,4,434,1695,362,1767,496,1633
30th Jan 26 2026,168,99,14,6,667,1460,500,1627,605,1522
29th Jan 26 2026,140,61,24,5,536,1591,434,1693,574,1553
28th Jan 26 2026,356,20,12,5,540,1586,431,1695,562,1564
27th Jan 26 2026,99,73,4,10,309,1821,323,1807,487,1643
23rd Jan 26 2026,57,210,2,6,274,1851,297,1828,482,1643
22nd Jan 26 2026,184,54,2,4,361,1765,373,1753,550,1576
21st Jan 26 2026,57,141,20,2,230,1895,292,1833,490,1635
20th Jan 26 2026,29,376,24,1,253,1871,316,1808,525,1599
19th Jan 26 2026,41,91,27,1,453,1673,477,1649,629,1497
16th Jan 26 2026,68,31,25,2,532,1588,537,1583,679,1441
14th Jan 26 2026,79,19,6,1,522,1598,555,1565,692,1428
13th Jan 26 2026,71,16,3,1,488,1632,526,1594,679,1441
12th Jan 26 2026,60,73,4,4,426,1698,506,1618,671,1453
9th Jan 26 2026,15,98,3,4,429,1689,539,1579,691,1427
8th Jan 26 2026,14,138,7,4,666,1453,698,1421,776,1343
7th Jan 26 2026,69,17,14,3,1054,1065,912,1207,860,1259
6th Jan 26 2026,43,27,15,1,1019,1099,876,1242,848,1270
5th Jan 26 2026,66,39,14,1,1135,986,937,1184,874,1247
2nd Jan 26 2026,100,11,12,1,1304,812,952,1164,875,1241
1st Jan 26 2026,63,17,10,2,1067,1050,826,1291,821,1296
31st Dec 25 2025,86,16,9,2,1038,1077,804,1311,818,1297
30th Dec 25 2025,55,35,11,1,766,1347,686,1427,765,1348
29th Dec 25 2025,45,47,15,0,755,1362,717,1400,772,1345
26th Dec 25 2025,65,21,20,0,929,1185,768,1346,801,1313
24th Dec 25 2025,60,15,15,0,1083,1030,805,1308,819,1294
23rd Dec 25 2025,68,17,10,2,1128,984,809,1303,823,1289
22nd Dec 25 2025,116,14,9,1,1007,1107,750,1364,808,1306
19th Dec 25 2025,91,17,10,0,700,1410,640,1470,766,1344
18th Dec 25 2025,41,31,11,0,490,1619,536,1573,721,1388
17th Dec 25 2025,31,51,13,0,490,1618,565,1543,730,1378
16th Dec 25 2025,36,32,14,0,619,1489,615,1493,762,1346
15th Dec 25 2025,79,19,16,1,745,1361,674,1432,786,1320
12th Dec 25 2025,100,11,9,3,695,1406,652,1450,768,1334
11th Dec 25 2025,74,14,7,5,507,1594,561,1540,733,1369
10th Dec 25 2025,56,28,9,3,388,1709,480,1617,718,1380
9th Dec 25 2025,128,15,2,3,425,1671,515,1581,720,1377
8th Dec 25 2025,19,237,4,3,322,1776,464,1634,695,1404
5th Dec 25 2025,32,38,4,3,538,1556,621,1473,789,1306
4th Dec 25 2025,29,27,3,4,536,1558,641,1453,796,1299
3rd Dec 25 2025,17,37,1,3,541,1552,639,1454,813,1281
2nd Dec 25 2025,28,30,5,2,647,1446,711,1382,834,1260
1st Dec 25 2025,65,35,7,2,730,1366,745,1352,861,1236
28th Nov 25 2025,57,17,4,2,751,1338,759,1331,863,1227
27th Nov 25 2025,55,17,4,3,738,1348,751,1336,857,1230
26th Nov 25 2025,78,13,5,2,738,1347,752,1334,869,1217
25th Nov 25 2025,70,13,6,3,552,1532,642,1444,817,1269
24th Nov 25 2025,36,133,6,6,515,1574,622,1468,799,1291
21st Nov 25 2025,32,35,5,4,604,1477,695,1388,854,1229
20th Nov 25 2025,38,23,9,4,757,1323,820,1261,891,1190
19th Nov 25 2025,42,38,7,3,787,1291,825,1254,910,1169
18th Nov 25 2025,38,35,12,4,771,1305,833,1244,910,1167
17th Nov 25 2025,98,48,12,3,944,1137,909,1173,954,1128
14th Nov 25 2025,78,41,13,3,871,1201,875,1198,930,1143
13th Nov 25 2025,71,49,13,4,850,1220,867,1204,958,1113
12th Nov 25 2025,105,29,9,4,886,1182,902,1167,964,1105
11th Nov 25 2025,69,55,9,8,744,1325,812,1258,922,1148
10th Nov 25 2025,87,91,12,7,747,1325,814,1259,925,1148
7th Nov 25 2025,71,40,13,2,663,1403,804,1262,921,1145
6th Nov 25 2025,46,144,15,2,606,1459,803,1262,912,1153
4th Nov 25 2025,43,28,17,0,872,1192,962,1102,1010,1054
3rd Nov 25 2025,101,36,19,1,1090,979,1076,993,1054,1015
31st Oct 25 2025,44,30,13,1,969,1092,1005,1056,1023,1038
30th Oct 25 2025,56,24,10,1,1120,941,1087,974,1051,1010
29th Oct 25 2025,89,25,13,0,1152,908,1090,970,1060,1000
28th Oct 25 2025,63,31,14,1,994,1070,989,1075,1020,1044
27th Oct 25 2025,81,35,21,1,1018,1052,1002,1068,1040,1030
24th Oct 25 2025,52,24,18,2,976,1087,967,1096,1005,1058
23rd Oct 25 2025,81,45,20,2,1058,1005,1006,1057,1030,1033
21st Oct 25 2025,57,1,23,0,1109,952,1015,1046,1037,1024
20th Oct 25 2025,96,37,14,1,927,1142,907,1162,993,1076
17th Oct 25 2025,43,40,11,1,838,1222,852,1208,957,1103
16th Oct 25 2025,76,31,13,2,925,1132,911,1146,989,1068
15th Oct 25 2025,90,27,12,2,820,1237,867,1190,956,1101
14th Oct 25 2025,42,61,23,3,668,1387,775,1280,917,1138
13th Oct 25 2025,54,38,14,4,851,1208,897,1162,982,1077
10th Oct 25 2025,82,23,17,3,995,1056,963,1088,1019,1032
9th Oct 25 2025,89,38,28,5,896,1158,915,1139,997,1057
8th Oct 25 2025,75,26,28,2,806,1245,863,1188,980,1071
7th Oct 25 2025,58,33,22,1,895,1154,922,1127,998,1051
6th Oct 25 2025,81,35,19,1,930,1121,935,1116,1002,1049
3rd Oct 25 2025,126,12,11,1,907,1137,920,1124,1015,1030
1st Oct 25 2025,127,8,11,1,684,1356,780,1260,957,1084
30th Sep 25 2025,39,30,8,2,480,1554,614,1420,880,1155
29th Sep 25 2025,65,60,15,3,454,1584,626,1412,877,1162
26th Sep 25 2025,15,112,19,1,448,1580,616,1412,882,1147
25th Sep 25 2025,40,32,22,1,744,1283,885,1142,1006,1022
24th Sep 25 2025,54,29,19,2,933,1093,1048,978,1066,961
23rd Sep 25 2025,71,24,21,2,1102,923,1148,877,1110,916
22nd Sep 25 2025,84,37,25,2,1204,827,1194,838,1148,884
19th Sep 25 2025,69,19,20,1,1388,636,1291,735,1171,855
18th Sep 25 2025,55,19,20,1,1430,593,1296,728,1160,864
17th Sep 25 2025,73,17,24,1,1443,577,1289,732,1159,862
16th Sep 25 2025,80,11,18,1,1382,638,1235,786,1133,888
15th Sep 25 2025,88,18,16,0,1302,723,1120,906,1085,941
12th Sep 25 2025,55,12,17,1,1205,815,1068,953,1050,971
11th Sep 25 2025,55,22,24,1,1213,807,1057,964,1036,985
10th Sep 25 2025,92,18,18,0,1196,824,1044,977,1038,983
9th Sep 25 2025,66,28,24,0,1011,1008,905,1115,982,1038
8th Sep 25 2025,123,18,33,1,998,1025,893,1131,988,1036
5th Sep 25 2025,87,14,27,1,899,1120,859,1161,951,1069
4th Sep 25 2025,52,25,20,2,940,1078,856,1163,971,1048
3rd Sep 25 2025,114,11,16,0,1045,972,909,1109,983,1035
2nd Sep 25 2025,121,21,11,0,870,1145,785,1233,940,1078
1st Sep 25 2025,128,16,12,1,728,1291,707,1313,904,1116
29th Aug 25 2025,51,21,8,1,513,1501,575,1440,819,1196
28th Aug 25 2025,30,59,6,1,522,1492,591,1424,839,1176
26th Aug 25 2025,27,59,11,2,625,1384,682,1328,900,1110
25th Aug 25 2025,69,35,23,0,932,1080,887,1126,992,1021
22nd Aug 25 2025,52,16,21,0,909,1099,891,1118,978,1031
21st Aug 25 2025,60,19,21,0,1017,992,952,1058,995,1015
20th Aug 25 2025,104,10,21,1,995,1011,940,1067,990,1017
19th Aug 25 2025,128,16,18,1,940,1065,892,1114,984,1022
18th Aug 25 2025,150,29,18,1,775,1233,801,1208,940,1069
14th Aug 25 2025,47,73,15,3,540,1462,639,1363,872,1131
13th Aug 25 2025,111,47,10,5,592,1409,676,1325,907,1095
12th Aug 25 2025,77,49,5,5,495,1506,613,1389,880,1122
11th Aug 25 2025,85,63,5,3,435,1566,598,1404,866,1136
8th Aug 25 2025,48,74,7,4,366,1636,540,1462,834,1168
7th Aug 25 2025,54,52,7,5,438,1564,629,1373,917,1085
6th Aug 25 2025,39,73,7,5,452,1548,632,1368,929,1071
5th Aug 25 2025,45,40,8,5,563,1435,724,1274,988,1010
4th Aug 25 2025,94,48,12,4,572,1427,772,1227,1010,989
1st Aug 25 2025,33,116,9,0,437,1558,701,1294,968,1027
31st Jul 25 2025,52,47,9,1,573,1419,856,1136,1064,928
30th Jul 25 2025,89,29,9,1,672,1317,969,1020,1099,890
29th Jul 25 2025,113,17,9,1,605,1385,940,1049,1092,898
28th Jul 25 2025,36,114,9,4,485,1508,794,1199,1032,961
25th Jul 25 2025,23,84,8,3,623,1365,991,998,1121,868
24th Jul 25 2025,45,36,10,2,943,1046,1285,704,1250,738
23rd Jul 25 2025,47,28,14,2,1065,923,1337,651,1266,722
22nd Jul 25 2025,54,21,16,2,1021,965,1355,632,1264,723
21st Jul 25 2025,65,32,15,3,1119,869,1413,575,1273,715
18th Jul 25 2025,50,18,14,1,1148,836,1452,532,1290,694
17th Jul 25 2025,63,14,15,1,1309,673,1534,448,1318,664
22nd Jul 26 2026,47,69,14,4,968,1257,1212,1013,1208,1017
21st Jul 26 2026,97,23,12,4,1180,1056,1344,892,1279,958
20th Jul 26 2026,87,26,11,4,1147,1091,1346,892,1263,976
17th Jul 26 2026,28,60,8,3,1080,1158,1298,940,1248,991
16th Jul 26 2026,60,33,14,2,1181,1058,1359,880,1256,984
15th Jul 26 2026,80,24,23,1,1234,1005,1388,851,1287,953
14th Jul 26 2026,49,39,17,3,1173,1064,1354,884,1271,968
13th Jul 26 2026,129,18,14,2,1399,840,1488,752,1301,940
10th Jul 26 2026,129,11,13,2,1344,895,1445,794,1279,961
9th Jul 26 2026,182,9,11,1,1052,1187,1279,960,1212,1028
8th Jul 26 2026,33,167,9,1,758,1481,1117,1122,1145,1095
7th Jul 26 2026,39,64,16,1,1263,976,1420,819,1282,958
6th Jul 26 2026,102,37,21,3,1400,840,1503,737,1318,923
3rd Jul 26 2026,87,35,18,2,1452,786,1531,707,1314,925
2nd Jul 26 2026,131,22,13,2,1477,765,1515,727,1286,957
1st Jul 26 2026,108,35,17,2,1329,911,1416,825,1237,1004
30th Jun 26 2026,112,21,10,2,1259,981,1372,869,1213,1028
29th Jun 26 2026,78,75,13,2,1143,1100,1340,904,1192,1052
25th Jun 26 2026,54,67,16,1,1320,921,1448,794,1225,1017
24th Jun 26 2026,86,37,17,1,1492,748,1518,723,1275,966
23rd Jun 26 2026,59,60,24,0,1504,737,1511,731,1244,998
22nd Jun 26 2026,171,22,40,0,1695,546,1627,616,1308,935
19th Jun 26 2026,139,21,44,1,1613,629,1565,678,1233,1010
18th Jun 26 2026,122,20,57,1,1638,603,1561,681,1219,1023
17th Jun 26 2026,123,23,27,2,1592,649,1522,720,1197,1045
16th Jun 26 2026,113,21,12,1,1556,686,1475,768,1163,1080
15th Jun 26 2026,211,12,22,3,1492,749,1412,831,1146,1097
12th Jun 26 2026,345,10,11,2,1137,1105,1161,1082,1066,1177
11th Jun 26 2026,39,93,11,7,639,1601,857,1385,912,1330
10th Jun 26 2026,50,106,20,5,783,1457,976,1266,976,1266
9th Jun 26 2026,201,29,25,4,961,1280,1140,1103,1034,1209
8th Jun 26 2026,51,167,24,5,719,1522,922,1321,960,1283
5th Jun 26 2026,108,50,33,5,1016,1226,1194,1050,1048,1196
4th Jun 26 2026,140,29,35,4,1034,1208,1177,1067,1045,1199
3rd Jun 26 2026,83,56,36,5,937,1303,1173,1069,1019,1223
2nd Jun 26 2026,146,33,34,5,1017,1223,1223,1019,1038,1204
1st Jun 26 2026,98,173,37,4,893,1349,1147,1096,992,1252
29th May 26 2026,121,148,40,1,1135,1107,1292,951,1049,1194
27th May 26 2026,150,47,52,1,1383,859,1429,814,1123,1120
26th May 26 2026,117,44,50,1,1379,863,1423,820,1100,1143
25th May 26 2026,193,35,50,2,1402,842,1442,802,1089,1155
22nd May 26 2026,89,47,23,2,1121,1122,1275,968,1007,1236
21st May 26 2026,132,29,23,2,1081,1161,1263,979,996,1246
20th May 26 2026,103,34,17,6,979,1264,1201,1042,960,1283
19th May 26 2026,145,27,12,6,916,1327,1190,1053,943,1300
18th May 26 2026,68,153,7,15,716,1528,1075,1169,885,1359
15th May 26 2026,68,95,7,12,960,1283,1297,946,966,1277
14th May 26 2026,81,49,5,7,1090,1153,1346,897,1002,1241
13th May 26 2026,143,56,17,3,1035,1209,1346,898,990,1254
12th May 26 2026,33,511,15,2,913,1330,1304,939,946,1297
11th May 26 2026,75,145,36,4,1554,692,1664,582,1165,1081
8th May 26 2026,125,46,67,1,1881,361,1853,389,1259,983
7th May 26 2026,222,11,42,2,1977,266,1909,334,1255,988
6th May 26 2026,211,23,31,2,1922,321,1834,409,1175,1068
5th May 26 2026,109,40,22,3,1663,579,1629,613,1092,1150
4th May 26 2026,197,38,29,2,1746,499,1667,578,1068,1177
30th Apr 26 2026,54,51,13,1,1662,580,1584,658,1014,1228
29th Apr 26 2026,86,32,16,1,1775,468,1675,568,1028,1215
28th Apr 26 2026,89,30,19,1,1783,460,1664,579,1025,1218
27th Apr 26 2026,249,15,19,1,1929,316,1733,512,1028,1217
24th Apr 26 2026,38,106,20,3,1705,536,1552,689,921,1320
23rd Apr 26 2026,99,39,33,3,1953,290,1761,482,1016,1227
22nd Apr 26 2026,138,24,30,2,2040,202,1867,375,1049,1193
21st Apr 26 2026,118,21,42,3,2034,137,1815,356,970,1201
20th Apr 26 2026,75,48,44,2,2038,130,1770,398,911,1257
17th Apr 26 2026,181,8,76,0,2076,82,1845,313,943,1215
16th Apr 26 2026,133,10,59,0,2039,119,1734,424,852,1306
15th Apr 26 2026,377,6,123,0,2041,116,1658,499,807,1350
13th Apr 26 2026,101,35,87,1,1874,285,1265,894,669,1490
10th Apr 26 2026,237,6,125,1,1945,211,1343,813,671,1485
9th Apr 26 2026,94,30,100,0,1814,344,1011,1147,577,1581
8th Apr 26 2026,894,13,399,0,1898,259,1030,1127,566,1591
7th Apr 26 2026,122,11,55,2,1092,1065,530,1627,437,1720
6th Apr 26 2026,215,11,23,2,940,1216,461,1695,425,1731
2nd Apr 26 2026,180,24,15,3,649,1503,375,1777,382,1770
1st Apr 26 2026,1132,7,11,3,488,1663,336,1815,388,1763
30th Mar 26 2026,31,742,5,36,203,1948,214,1937,318,1833
27th Mar 26 2026,33,634,8,10,295,1852,255,1892,367,1780
25th Mar 26 2026,216,17,6,5,490,1657,331,1816,400,1747
24th Mar 26 2026,295,25,8,6,273,1873,247,1899,354,1792
23rd Mar 26 2026,7,971,6,3,149,1997,171,1975,302,1844
20th Mar 26 2026,98,26,16,3,370,1774,327,1817,404,1740
19th Mar 26 2026,19,300,7,2,265,1878,250,1893,384,1759
18th Mar 26 2026,329,6,6,2,502,1641,391,1752,453,1690
17th Mar 26 2026,98,15,5,6,257,1886,298,1845,408,1735
16th Mar 26 2026,41,117,5,4,185,1959,251,1893,383,1761
13th Mar 26 2026,18,378,8,6,215,1927,294,1848,388,1754
12th Mar 26 2026,59,45,11,5,431,1708,419,1720,454,1685
11th Mar 26 2026,77,53,9,4,436,1704,427,1713,470,1670
10th Mar 26 2026,277,13,9,5,441,1698,437,1703,481,1659
9th Mar 26 2026,26,286,5,11,275,1864,336,1804,417,1723
6th Mar 26 2026,62,40,3,5,389,1747,454,1683,504,1633
5th Mar 26 2026,111,21,8,1,400,1733,470,1664,514,1620
4th Mar 26 2026,48,260,6,3,292,1842,402,1733,471,1664
2nd Mar 26 2026,60,251,5,3,444,1689,491,1643,566,1568
27th Feb 26 2026,41,56,8,1,684,1446,682,1449,669,1462
26th Feb 26 2026,65,21,8,5,825,1305,756,1375,704,1427
25th Feb 26 2026,51,40,5,5,781,1347,740,1389,697,1432
24th Feb 26 2026,22,94,8,4,699,1429,673,1456,688,1441
23rd Feb 26 2026,63,47,5,2,860,1270,786,1345,720,1411
20th Feb 26 2026,48,30,9,5,830,1297,770,1358,710,1418
19th Feb 26 2026,36,55,8,5,798,1327,755,1371,711,1415
18th Feb 26 2026,72,18,5,4,1090,1035,923,1203,773,1353
17th Feb 26 2026,112,18,8,2,1022,1101,861,1263,750,1374
16th Feb 26 2026,54,102,11,2,917,1204,771,1351,726,1396
13th Feb 26 2026,34,165,19,0,945,1174,783,1337,723,1397
12th Feb 26 2026,62,101,26,1,1292,827,1013,1107,788,1331
11th Feb 26 2026,93,65,13,2,1469,649,1105,1014,815,1304
10th Feb 26 2026,136,37,29,1,1554,563,1137,981,816,1302
9th Feb 26 2026,390,19,51,1,1493,627,1059,1062,803,1318
6th Feb 26 2026,58,75,29,3,1104,1014,762,1357,683,1436
5th Feb 26 2026,54,90,33,6,1143,974,775,1343,692,1426
4th Feb 26 2026,234,56,44,18,1333,785,837,1282,726,1393
3rd Feb 26 2026,525,11,27,18,1132,987,743,1376,709,1410
2nd Feb 26 2026,77,68,16,19,452,1668,376,1744,537,1583
1st Feb 26 2026,58,235,8,4,432,1687,361,1758,495,1624
30th Jan 26 2026,168,99,14,6,665,1452,499,1618,604,1513
29th Jan 26 2026,140,61,24,5,535,1582,433,1684,573,1544
28th Jan 26 2026,354,20,12,5,539,1577,430,1686,561,1555
27th Jan 26 2026,99,72,4,10,307,1813,322,1798,486,1634
23rd Jan 26 2026,57,209,2,6,273,1842,296,1819,481,1634
22nd Jan 26 2026,183,54,2,4,361,1755,372,1744,549,1567
21st Jan 26 2026,57,140,20,2,230,1885,292,1823,489,1626
20th Jan 26 2026,29,373,24,1,253,1861,316,1798,524,1590
19th Jan 26 2026,41,89,27,1,453,1663,477,1639,628,1488
16th Jan 26 2026,68,31,25,2,532,1578,537,1573,678,1432
14th Jan 26 2026,78,19,6,1,521,1589,554,1556,691,1419
13th Jan 26 2026,69,16,3,1,487,1623,525,1585,678,1432
12th Jan 26 2026,60,73,4,4,425,1689,505,1609,670,1444
9th Jan 26 2026,15,97,3,4,428,1680,538,1570,690,1418
8th Jan 26 2026,14,138,7,4,664,1445,696,1413,774,1335
7th Jan 26 2026,68,16,14,3,1052,1057,910,1199,858,1251
6th Jan 26 2026,43,26,15,1,1016,1092,873,1235,845,1263
5th Jan 26 2026,66,39,14,1,1132,979,933,1178,870,1241
2nd Jan 26 2026,100,11,12,1,1301,805,949,1157,872,1234
1st Jan 26 2026,62,17,10,2,1063,1044,823,1284,819,1288
31st Dec 25 2025,86,16,9,2,1035,1070,802,1303,816,1289
30th Dec 25 2025,55,35,11,1,765,1338,685,1418,764,1339
29th Dec 25 2025,45,47,15,0,755,1352,716,1391,771,1336
26th Dec 25 2025,65,21,20,0,927,1177,766,1338,800,1304
24th Dec 25 2025,60,15,15,0,1080,1023,803,1300,816,1287
23rd Dec 25 2025,68,17,10,2,1126,976,807,1295,820,1282
22nd Dec 25 2025,116,14,9,1,1003,1101,747,1357,805,1299
19th Dec 25 2025,91,17,10,0,699,1401,638,1462,763,1337
18th Dec 25 2025,41,31,11,0,488,1611,534,1565,719,1380
17th Dec 25 2025,31,51,13,0,490,1608,564,1534,727,1371
16th Dec 25 2025,36,30,14,0,619,1479,613,1485,758,1340
15th Dec 25 2025,78,18,16,1,741,1355,669,1427,782,1314
12th Dec 25 2025,98,11,9,3,690,1401,648,1444,764,1328
11th Dec 25 2025,73,14,7,4,506,1585,560,1531,730,1362
10th Dec 25 2025,56,27,9,3,388,1699,478,1609,714,1374
9th Dec 25 2025,126,14,2,3,424,1662,512,1574,717,1370
8th Dec 25 2025,19,235,4,3,320,1768,461,1627,691,1398
5th Dec 25 2025,32,38,4,3,535,1549,617,1467,785,1300
4th Dec 25 2025,29,27,3,4,533,1551,637,1447,792,1293
3rd Dec 25 2025,17,37,1,3,538,1545,635,1448,809,1275
2nd Dec 25 2025,28,30,5,2,643,1440,707,1376,830,1254
1st Dec 25 2025,65,35,7,2,726,1360,741,1346,857,1230
28th Nov 25 2025,57,17,4,2,746,1333,755,1325,859,1221
27th Nov 25 2025,53,17,4,3,733,1343,745,1332,852,1225
26th Nov 25 2025,78,12,5,2,732,1343,746,1330,865,1211
25th Nov 25 2025,69,13,6,3,547,1527,637,1439,813,1263
24th Nov 25 2025,36,132,6,6,512,1567,617,1463,795,1285
21st Nov 25 2025,31,35,5,4,599,1472,690,1383,850,1223
20th Nov 25 2025,38,23,9,4,752,1318,814,1257,885,1186
19th Nov 25 2025,42,38,7,3,782,1286,819,1250,904,1165
18th Nov 25 2025,37,35,12,4,768,1298,828,1239,906,1161
17th Nov 25 2025,98,47,12,3,940,1132,905,1168,951,1122
14th Nov 25 2025,78,41,13,3,868,1195,871,1193,927,1137
13th Nov 25 2025,70,49,13,4,845,1216,862,1200,955,1107
12th Nov 25 2025,105,28,9,4,882,1177,898,1162,961,1099
11th Nov 25 2025,69,55,9,8,741,1319,808,1253,919,1142
10th Nov 25 2025,87,91,12,7,744,1319,810,1254,921,1143
7th Nov 25 2025,71,40,13,2,659,1398,799,1258,918,1139
6th Nov 25 2025,46,142,15,2,603,1453,799,1257,909,1147
4th Nov 25 2025,43,28,17,0,867,1188,957,1098,1007,1048
3rd Nov 25 2025,101,36,19,1,1085,975,1071,989,1050,1010
31st Oct 25 2025,44,30,13,1,965,1087,1000,1052,1020,1032
30th Oct 25 2025,56,24,10,1,1115,937,1082,970,1048,1004
29th Oct 25 2025,87,25,13,0,1149,902,1086,965,1057,994
28th Oct 25 2025,61,31,14,1,988,1067,984,1071,1017,1038
27th Oct 25 2025,80,34,21,1,1012,1049,996,1065,1037,1024
24th Oct 25 2025,51,23,18,2,969,1085,962,1092,1002,1052
23rd Oct 25 2025,81,45,20,2,1052,1002,1002,1052,1027,1027
21st Oct 25 2025,55,1,23,0,1104,948,1010,1042,1034,1018
20th Oct 25 2025,96,37,14,1,921,1139,903,1157,990,1070
17th Oct 25 2025,43,40,11,1,832,1219,847,1204,954,1097
16th Oct 25 2025,75,31,13,2,920,1128,906,1142,985,1063
15th Oct 25 2025,89,27,12,2,815,1233,863,1185,954,1094
14th Oct 25 2025,42,60,23,3,666,1380,773,1273,915,1131
13th Oct 25 2025,54,38,14,4,847,1203,893,1157,979,1071
10th Oct 25 2025,81,23,17,3,991,1051,961,1081,1017,1025
9th Oct 25 2025,87,38,28,5,892,1153,911,1134,994,1051
8th Oct 25 2025,75,26,28,2,804,1238,861,1181,978,1064
7th Oct 25 2025,58,32,22,1,890,1150,917,1123,996,1044
6th Oct 25 2025,81,34,19,1,926,1116,931,1111,1000,1042
3rd Oct 25 2025,126,12,11,1,902,1133,916,1119,1013,1023
1st Oct 25 2025,127,8,11,1,682,1349,777,1254,955,1077
30th Sep 25 2025,38,30,8,2,477,1548,611,1414,878,1148
29th Sep 25 2025,65,60,15,3,452,1577,624,1405,875,1155
26th Sep 25 2025,15,111,19,1,447,1572,614,1405,880,1140
25th Sep 25 2025,40,32,22,1,742,1276,882,1136,1004,1015
24th Sep 25 2025,54,29,19,2,931,1086,1045,972,1063,955
23rd Sep 25 2025,71,24,21,2,1099,917,1144,872,1107,910
22nd Sep 25 2025,84,36,25,2,1202,820,1191,832,1145,878
19th Sep 25 2025,68,19,20,1,1384,631,1287,730,1167,850
18th Sep 25 2025,55,19,20,1,1425,589,1291,724,1158,857
17th Sep 25 2025,73,17,24,1,1438,573,1284,728,1156,856
16th Sep 25 2025,80,11,18,1,1376,635,1231,781,1129,883
15th Sep 25 2025,88,18,16,0,1295,721,1114,903,1081,936
12th Sep 25 2025,55,12,17,1,1199,812,1064,948,1046,966
11th Sep 25 2025,55,22,24,1,1207,804,1054,958,1032,980
10th Sep 25 2025,92,18,18,0,1191,820,1041,971,1035,977
9th Sep 25 2025,66,28,24,0,1006,1004,901,1110,979,1032
8th Sep 25 2025,122,18,33,1,993,1021,890,1125,985,1030
5th Sep 25 2025,87,14,27,1,893,1117,855,1156,947,1064
4th Sep 25 2025,52,24,20,2,935,1074,852,1158,967,1043
3rd Sep 25 2025,111,11,15,0,1039,969,905,1104,979,1030
2nd Sep 25 2025,120,21,11,0,868,1138,783,1226,937,1072
1st Sep 25 2025,128,15,12,1,726,1284,706,1305,901,1110
29th Aug 25 2025,50,21,8,1,511,1494,573,1433,815,1191
28th Aug 25 2025,30,59,6,1,520,1485,588,1418,836,1170
26th Aug 25 2025,26,57,11,2,621,1379,680,1321,895,1106
25th Aug 25 2025,68,35,23,0,928,1075,883,1121,989,1015
22nd Aug 25 2025,52,16,21,0,905,1094,886,1114,975,1025
21st Aug 25 2025,60,19,21,0,1013,987,948,1053,992,1009
20th Aug 25 2025,103,10,20,1,990,1007,937,1061,987,1011
19th Aug 25 2025,127,15,17,1,936,1060,888,1109,981,1016
18th Aug 25 2025,147,29,16,1,772,1227,798,1202,936,1064
14th Aug 25 2025,46,73,15,3,538,1455,637,1356,869,1125
13th Aug 25 2025,110,47,10,5,590,1402,674,1318,904,1089
12th Aug 25 2025,76,49,5,5,494,1498,612,1381,877,1116
11th Aug 25 2025,83,62,5,3,433,1559,597,1396,864,1129
8th Aug 25 2025,48,74,7,4,365,1629,539,1455,832,1162
7th Aug 25 2025,54,51,7,5,437,1556,627,1366,913,1080
6th Aug 25 2025,38,73,7,5,450,1541,630,1361,925,1066
5th Aug 25 2025,44,40,8,5,562,1427,723,1266,985,1004
4th Aug 25 2025,94,48,12,4,570,1420,769,1221,1006,984
1st Aug 25 2025,33,116,9,0,434,1552,699,1287,964,1022
31st Jul 25 2025,52,47,9,1,571,1412,853,1130,1060,923
30th Jul 25 2025,89,29,9,1,671,1309,967,1013,1096,884
29th Jul 25 2025,113,17,9,1,604,1377,938,1042,1088,893
28th Jul 25 2025,36,114,9,4,483,1501,791,1193,1028,956
25th Jul 25 2025,23,84,8,3,621,1358,989,991,1117,863
24th Jul 25 2025,45,36,10,2,941,1039,1282,698,1246,733
23rd Jul 25 2025,47,28,14,2,1062,917,1334,645,1262,717
22nd Jul 25 2025,54,21,16,2,1018,959,1352,626,1260,718
21st Jul 25 2025,64,32,15,3,1115,864,1409,570,1269,710
18th Jul 25 2025,49,18,14,1,1145,830,1448,527,1285,690
17th Jul 25 2025,63,14,15,1,1306,667,1529,444,1313,660
16th Jul 25 2025,88,12,12,0,1316,657,1530,443,1301,672
15th Jul 25 2025,100,8,9,0,1240,733,1471,502,1269,704
17th Jul 26 2026,29,60,8,3,1096,1147,1305,938,1243,1001
16th Jul 26 2026,60,33,14,2,1187,1067,1366,888,1262,993
15th Jul 26 2026,80,24,23,1,1240,1014,1395,859,1294,961
14th Jul 26 2026,49,39,17,3,1180,1072,1362,891,1277,977
13th Jul 26 2026,129,18,14,2,1405,849,1496,759,1308,948
10th Jul 26 2026,129,11,13,2,1350,904,1452,802,1286,969
9th Jul 26 2026,182,8,11,1,1058,1196,1286,968,1219,1036
8th Jul 26 2026,33,168,9,1,760,1494,1123,1131,1152,1103
7th Jul 26 2026,39,64,16,1,1270,984,1428,826,1290,965
6th Jul 26 2026,102,37,21,3,1408,847,1512,743,1326,930
3rd Jul 26 2026,86,35,18,2,1460,793,1540,713,1321,933
2nd Jul 26 2026,132,22,13,1,1486,771,1524,733,1294,964
1st Jul 26 2026,108,34,17,2,1337,918,1426,830,1244,1012
30th Jun 26 2026,113,20,10,2,1268,987,1381,875,1221,1035
29th Jun 26 2026,78,74,13,2,1150,1108,1350,909,1198,1061
25th Jun 26 2026,54,67,16,1,1327,929,1457,800,1231,1026
24th Jun 26 2026,87,37,17,1,1498,757,1526,730,1282,974
23rd Jun 26 2026,59,60,24,0,1512,744,1520,737,1251,1006
22nd Jun 26 2026,171,22,40,0,1703,553,1637,621,1317,941
19th Jun 26 2026,140,21,44,1,1622,635,1575,683,1241,1017
18th Jun 26 2026,124,20,57,1,1647,609,1569,688,1226,1031
17th Jun 26 2026,123,23,27,2,1601,655,1531,726,1205,1052
16th Jun 26 2026,114,21,12,1,1565,692,1486,772,1171,1087
15th Jun 26 2026,212,12,22,3,1504,752,1423,835,1154,1104
12th Jun 26 2026,346,11,11,2,1147,1110,1171,1087,1073,1185
11th Jun 26 2026,39,93,11,7,645,1610,863,1394,918,1339
10th Jun 26 2026,50,106,20,5,788,1467,980,1277,982,1275
9th Jun 26 2026,201,29,25,4,967,1289,1147,1111,1041,1217
8th Jun 26 2026,52,169,24,5,726,1530,928,1330,966,1292
5th Jun 26 2026,108,50,33,5,1022,1235,1203,1056,1055,1204
4th Jun 26 2026,141,29,35,4,1042,1215,1186,1073,1052,1207
3rd Jun 26 2026,83,57,36,5,944,1311,1179,1078,1025,1232
2nd Jun 26 2026,147,35,34,5,1024,1231,1231,1026,1044,1213
1st Jun 26 2026,99,175,37,4,900,1357,1156,1102,1000,1259
29th May 26 2026,121,148,40,1,1142,1115,1298,960,1056,1202
27th May 26 2026,152,47,53,1,1395,862,1439,819,1130,1128
26th May 26 2026,119,44,49,1,1390,867,1433,825,1107,1151
25th May 26 2026,192,35,49,2,1412,847,1452,807,1096,1163
22nd May 26 2026,90,47,23,2,1127,1131,1284,974,1015,1243
21st May 26 2026,134,29,23,2,1087,1170,1272,985,1003,1254
20th May 26 2026,103,34,17,6,983,1275,1207,1051,966,1292
19th May 26 2026,144,28,12,6,920,1338,1197,1061,950,1308
18th May 26 2026,68,154,7,14,719,1540,1081,1178,891,1368
15th May 26 2026,68,95,7,11,966,1292,1306,952,972,1286
14th May 26 2026,82,50,5,6,1097,1161,1355,903,1008,1250
13th May 26 2026,143,55,18,2,1043,1216,1357,902,997,1262
12th May 26 2026,33,513,15,1,920,1338,1314,944,952,1306
11th May 26 2026,74,144,36,3,1567,694,1676,585,1172,1089
8th May 26 2026,126,45,68,0,1893,364,1865,392,1266,991
7th May 26 2026,225,10,42,1,1992,266,1923,335,1263,995
6th May 26 2026,212,23,31,2,1935,323,1846,412,1181,1077
5th May 26 2026,109,40,22,3,1671,586,1639,618,1099,1158
4th May 26 2026,200,38,30,2,1757,503,1679,581,1074,1186
30th Apr 26 2026,54,52,13,1,1671,586,1597,660,1020,1237
29th Apr 26 2026,86,32,16,1,1789,469,1687,571,1035,1223
28th Apr 26 2026,90,30,21,1,1794,464,1675,583,1031,1227
27th Apr 26 2026,250,15,19,1,1942,318,1744,516,1033,1227
24th Apr 26 2026,38,107,20,3,1715,541,1564,692,926,1330
23rd Apr 26 2026,99,39,33,3,1967,291,1774,484,1023,1235
22nd Apr 26 2026,138,25,30,2,2054,203,1882,375,1056,1201
21st Apr 26 2026,120,21,43,3,2049,137,1829,357,978,1208
20th Apr 26 2026,75,50,45,2,2053,130,1785,398,918,1265
17th Apr 26 2026,184,8,77,0,2090,83,1860,313,948,1225
16th Apr 26 2026,136,10,60,0,2054,119,1747,426,858,1315
15th Apr 26 2026,377,6,124,0,2056,116,1670,502,811,1361
13th Apr 26 2026,103,36,88,1,1889,285,1275,899,674,1500
10th Apr 26 2026,238,6,127,1,1959,212,1353,818,673,1498
9th Apr 26 2026,94,30,101,0,1828,345,1019,1154,579,1594
8th Apr 26 2026,901,13,401,0,1913,259,1037,1135,569,1603
7th Apr 26 2026,124,11,56,2,1099,1073,535,1637,438,1734
6th Apr 26 2026,218,12,23,2,949,1222,465,1706,427,1744
2nd Apr 26 2026,179,24,15,3,653,1514,378,1789,384,1783
1st Apr 26 2026,1140,7,11,3,491,1675,339,1827,390,1776
30th Mar 26 2026,32,746,5,36,204,1962,216,1950,320,1846
27th Mar 26 2026,33,637,8,10,297,1865,256,1906,368,1794
25th Mar 26 2026,218,17,6,5,493,1669,334,1828,401,1761
24th Mar 26 2026,297,25,8,6,276,1885,251,1910,355,1806
23rd Mar 26 2026,7,976,6,3,151,2010,173,1988,303,1858
20th Mar 26 2026,100,26,16,3,375,1784,330,1829,405,1754
19th Mar 26 2026,19,302,7,2,269,1889,253,1905,385,1773
18th Mar 26 2026,331,6,6,2,505,1653,395,1763,454,1704
17th Mar 26 2026,99,16,5,6,261,1897,301,1857,409,1749
16th Mar 26 2026,43,118,5,4,188,1971,254,1905,384,1775
13th Mar 26 2026,18,382,7,6,217,1940,295,1862,389,1768
12th Mar 26 2026,59,45,11,5,433,1721,421,1733,455,1699
11th Mar 26 2026,78,53,9,4,441,1714,431,1724,471,1684
10th Mar 26 2026,276,14,9,5,445,1709,441,1714,482,1673
9th Mar 26 2026,25,286,5,11,276,1878,337,1818,418,1737
6th Mar 26 2026,62,40,3,4,392,1759,457,1695,506,1646
5th Mar 26 2026,112,20,8,0,404,1744,472,1677,515,1634
4th Mar 26 2026,48,261,6,3,293,1856,404,1746,473,1677
2nd Mar 26 2026,60,251,5,3,449,1699,496,1653,568,1581
27th Feb 26 2026,42,57,8,1,689,1456,686,1460,671,1475
26th Feb 26 2026,65,21,8,5,832,1313,761,1385,707,1439
25th Feb 26 2026,54,40,5,5,786,1357,743,1401,700,1444
24th Feb 26 2026,22,96,8,4,701,1442,676,1468,689,1455
23rd Feb 26 2026,63,48,5,2,863,1282,789,1357,722,1424
20th Feb 26 2026,48,30,9,5,834,1308,773,1370,712,1431
19th Feb 26 2026,36,55,8,6,800,1340,756,1385,713,1428
18th Feb 26 2026,72,19,5,5,1095,1045,925,1216,775,1366
17th Feb 26 2026,111,19,8,2,1028,1110,865,1274,751,1388
16th Feb 26 2026,53,102,11,2,922,1214,775,1362,728,1409
13th Feb 26 2026,34,166,19,0,952,1182,787,1348,725,1410
12th Feb 26 2026,62,102,26,1,1301,833,1019,1116,792,1342
11th Feb 26 2026,94,65,14,2,1481,652,1111,1023,819,1315
10th Feb 26 2026,137,37,30,1,1563,569,1143,990,820,1313
9th Feb 26 2026,391,19,52,1,1503,632,1066,1070,807,1329
6th Feb 26 2026,59,75,29,3,1113,1020,767,1367,687,1447
5th Feb 26 2026,55,90,33,6,1151,981,781,1352,695,1438
4th Feb 26 2026,237,56,44,18,1343,790,844,1290,729,1405
3rd Feb 26 2026,526,11,27,18,1141,993,748,1386,711,1423
2nd Feb 26 2026,76,69,16,19,454,1681,377,1758,538,1597
1st Feb 26 2026,58,237,8,4,435,1699,361,1773,497,1637
30th Jan 26 2026,168,100,14,6,669,1463,500,1632,607,1525
29th Jan 26 2026,139,61,24,5,537,1595,435,1697,576,1556
28th Jan 26 2026,354,21,12,6,543,1588,431,1700,564,1567
27th Jan 26 2026,99,73,4,11,309,1826,324,1811,488,1647
23rd Jan 26 2026,56,211,2,6,274,1856,297,1833,483,1647
22nd Jan 26 2026,182,55,2,4,362,1769,373,1758,552,1579
21st Jan 26 2026,57,140,20,2,231,1899,292,1838,491,1639
20th Jan 26 2026,29,373,24,1,253,1876,317,1812,527,1602
19th Jan 26 2026,42,89,28,1,454,1677,478,1653,631,1500
16th Jan 26 2026,69,31,26,2,533,1592,537,1588,680,1445
14th Jan 26 2026,77,20,6,1,522,1603,555,1570,693,1432
13th Jan 26 2026,69,16,4,1,488,1637,526,1599,680,1445
12th Jan 26 2026,60,73,5,4,427,1702,507,1622,673,1456
9th Jan 26 2026,16,100,3,4,429,1694,540,1583,693,1430
8th Jan 26 2026,14,138,7,4,668,1456,700,1424,778,1346
7th Jan 26 2026,67,17,14,3,1055,1069,915,1209,862,1262
6th Jan 26 2026,43,27,15,1,1021,1102,879,1244,849,1274
5th Jan 26 2026,66,39,14,1,1139,987,940,1186,875,1251
2nd Jan 26 2026,100,11,12,1,1310,811,957,1164,876,1245
1st Jan 26 2026,63,17,10,2,1072,1050,829,1293,822,1300
31st Dec 25 2025,86,16,9,2,1043,1077,808,1312,820,1300
30th Dec 25 2025,56,35,11,1,770,1348,689,1429,768,1350
29th Dec 25 2025,46,48,15,0,758,1364,721,1401,774,1348
26th Dec 25 2025,66,21,20,0,934,1185,771,1348,803,1316
24th Dec 25 2025,60,15,15,0,1088,1030,808,1310,820,1298
23rd Dec 25 2025,67,17,10,2,1132,985,812,1305,824,1293
22nd Dec 25 2025,116,14,9,1,1011,1108,753,1366,809,1310
19th Dec 25 2025,91,17,10,0,701,1414,643,1472,767,1348
18th Dec 25 2025,41,31,11,0,490,1624,538,1576,722,1392
17th Dec 25 2025,31,51,13,0,490,1623,568,1545,731,1382
16th Dec 25 2025,36,31,14,0,619,1494,618,1495,762,1351
15th Dec 25 2025,79,18,16,1,746,1365,676,1435,786,1325
12th Dec 25 2025,98,11,9,3,696,1410,655,1452,768,1339
11th Dec 25 2025,74,14,7,4,509,1597,564,1542,734,1373
10th Dec 25 2025,56,27,9,3,389,1713,482,1620,718,1385
9th Dec 25 2025,127,14,2,3,426,1675,517,1584,721,1381
8th Dec 25 2025,20,238,4,3,324,1779,466,1637,694,1410
5th Dec 25 2025,33,38,4,3,540,1559,622,1477,788,1312
4th Dec 25 2025,29,27,3,4,537,1562,640,1459,795,1305
3rd Dec 25 2025,17,38,1,3,542,1556,638,1460,812,1287
2nd Dec 25 2025,29,30,5,2,648,1450,711,1387,833,1266
1st Dec 25 2025,64,35,7,2,731,1370,745,1357,860,1242
28th Nov 25 2025,59,18,4,2,753,1341,760,1335,862,1233
27th Nov 25 2025,55,17,4,3,739,1352,752,1340,857,1235
26th Nov 25 2025,78,13,5,2,739,1351,752,1339,869,1222
25th Nov 25 2025,69,13,6,3,552,1537,642,1449,817,1274
24th Nov 25 2025,37,133,6,6,515,1579,622,1473,799,1296
21st Nov 25 2025,31,34,5,4,604,1482,694,1394,853,1235
20th Nov 25 2025,39,23,9,4,759,1326,820,1266,891,1195
19th Nov 25 2025,42,38,7,3,790,1293,827,1257,909,1175
18th Nov 25 2025,37,35,12,4,775,1306,835,1247,909,1173
17th Nov 25 2025,98,48,11,3,945,1141,909,1178,953,1134
14th Nov 25 2025,77,41,12,3,872,1205,874,1204,929,1149
13th Nov 25 2025,69,49,13,4,850,1225,865,1211,957,1119
12th Nov 25 2025,104,29,9,4,885,1188,901,1173,963,1111
11th Nov 25 2025,68,55,9,8,745,1329,811,1264,921,1154
10th Nov 25 2025,86,91,12,7,748,1329,813,1265,925,1153
7th Nov 25 2025,71,40,13,2,662,1409,803,1268,921,1150
6th Nov 25 2025,46,144,15,2,604,1466,803,1267,911,1159
4th Nov 25 2025,42,28,17,0,871,1198,962,1107,1010,1059
3rd Nov 25 2025,99,36,19,1,1091,983,1077,997,1053,1021
31st Oct 25 2025,43,30,13,1,970,1096,1006,1060,1023,1043
30th Oct 25 2025,56,22,10,0,1122,944,1089,977,1051,1015
29th Oct 25 2025,86,25,13,0,1154,911,1091,974,1060,1005
28th Oct 25 2025,61,30,14,1,995,1074,989,1080,1021,1048
27th Oct 25 2025,81,32,21,1,1019,1056,1003,1072,1042,1033
24th Oct 25 2025,51,23,16,3,978,1090,968,1100,1007,1061
23rd Oct 25 2025,79,47,18,3,1060,1008,1007,1061,1031,1037
21st Oct 25 2025,55,1,21,0,1114,952,1019,1047,1038,1028
20th Oct 25 2025,94,39,13,1,930,1144,909,1165,994,1080
17th Oct 25 2025,42,42,10,1,839,1226,853,1212,958,1107
16th Oct 25 2025,75,32,12,2,927,1135,911,1151,989,1073
15th Oct 25 2025,90,27,12,2,821,1241,867,1195,957,1105
14th Oct 25 2025,42,62,23,3,668,1392,775,1285,918,1142
13th Oct 25 2025,53,40,14,4,852,1212,896,1168,982,1082
10th Oct 25 2025,81,23,17,3,998,1058,965,1091,1020,1036
9th Oct 25 2025,87,38,28,5,898,1161,916,1143,998,1061
8th Oct 25 2025,75,26,28,2,808,1248,865,1191,981,1075
7th Oct 25 2025,57,32,21,1,894,1160,923,1131,998,1056
6th Oct 25 2025,80,35,18,1,930,1126,936,1120,1002,1054
3rd Oct 25 2025,125,13,11,1,907,1142,920,1129,1015,1035
1st Oct 25 2025,126,9,11,1,685,1360,780,1265,958,1088
30th Sep 25 2025,38,30,8,2,479,1560,613,1426,881,1159
29th Sep 25 2025,64,61,15,3,453,1590,625,1418,878,1166
26th Sep 25 2025,15,112,19,1,449,1584,614,1419,884,1150
25th Sep 25 2025,40,32,22,1,746,1286,885,1147,1008,1025
24th Sep 25 2025,54,30,19,2,934,1097,1050,981,1067,965
23rd Sep 25 2025,71,24,21,2,1106,924,1151,879,1111,920
22nd Sep 25 2025,84,37,25,2,1207,829,1195,842,1149,888
19th Sep 25 2025,69,19,20,1,1391,638,1294,737,1172,859
18th Sep 25 2025,55,19,20,1,1436,592,1299,730,1162,867
17th Sep 25 2025,73,18,24,1,1447,578,1291,735,1160,866
16th Sep 25 2025,81,11,18,1,1385,640,1236,790,1134,892
15th Sep 25 2025,88,18,16,0,1302,728,1121,910,1087,944
12th Sep 25 2025,56,12,17,1,1205,820,1068,958,1052,974
11th Sep 25 2025,55,22,24,1,1212,813,1056,970,1038,988
10th Sep 25 2025,92,18,18,0,1197,828,1045,981,1040,986
9th Sep 25 2025,67,26,24,0,1012,1012,907,1118,985,1040
8th Sep 25 2025,122,18,33,1,999,1029,891,1138,990,1039
5th Sep 25 2025,87,14,27,1,897,1127,857,1168,951,1074
4th Sep 25 2025,52,25,20,2,938,1085,854,1170,971,1053
3rd Sep 25 2025,113,11,15,0,1043,979,908,1115,983,1040
2nd Sep 25 2025,120,21,11,0,869,1151,784,1239,941,1082
1st Sep 25 2025,127,15,12,1,728,1296,707,1318,905,1120
29th Aug 25 2025,50,20,8,1,514,1505,575,1445,820,1200
28th Aug 25 2025,30,59,6,1,522,1497,591,1429,841,1179
26th Aug 25 2025,27,58,11,2,624,1390,682,1333,900,1115
25th Aug 25 2025,68,35,23,0,933,1084,888,1130,995,1023
22nd Aug 25 2025,52,16,21,0,908,1105,891,1123,981,1033
21st Aug 25 2025,59,19,20,0,1018,996,953,1062,998,1017
20th Aug 25 2025,102,10,20,1,996,1015,941,1071,993,1019
19th Aug 25 2025,126,15,18,1,942,1068,893,1118,987,1024
18th Aug 25 2025,147,30,17,1,775,1238,801,1213,942,1072
14th Aug 25 2025,47,73,15,3,542,1465,641,1366,875,1133
13th Aug 25 2025,112,47,10,5,594,1412,678,1328,910,1097
12th Aug 25 2025,77,49,5,5,496,1510,615,1392,882,1125
11th Aug 25 2025,85,62,5,3,436,1570,600,1407,869,1138
8th Aug 25 2025,49,73,7,4,368,1640,542,1466,837,1171
7th Aug 25 2025,53,52,7,5,438,1569,629,1378,918,1089
6th Aug 25 2025,39,73,7,5,453,1552,633,1372,930,1075
5th Aug 25 2025,45,40,8,5,564,1439,726,1277,989,1014
4th Aug 25 2025,94,48,12,4,574,1430,773,1231,1012,992
1st Aug 25 2025,33,116,9,0,438,1562,702,1298,970,1030
31st Jul 25 2025,52,47,9,1,574,1423,855,1142,1065,932
30th Jul 25 2025,90,30,9,1,672,1322,970,1024,1101,893
29th Jul 25 2025,113,17,9,1,605,1390,941,1053,1093,902
28th Jul 25 2025,36,114,9,4,484,1514,793,1205,1033,965
25th Jul 25 2025,23,86,8,3,622,1371,992,1002,1122,872
24th Jul 25 2025,45,36,10,2,949,1045,1291,703,1253,740
23rd Jul 25 2025,48,28,14,2,1072,921,1342,651,1269,724
22nd Jul 25 2025,55,21,16,2,1023,968,1356,636,1266,726
21st Jul 25 2025,66,32,15,3,1121,872,1414,579,1275,718
18th Jul 25 2025,49,18,14,1,1147,842,1454,535,1293,696
17th Jul 25 2025,63,14,15,1,1312,675,1536,451,1321,666
16th Jul 25 2025,88,12,12,0,1324,663,1537,450,1308,679
15th Jul 25 2025,99,8,9,0,1245,742,1476,511,1274,713
14th Jul 25 2025,71,19,16,1,995,994,1345,644,1199,790
11th Jul 25 2025,42,15,7,0,981,1005,1379,607,1195,791
10th Jul 25 2025,69,9,12,1,1200,783,1485,498,1251,732
15th Jul 26 2026,83,24,21,1,1243,1000,1398,845,1293,951
14th Jul 26 2026,48,39,17,3,1179,1072,1361,891,1276,977
13th Jul 26 2026,128,18,14,2,1405,848,1496,758,1306,949
10th Jul 26 2026,129,10,13,2,1350,903,1452,801,1284,970
9th Jul 26 2026,182,9,11,1,1056,1197,1284,969,1217,1037
8th Jul 26 2026,33,167,9,1,758,1495,1122,1131,1150,1104
7th Jul 26 2026,39,64,16,1,1267,986,1427,826,1288,966
6th Jul 26 2026,101,37,21,3,1406,848,1510,744,1324,931
3rd Jul 26 2026,87,35,18,2,1459,794,1540,713,1319,935
2nd Jul 26 2026,130,23,13,2,1484,772,1523,733,1292,965
1st Jul 26 2026,108,35,17,2,1337,917,1426,829,1242,1013
30th Jun 26 2026,113,21,10,2,1268,986,1381,874,1219,1036
29th Jun 26 2026,78,75,13,2,1151,1106,1350,908,1196,1062
25th Jun 26 2026,55,67,16,1,1327,928,1456,800,1229,1027
24th Jun 26 2026,87,37,17,1,1498,757,1525,731,1280,976
23rd Jun 26 2026,59,60,24,0,1511,744,1519,737,1249,1007
22nd Jun 26 2026,171,22,40,0,1703,552,1636,621,1315,942
19th Jun 26 2026,140,22,44,1,1621,635,1574,683,1239,1018
18th Jun 26 2026,124,20,57,1,1646,609,1569,687,1225,1031
17th Jun 26 2026,123,23,27,2,1600,656,1530,727,1203,1054
16th Jun 26 2026,114,21,12,1,1565,691,1485,772,1169,1088
15th Jun 26 2026,213,12,22,3,1504,752,1422,836,1152,1106
12th Jun 26 2026,346,11,11,2,1147,1109,1170,1087,1071,1186
11th Jun 26 2026,39,91,11,7,644,1610,861,1395,916,1340
10th Jun 26 2026,49,106,20,5,787,1468,978,1279,980,1277
9th Jun 26 2026,201,29,25,4,966,1289,1145,1112,1040,1217
8th Jun 26 2026,51,169,24,5,725,1530,927,1330,965,1292
5th Jun 26 2026,108,50,33,5,1022,1234,1201,1057,1054,1204
4th Jun 26 2026,141,29,35,4,1042,1214,1184,1074,1051,1207
3rd Jun 26 2026,83,56,36,5,944,1311,1179,1078,1025,1232
2nd Jun 26 2026,148,34,34,5,1024,1230,1230,1026,1044,1212
1st Jun 26 2026,99,174,37,4,899,1357,1155,1102,999,1259
29th May 26 2026,121,147,40,1,1140,1116,1297,960,1055,1202
27th May 26 2026,151,47,52,1,1394,862,1438,819,1129,1128
26th May 26 2026,118,43,50,1,1388,868,1432,825,1106,1151
25th May 26 2026,192,35,50,2,1411,847,1450,808,1094,1164
22nd May 26 2026,89,47,23,2,1125,1132,1283,974,1014,1243
21st May 26 2026,134,29,23,2,1087,1169,1272,984,1003,1253
20th May 26 2026,104,34,17,6,984,1273,1208,1049,966,1291
19th May 26 2026,145,28,12,6,921,1336,1197,1060,950,1307
18th May 26 2026,68,156,7,15,719,1539,1080,1178,891,1367
15th May 26 2026,68,96,7,12,965,1292,1304,953,971,1286
14th May 26 2026,82,51,5,7,1096,1162,1354,904,1008,1250
13th May 26 2026,143,56,18,3,1043,1215,1356,902,997,1261
12th May 26 2026,33,514,16,2,920,1337,1313,944,952,1305
11th May 26 2026,75,144,37,4,1566,694,1675,585,1172,1088
8th May 26 2026,126,46,68,1,1892,365,1864,393,1265,992
7th May 26 2026,224,11,42,2,1991,266,1922,335,1262,995
6th May 26 2026,212,23,31,2,1934,323,1845,412,1181,1076
5th May 26 2026,109,41,22,3,1671,585,1639,617,1099,1157
4th May 26 2026,200,39,30,2,1757,502,1678,581,1074,1185
30th Apr 26 2026,54,51,13,1,1671,585,1595,661,1020,1236
29th Apr 26 2026,86,32,16,1,1786,471,1685,572,1034,1223
28th Apr 26 2026,89,30,21,1,1792,465,1673,584,1030,1227
27th Apr 26 2026,250,14,19,1,1942,317,1744,515,1033,1226
24th Apr 26 2026,38,106,20,3,1717,539,1564,692,926,1330
23rd Apr 26 2026,97,39,32,3,1966,291,1772,485,1021,1236
22nd Apr 26 2026,137,25,30,2,2054,203,1881,376,1055,1202
21st Apr 26 2026,119,21,43,3,2050,137,1829,358,978,1209
20th Apr 26 2026,75,50,45,2,2054,130,1785,399,918,1266
17th Apr 26 2026,184,8,77,0,2091,83,1860,314,949,1225
16th Apr 26 2026,136,10,60,0,2055,119,1747,427,859,1315
15th Apr 26 2026,378,6,124,0,2057,116,1670,503,812,1361
13th Apr 26 2026,103,36,88,1,1890,285,1276,899,674,1501
10th Apr 26 2026,238,6,127,1,1960,212,1354,818,673,1499
9th Apr 26 2026,94,30,103,0,1830,344,1020,1154,579,1595
8th Apr 26 2026,902,13,403,0,1915,258,1038,1135,570,1603
7th Apr 26 2026,125,11,57,2,1101,1072,535,1638,439,1734
6th Apr 26 2026,218,12,23,2,949,1223,464,1708,428,1744
2nd Apr 26 2026,180,24,15,3,653,1515,378,1790,385,1783
1st Apr 26 2026,1141,7,11,3,491,1676,339,1828,391,1776
30th Mar 26 2026,32,747,5,37,205,1962,215,1952,321,1846
27th Mar 26 2026,33,639,8,10,296,1867,255,1908,368,1795
25th Mar 26 2026,217,17,6,5,491,1672,332,1831,401,1762
24th Mar 26 2026,296,25,8,6,276,1886,250,1912,355,1807
23rd Mar 26 2026,7,977,6,3,151,2011,172,1990,304,1858
20th Mar 26 2026,100,26,16,3,375,1785,329,1831,405,1755
19th Mar 26 2026,19,302,7,2,268,1891,252,1907,385,1774
18th Mar 26 2026,331,6,6,2,504,1655,394,1765,454,1705
17th Mar 26 2026,99,16,5,6,260,1899,300,1859,409,1750
16th Mar 26 2026,42,118,5,4,187,1973,253,1907,384,1776
13th Mar 26 2026,18,383,8,6,217,1941,295,1863,389,1769
12th Mar 26 2026,60,45,11,5,433,1722,421,1734,455,1700
11th Mar 26 2026,79,53,8,4,440,1716,430,1726,471,1685
10th Mar 26 2026,276,14,8,5,444,1711,440,1716,482,1674
9th Mar 26 2026,25,287,5,11,275,1880,336,1820,418,1738
6th Mar 26 2026,61,41,3,5,391,1761,456,1697,506,1647
5th Mar 26 2026,111,21,8,1,402,1747,471,1679,516,1634
4th Mar 26 2026,49,262,6,3,293,1857,403,1748,474,1677
2nd Mar 26 2026,60,254,5,3,448,1701,494,1656,569,1581
27th Feb 26 2026,42,58,8,1,689,1457,685,1462,672,1475
26th Feb 26 2026,65,21,8,5,830,1316,760,1387,708,1439
25th Feb 26 2026,53,40,5,5,785,1359,743,1402,701,1444
24th Feb 26 2026,22,96,8,4,701,1443,676,1469,689,1456
23rd Feb 26 2026,63,48,5,2,863,1283,789,1358,722,1425
20th Feb 26 2026,48,30,9,5,834,1309,773,1371,712,1432
19th Feb 26 2026,36,54,8,5,802,1339,757,1385,713,1429
18th Feb 26 2026,71,18,4,4,1096,1045,926,1216,776,1366
17th Feb 26 2026,111,18,7,2,1029,1110,866,1274,752,1388
16th Feb 26 2026,53,102,11,2,923,1214,776,1362,729,1409
13th Feb 26 2026,33,165,19,0,952,1183,786,1350,726,1410
12th Feb 26 2026,61,101,26,1,1301,834,1018,1118,793,1342
11th Feb 26 2026,93,65,13,2,1482,652,1112,1023,820,1315
10th Feb 26 2026,136,37,29,1,1565,568,1145,989,821,1313
9th Feb 26 2026,389,19,51,1,1505,631,1067,1070,808,1329
6th Feb 26 2026,58,75,29,3,1114,1020,768,1367,688,1447
5th Feb 26 2026,55,90,33,6,1152,981,783,1351,696,1438
4th Feb 26 2026,237,56,44,18,1345,789,845,1290,730,1405
3rd Feb 26 2026,526,11,27,18,1142,993,749,1386,712,1423
2nd Feb 26 2026,77,69,16,19,456,1680,378,1758,539,1597
1st Feb 26 2026,58,237,8,4,436,1699,362,1773,498,1637
30th Jan 26 2026,168,101,14,6,670,1463,501,1632,608,1525
29th Jan 26 2026,140,61,24,5,538,1595,436,1697,577,1556
28th Jan 26 2026,355,21,12,6,543,1589,432,1700,565,1567
27th Jan 26 2026,99,73,4,11,309,1827,325,1811,489,1647
23rd Jan 26 2026,57,209,2,6,275,1856,298,1833,484,1647
22nd Jan 26 2026,182,55,2,4,362,1770,374,1758,553,1579
21st Jan 26 2026,57,142,20,2,231,1900,293,1838,492,1639
20th Jan 26 2026,29,374,24,1,254,1876,318,1812,528,1602
19th Jan 26 2026,41,90,28,1,456,1676,479,1653,632,1500
16th Jan 26 2026,69,31,26,2,535,1591,539,1587,682,1444
14th Jan 26 2026,78,19,6,1,524,1602,557,1569,695,1431
13th Jan 26 2026,70,16,4,1,489,1637,528,1598,682,1444
12th Jan 26 2026,61,72,5,4,428,1702,508,1622,674,1456
9th Jan 26 2026,16,101,3,4,429,1695,541,1583,694,1430
8th Jan 26 2026,14,138,7,4,669,1456,700,1425,779,1346
7th Jan 26 2026,69,17,14,3,1055,1070,915,1210,863,1262
6th Jan 26 2026,43,27,15,1,1020,1104,879,1245,850,1274
5th Jan 26 2026,66,39,14,1,1139,988,940,1187,876,1251
2nd Jan 26 2026,100,11,12,1,1310,812,957,1165,877,1245
1st Jan 26 2026,62,17,10,2,1073,1050,829,1294,823,1300
31st Dec 25 2025,85,16,9,2,1043,1078,809,1312,821,1300
30th Dec 25 2025,55,35,11,1,770,1349,690,1429,769,1350
29th Dec 25 2025,46,47,15,0,758,1365,722,1401,775,1348
26th Dec 25 2025,66,21,20,0,933,1187,772,1348,804,1316
24th Dec 25 2025,59,15,15,0,1088,1031,809,1310,821,1298
23rd Dec 25 2025,68,17,10,2,1133,985,813,1305,825,1293
22nd Dec 25 2025,117,14,9,1,1013,1107,754,1366,810,1310
19th Dec 25 2025,91,16,10,0,703,1413,644,1472,768,1348
18th Dec 25 2025,41,30,11,0,491,1624,539,1576,723,1392
17th Dec 25 2025,32,50,12,0,491,1623,570,1544,732,1382
16th Dec 25 2025,35,31,13,0,619,1495,618,1496,763,1351
15th Dec 25 2025,78,18,15,1,747,1365,677,1435,787,1325
12th Dec 25 2025,97,11,8,3,697,1410,656,1452,769,1339
11th Dec 25 2025,73,14,7,4,509,1598,565,1542,735,1373
10th Dec 25 2025,55,27,9,3,390,1713,483,1620,719,1385
9th Dec 25 2025,127,14,2,3,427,1675,518,1584,722,1381
8th Dec 25 2025,20,236,4,3,325,1779,467,1637,696,1409
5th Dec 25 2025,32,38,4,3,540,1560,622,1478,790,1311
4th Dec 25 2025,29,27,3,4,538,1562,642,1458,797,1304
3rd Dec 25 2025,17,38,1,3,543,1556,640,1459,814,1286
2nd Dec 25 2025,29,30,5,2,649,1450,712,1387,835,1265
1st Dec 25 2025,66,35,7,2,732,1370,746,1357,862,1241
28th Nov 25 2025,58,18,4,2,753,1342,760,1336,864,1232
27th Nov 25 2025,54,17,4,3,739,1353,752,1341,858,1235
26th Nov 25 2025,77,13,5,2,739,1352,753,1339,870,1222
25th Nov 25 2025,70,13,6,3,553,1537,643,1449,818,1274
24th Nov 25 2025,37,132,6,6,516,1579,623,1473,800,1296
21st Nov 25 2025,31,35,5,4,605,1482,695,1394,854,1235
20th Nov 25 2025,39,23,9,3,760,1326,821,1266,892,1195
19th Nov 25 2025,42,38,7,2,791,1293,828,1257,911,1174
18th Nov 25 2025,37,35,12,3,776,1306,836,1247,911,1172
17th Nov 25 2025,98,46,12,3,947,1140,912,1176,955,1133
14th Nov 25 2025,78,40,13,3,873,1205,876,1203,931,1148
13th Nov 25 2025,70,49,13,4,851,1225,867,1210,959,1118
12th Nov 25 2025,105,29,9,4,887,1187,903,1172,965,1110
11th Nov 25 2025,68,55,9,8,746,1329,813,1263,923,1153
10th Nov 25 2025,87,91,12,7,749,1329,815,1264,927,1152
7th Nov 25 2025,71,40,13,2,665,1407,805,1267,923,1149
6th Nov 25 2025,46,144,15,2,606,1465,805,1266,913,1158
4th Nov 25 2025,43,28,17,0,873,1197,964,1106,1012,1058
3rd Nov 25 2025,101,36,19,1,1093,982,1079,996,1055,1020
31st Oct 25 2025,44,30,13,1,972,1095,1008,1059,1025,1042
30th Oct 25 2025,56,24,10,1,1124,943,1091,976,1053,1014
29th Oct 25 2025,87,25,13,0,1154,912,1093,973,1062,1004
28th Oct 25 2025,61,31,14,1,995,1075,991,1079,1023,1047
27th Oct 25 2025,80,34,21,1,1020,1056,1005,1071,1044,1032
24th Oct 25 2025,52,24,18,3,980,1089,970,1099,1009,1060
23rd Oct 25 2025,81,47,20,3,1062,1007,1009,1060,1033,1036
21st Oct 25 2025,57,1,23,0,1116,951,1021,1046,1040,1027
20th Oct 25 2025,96,39,14,1,932,1143,911,1164,996,1079
17th Oct 25 2025,44,42,11,1,841,1225,855,1211,960,1106
16th Oct 25 2025,76,32,13,2,929,1134,913,1150,991,1072
15th Oct 25 2025,90,27,13,2,823,1240,869,1194,959,1104
14th Oct 25 2025,43,62,24,3,670,1391,777,1284,920,1141
13th Oct 25 2025,54,40,15,4,854,1211,898,1167,984,1081
10th Oct 25 2025,82,23,18,3,1000,1057,967,1090,1022,1035
9th Oct 25 2025,89,38,29,5,900,1160,918,1142,999,1061
8th Oct 25 2025,76,26,29,2,809,1248,866,1191,982,1075
7th Oct 25 2025,58,32,22,1,895,1160,924,1131,998,1057
6th Oct 25 2025,81,35,19,1,931,1126,937,1120,1002,1055
3rd Oct 25 2025,126,12,11,1,907,1143,920,1130,1015,1036
1st Oct 25 2025,127,8,11,1,686,1360,782,1264,958,1089
30th Sep 25 2025,39,30,8,2,480,1560,614,1426,881,1160
29th Sep 25 2025,65,61,15,3,454,1590,626,1418,877,1168
26th Sep 25 2025,15,112,19,1,449,1585,615,1419,883,1152
25th Sep 25 2025,40,32,22,1,747,1286,887,1146,1007,1027
24th Sep 25 2025,54,30,19,2,934,1098,1051,981,1066,967
23rd Sep 25 2025,70,24,21,2,1107,924,1152,879,1110,922
22nd Sep 25 2025,84,37,25,2,1209,828,1198,840,1148,890
19th Sep 25 2025,69,19,20,1,1393,637,1296,736,1171,861
18th Sep 25 2025,55,19,20,1,1437,592,1300,730,1161,869
17th Sep 25 2025,73,17,24,1,1448,578,1293,734,1160,867
16th Sep 25 2025,81,11,18,1,1387,639,1238,789,1133,894
15th Sep 25 2025,88,18,16,0,1304,727,1122,910,1087,945
12th Sep 25 2025,55,12,17,1,1207,819,1070,957,1051,976
11th Sep 25 2025,55,22,24,1,1214,812,1058,969,1038,989
10th Sep 25 2025,92,18,18,0,1199,827,1046,981,1040,987
9th Sep 25 2025,68,28,24,0,1014,1011,908,1118,985,1041
8th Sep 25 2025,123,18,33,1,1000,1029,893,1137,989,1041
5th Sep 25 2025,87,14,28,1,898,1127,858,1168,950,1076
4th Sep 25 2025,52,26,21,2,939,1085,855,1170,970,1055
3rd Sep 25 2025,112,11,16,0,1045,978,909,1115,983,1041
2nd Sep 25 2025,121,21,12,0,871,1150,786,1238,942,1082
1st Sep 25 2025,129,15,12,1,730,1295,709,1317,904,1122
29th Aug 25 2025,50,21,8,1,514,1506,576,1445,819,1202
28th Aug 25 2025,30,59,6,1,523,1497,592,1429,840,1181
26th Aug 25 2025,27,58,11,2,626,1389,683,1333,899,1117
25th Aug 25 2025,68,35,23,0,934,1084,888,1131,994,1025
22nd Aug 25 2025,52,16,21,0,909,1105,891,1124,980,1035
21st Aug 25 2025,60,19,21,0,1019,996,954,1062,997,1019
20th Aug 25 2025,104,10,21,1,998,1014,942,1071,992,1021
19th Aug 25 2025,127,15,18,1,942,1069,893,1119,986,1026
18th Aug 25 2025,148,30,17,1,776,1238,802,1213,941,1074
14th Aug 25 2025,47,73,15,3,541,1467,640,1368,874,1135
13th Aug 25 2025,112,47,10,5,594,1413,678,1329,909,1099
12th Aug 25 2025,77,49,5,5,496,1511,614,1394,881,1127
11th Aug 25 2025,85,62,5,3,436,1571,600,1408,868,1140
8th Aug 25 2025,49,74,7,4,369,1640,542,1467,836,1173
7th Aug 25 2025,54,52,7,5,438,1570,628,1380,917,1091
6th Aug 25 2025,39,73,7,5,453,1553,632,1374,929,1077
5th Aug 25 2025,45,40,8,5,564,1440,725,1279,988,1016
4th Aug 25 2025,94,48,12,4,574,1431,772,1233,1011,994
1st Aug 25 2025,33,116,9,0,438,1563,702,1299,969,1032
31st Jul 25 2025,52,47,9,1,573,1425,856,1142,1064,934
30th Jul 25 2025,90,30,9,1,672,1323,971,1024,1100,895
29th Jul 25 2025,113,17,9,1,605,1391,942,1053,1093,903
28th Jul 25 2025,36,114,9,4,485,1514,794,1205,1032,967
25th Jul 25 2025,23,86,8,3,623,1371,993,1002,1121,874
24th Jul 25 2025,45,36,10,2,949,1046,1292,703,1252,742
23rd Jul 25 2025,48,28,14,2,1072,922,1342,652,1268,726
22nd Jul 25 2025,55,21,16,2,1024,968,1357,636,1265,728
21st Jul 25 2025,66,32,15,3,1120,874,1416,578,1274,720
18th Jul 25 2025,49,18,14,1,1147,843,1455,535,1292,698
17th Jul 25 2025,63,14,15,1,1312,676,1538,450,1320,668
16th Jul 25 2025,88,12,12,0,1323,665,1539,449,1307,681
15th Jul 25 2025,100,8,9,0,1245,743,1478,510,1273,715
14th Jul 25 2025,70,19,16,1,995,995,1347,643,1198,792
11th Jul 25 2025,41,15,7,0,983,1004,1381,606,1194,793
10th Jul 25 2025,69,9,12,1,1202,782,1487,497,1250,734
9th Jul 25 2025,72,8,10,1,1230,752,1489,494,1236,747
8th Jul 25 2025,55,16,12,1,1208,776,1479,505,1232,752
10th Jul 26 2026,135,14,13,5,1356,890,1449,797,1268,979
9th Jul 26 2026,182,9,11,4,1056,1202,1284,974,1212,1047
8th Jul 26 2026,34,168,9,4,761,1497,1124,1134,1147,1112
7th Jul 26 2026,38,66,16,4,1270,988,1428,830,1284,975
6th Jul 26 2026,101,37,21,6,1406,854,1512,748,1321,940
3rd Jul 26 2026,87,38,18,5,1460,798,1541,717,1316,943
2nd Jul 26 2026,131,23,13,2,1489,777,1529,737,1296,971
1st Jul 26 2026,108,35,17,2,1340,924,1431,834,1247,1018
30th Jun 26 2026,114,20,10,2,1271,994,1388,878,1224,1042
29th Jun 26 2026,78,76,13,2,1152,1117,1355,915,1200,1070
25th Jun 26 2026,54,67,16,1,1329,937,1460,807,1232,1035
24th Jun 26 2026,86,37,17,1,1503,763,1531,736,1284,983
23rd Jun 26 2026,60,60,24,0,1514,752,1524,743,1253,1014
22nd Jun 26 2026,171,24,40,0,1709,558,1642,627,1319,950
19th Jun 26 2026,139,22,44,1,1627,640,1581,687,1243,1025
18th Jun 26 2026,125,20,58,1,1655,613,1579,690,1233,1036
17th Jun 26 2026,123,23,28,2,1607,661,1538,731,1208,1061
16th Jun 26 2026,115,21,13,1,1572,696,1494,775,1175,1094
15th Jun 26 2026,215,14,23,3,1512,757,1430,841,1158,1113
12th Jun 26 2026,346,11,12,2,1153,1115,1177,1092,1076,1193
11th Jun 26 2026,39,93,11,7,649,1617,868,1400,919,1349
10th Jun 26 2026,51,106,20,5,793,1474,985,1284,983,1286
9th Jun 26 2026,200,29,25,4,972,1295,1153,1116,1044,1225
8th Jun 26 2026,53,170,25,5,731,1538,935,1336,969,1302
5th Jun 26 2026,110,50,34,5,1028,1241,1208,1063,1056,1215
4th Jun 26 2026,141,30,35,4,1048,1221,1191,1080,1053,1218
3rd Jun 26 2026,84,57,36,5,949,1319,1185,1085,1026,1244
2nd Jun 26 2026,149,35,34,5,1028,1240,1236,1034,1047,1223
1st Jun 26 2026,100,175,37,4,904,1365,1162,1108,1002,1269
29th May 26 2026,121,148,40,1,1146,1122,1305,964,1058,1211
27th May 26 2026,152,47,53,1,1402,866,1446,823,1132,1137
26th May 26 2026,119,44,50,1,1396,872,1440,829,1110,1159
25th May 26 2026,193,36,50,3,1418,853,1457,814,1098,1173
22nd May 26 2026,92,48,23,2,1131,1138,1289,980,1018,1251
21st May 26 2026,136,29,23,2,1092,1176,1278,990,1005,1263
20th May 26 2026,105,34,17,6,987,1282,1211,1058,968,1301
19th May 26 2026,147,28,12,6,925,1344,1204,1065,952,1317
18th May 26 2026,68,157,7,16,725,1546,1087,1184,893,1378
15th May 26 2026,68,96,7,12,971,1298,1313,956,975,1294
14th May 26 2026,82,51,5,7,1102,1168,1362,908,1010,1260
13th May 26 2026,143,56,18,3,1051,1219,1365,905,999,1271
12th May 26 2026,33,515,16,2,928,1341,1322,947,955,1314
11th May 26 2026,75,144,37,4,1574,699,1683,590,1176,1097
8th May 26 2026,127,47,68,1,1902,368,1874,396,1271,999
7th May 26 2026,226,12,43,2,2000,269,1931,338,1267,1002
6th May 26 2026,215,24,31,2,1943,326,1854,415,1185,1084
5th May 26 2026,111,42,22,3,1679,590,1647,622,1103,1166
4th May 26 2026,202,40,30,2,1762,510,1684,588,1076,1196
30th Apr 26 2026,54,51,13,1,1677,591,1601,667,1022,1246
29th Apr 26 2026,86,33,17,1,1793,476,1691,578,1036,1233
28th Apr 26 2026,89,30,22,1,1798,471,1680,589,1032,1237
27th Apr 26 2026,252,15,20,1,1952,320,1751,521,1035,1237
24th Apr 26 2026,39,107,21,3,1725,544,1572,697,929,1340
23rd Apr 26 2026,99,39,32,3,1975,294,1780,489,1023,1246
22nd Apr 26 2026,138,26,31,2,2064,205,1890,379,1058,1211
21st Apr 26 2026,121,21,43,3,2059,137,1837,359,980,1216
20th Apr 26 2026,76,51,45,2,2063,131,1792,402,919,1275
17th Apr 26 2026,184,8,77,0,2100,83,1867,316,950,1233
16th Apr 26 2026,138,10,61,0,2065,119,1754,430,860,1324
15th Apr 26 2026,379,6,125,0,2066,117,1675,508,813,1370
13th Apr 26 2026,104,36,89,1,1900,285,1280,905,675,1510
10th Apr 26 2026,240,6,127,1,1970,212,1359,823,674,1508
9th Apr 26 2026,96,30,103,0,1839,345,1023,1161,580,1604
8th Apr 26 2026,904,13,403,0,1923,260,1041,1142,571,1612
7th Apr 26 2026,125,11,57,2,1107,1076,537,1646,440,1743
6th Apr 26 2026,218,12,23,2,951,1231,466,1716,429,1753
2nd Apr 26 2026,180,23,15,3,656,1522,379,1799,386,1792
1st Apr 26 2026,1147,7,11,3,492,1685,339,1838,392,1785
30th Mar 26 2026,32,753,5,38,205,1972,215,1962,322,1855
27th Mar 26 2026,33,642,8,10,297,1875,255,1917,369,1803
25th Mar 26 2026,219,18,6,5,494,1678,334,1838,402,1770
24th Mar 26 2026,298,26,7,6,277,1894,251,1920,357,1814
23rd Mar 26 2026,7,981,5,4,152,2020,173,1999,305,1867
20th Mar 26 2026,100,26,15,3,376,1793,330,1839,406,1763
19th Mar 26 2026,18,302,6,2,269,1899,252,1916,386,1782
18th Mar 26 2026,331,6,6,2,507,1661,395,1773,455,1713
17th Mar 26 2026,100,16,5,6,261,1907,301,1867,411,1757
16th Mar 26 2026,43,119,5,5,189,1981,255,1915,386,1784
13th Mar 26 2026,18,384,8,6,219,1948,297,1870,391,1776
12th Mar 26 2026,60,45,11,5,435,1730,423,1742,457,1708
11th Mar 26 2026,79,53,8,4,441,1724,431,1734,473,1692
10th Mar 26 2026,277,14,8,5,446,1718,442,1723,484,1681
9th Mar 26 2026,25,290,5,12,277,1888,337,1829,420,1746
6th Mar 26 2026,61,41,3,5,391,1770,457,1705,509,1653
5th Mar 26 2026,112,21,8,1,405,1754,473,1687,519,1641
4th Mar 26 2026,49,263,6,3,294,1865,404,1756,477,1683
2nd Mar 26 2026,60,257,5,3,450,1709,496,1664,572,1588
27th Feb 26 2026,42,58,8,1,692,1463,690,1466,675,1481
26th Feb 26 2026,65,21,8,5,834,1321,764,1392,711,1445
25th Feb 26 2026,54,40,5,5,789,1364,746,1408,704,1450
24th Feb 26 2026,22,95,8,4,703,1450,679,1475,692,1462
23rd Feb 26 2026,63,49,5,2,867,1289,792,1365,725,1432
20th Feb 26 2026,48,29,9,5,837,1315,777,1376,715,1438
19th Feb 26 2026,35,55,8,6,805,1345,760,1391,715,1436
18th Feb 26 2026,71,18,4,5,1100,1050,931,1220,779,1372
17th Feb 26 2026,112,20,7,2,1032,1116,869,1280,754,1395
16th Feb 26 2026,53,103,11,2,927,1220,780,1368,732,1416
13th Feb 26 2026,33,166,19,0,957,1187,789,1356,728,1417
12th Feb 26 2026,61,102,26,1,1308,836,1022,1123,795,1349
11th Feb 26 2026,92,65,14,2,1490,653,1116,1028,822,1322
10th Feb 26 2026,137,37,30,1,1573,570,1150,994,824,1320
9th Feb 26 2026,391,19,52,1,1514,632,1072,1075,811,1336
6th Feb 26 2026,60,74,29,3,1120,1023,772,1372,691,1453
5th Feb 26 2026,56,91,33,6,1157,986,784,1360,699,1445
4th Feb 26 2026,238,56,44,18,1347,796,846,1298,732,1412
3rd Feb 26 2026,528,11,27,18,1145,999,750,1394,714,1430
2nd Feb 26 2026,77,69,16,19,456,1690,378,1768,542,1604
1st Feb 26 2026,60,238,9,4,437,1708,362,1783,500,1645
30th Jan 26 2026,169,101,15,6,673,1470,501,1642,609,1534
29th Jan 26 2026,141,61,25,5,540,1603,437,1706,578,1565
28th Jan 26 2026,356,21,12,6,544,1598,432,1710,566,1576
27th Jan 26 2026,100,75,4,11,309,1837,326,1820,491,1655
23rd Jan 26 2026,58,212,2,6,275,1867,298,1844,487,1655
22nd Jan 26 2026,183,55,2,4,363,1779,375,1767,556,1586
21st Jan 26 2026,57,143,20,2,231,1910,293,1848,495,1646
20th Jan 26 2026,29,375,24,1,254,1886,319,1821,531,1609
19th Jan 26 2026,41,91,28,1,458,1684,481,1661,635,1507
16th Jan 26 2026,69,32,26,2,537,1600,542,1595,685,1452
14th Jan 26 2026,78,19,6,1,527,1609,561,1575,698,1438
13th Jan 26 2026,70,16,4,1,490,1646,531,1605,685,1451
12th Jan 26 2026,61,71,5,4,430,1710,511,1629,676,1464
9th Jan 26 2026,16,101,3,4,430,1704,543,1591,696,1438
8th Jan 26 2026,14,137,7,4,670,1465,701,1434,781,1354
7th Jan 26 2026,68,18,14,3,1056,1079,916,1219,865,1270
6th Jan 26 2026,44,27,15,1,1023,1111,881,1253,852,1282
5th Jan 26 2026,65,39,14,1,1141,996,943,1194,878,1259
2nd Jan 26 2026,101,11,12,1,1315,818,961,1172,880,1253
1st Jan 26 2026,62,17,10,2,1074,1059,831,1302,825,1308
31st Dec 25 2025,85,16,9,2,1046,1085,812,1319,823,1308
30th Dec 25 2025,55,35,11,1,772,1357,692,1437,771,1358
29th Dec 25 2025,46,48,15,0,760,1373,724,1409,777,1356
26th Dec 25 2025,66,21,20,0,938,1192,776,1354,807,1323
24th Dec 25 2025,58,15,15,0,1094,1035,813,1316,823,1306
23rd Dec 25 2025,68,17,10,2,1137,991,817,1311,829,1299
22nd Dec 25 2025,117,14,9,1,1019,1111,759,1371,814,1316
19th Dec 25 2025,91,16,10,0,706,1421,648,1479,772,1355
18th Dec 25 2025,41,30,11,0,494,1631,542,1583,726,1399
17th Dec 25 2025,32,51,12,0,494,1630,573,1551,735,1389
16th Dec 25 2025,36,30,13,0,624,1500,621,1503,766,1358
15th Dec 25 2025,78,20,15,1,751,1372,681,1442,790,1333
12th Dec 25 2025,99,11,8,3,702,1416,659,1460,772,1347
11th Dec 25 2025,74,14,7,4,511,1606,568,1549,737,1381
10th Dec 25 2025,55,28,9,3,392,1721,485,1628,721,1393
9th Dec 25 2025,128,14,2,3,430,1682,521,1591,725,1388
8th Dec 25 2025,20,237,4,3,328,1787,470,1645,699,1417
5th Dec 25 2025,34,38,4,3,546,1564,628,1482,794,1317
4th Dec 25 2025,29,27,3,4,542,1568,645,1465,800,1311
3rd Dec 25 2025,17,40,1,3,548,1561,643,1466,817,1293
2nd Dec 25 2025,29,30,5,2,655,1454,717,1392,839,1271
1st Dec 25 2025,67,36,7,2,738,1374,752,1361,865,1248
28th Nov 25 2025,61,18,4,2,759,1346,766,1340,867,1239
27th Nov 25 2025,57,17,4,3,744,1358,757,1346,861,1242
26th Nov 25 2025,80,13,5,2,744,1357,757,1345,873,1229
25th Nov 25 2025,70,13,6,3,556,1544,646,1456,821,1281
24th Nov 25 2025,37,134,6,6,519,1586,626,1480,803,1303
21st Nov 25 2025,32,36,5,4,609,1488,698,1401,857,1242
20th Nov 25 2025,40,23,9,3,764,1332,825,1272,895,1202
19th Nov 25 2025,42,40,7,2,794,1300,831,1264,914,1181
18th Nov 25 2025,38,35,12,3,780,1312,840,1253,915,1178
17th Nov 25 2025,99,47,12,3,951,1146,916,1182,960,1138
14th Nov 25 2025,78,40,13,3,877,1212,879,1211,935,1155
13th Nov 25 2025,70,49,13,4,855,1232,872,1216,963,1125
12th Nov 25 2025,106,29,9,4,892,1193,907,1179,969,1117
11th Nov 25 2025,69,55,9,8,749,1337,817,1270,927,1160
10th Nov 25 2025,88,91,12,7,754,1335,820,1270,932,1158
7th Nov 25 2025,72,41,13,3,669,1414,809,1274,927,1156
6th Nov 25 2025,46,146,15,3,608,1474,808,1274,916,1166
4th Nov 25 2025,43,28,17,1,876,1205,967,1114,1017,1064
3rd Nov 25 2025,102,38,19,2,1097,989,1084,1002,1060,1026
31st Oct 25 2025,44,30,13,1,976,1100,1012,1064,1028,1048
30th Oct 25 2025,56,24,10,1,1128,948,1095,981,1056,1020
29th Oct 25 2025,89,25,13,0,1159,916,1097,978,1065,1010
28th Oct 25 2025,62,31,14,1,1000,1080,994,1086,1027,1053
27th Oct 25 2025,82,36,21,2,1026,1061,1010,1077,1048,1039
24th Oct 25 2025,53,25,18,3,986,1093,976,1103,1013,1066
23rd Oct 25 2025,82,47,20,3,1067,1012,1014,1065,1038,1041
21st Oct 25 2025,57,1,23,0,1120,957,1026,1051,1044,1033
20th Oct 25 2025,96,40,14,2,936,1150,915,1171,1000,1086
17th Oct 25 2025,44,42,11,1,844,1232,858,1218,964,1112
16th Oct 25 2025,75,32,13,2,934,1139,918,1155,995,1078
15th Oct 25 2025,91,27,13,2,828,1245,874,1199,963,1110
14th Oct 25 2025,43,63,24,3,673,1398,780,1291,924,1147
13th Oct 25 2025,54,41,15,4,858,1218,903,1173,988,1088
10th Oct 25 2025,82,23,18,3,1004,1063,973,1094,1026,1041
9th Oct 25 2025,89,38,29,5,905,1165,922,1148,1003,1067
8th Oct 25 2025,76,26,29,2,815,1252,872,1195,986,1081
7th Oct 25 2025,58,33,22,1,901,1164,929,1136,1002,1063
6th Oct 25 2025,81,36,19,1,936,1131,942,1125,1005,1062
3rd Oct 25 2025,126,13,11,1,913,1147,925,1135,1019,1042
1st Oct 25 2025,127,9,11,1,691,1365,786,1270,962,1095
30th Sep 25 2025,41,30,8,2,482,1568,617,1433,885,1166
29th Sep 25 2025,65,62,15,3,455,1600,629,1426,881,1175
26th Sep 25 2025,15,113,19,1,452,1592,618,1426,887,1158
25th Sep 25 2025,40,32,22,1,750,1293,890,1153,1011,1033
24th Sep 25 2025,54,30,19,2,939,1103,1055,987,1071,972
23rd Sep 25 2025,70,24,21,2,1111,930,1156,885,1115,927
22nd Sep 25 2025,84,39,25,2,1214,834,1202,847,1153,896
19th Sep 25 2025,69,19,20,1,1398,642,1299,743,1176,866
18th Sep 25 2025,55,19,20,1,1443,596,1304,736,1165,875
17th Sep 25 2025,73,17,24,1,1453,583,1297,740,1165,872
16th Sep 25 2025,81,11,19,1,1392,644,1242,795,1138,899
15th Sep 25 2025,90,18,18,0,1310,732,1125,918,1092,951
12th Sep 25 2025,57,12,18,1,1213,824,1073,965,1056,982
11th Sep 25 2025,56,22,25,1,1220,817,1061,977,1043,995
10th Sep 25 2025,93,18,18,0,1203,834,1049,989,1045,993
9th Sep 25 2025,70,28,24,0,1018,1018,912,1125,990,1047
8th Sep 25 2025,125,18,33,1,1006,1034,897,1144,994,1047
5th Sep 25 2025,87,14,28,1,903,1133,862,1175,955,1082
4th Sep 25 2025,52,27,21,2,941,1094,858,1178,975,1061
3rd Sep 25 2025,112,12,16,0,1047,987,912,1123,988,1047
2nd Sep 25 2025,122,21,12,0,876,1157,790,1245,947,1088
1st Sep 25 2025,130,16,12,2,734,1302,711,1326,909,1128
29th Aug 25 2025,51,21,8,1,516,1514,578,1453,824,1207
28th Aug 25 2025,30,59,6,1,525,1505,594,1437,843,1188
26th Aug 25 2025,28,59,11,2,629,1396,686,1340,903,1123
25th Aug 25 2025,69,36,23,1,937,1092,890,1140,998,1032
22nd Aug 25 2025,52,16,21,0,914,1110,895,1130,984,1041
21st Aug 25 2025,60,19,22,0,1025,1000,957,1069,1001,1025
20th Aug 25 2025,105,10,22,1,1005,1017,947,1076,997,1026
19th Aug 25 2025,127,15,19,1,949,1072,897,1125,990,1032
18th Aug 25 2025,148,31,18,2,778,1247,804,1222,945,1081
14th Aug 25 2025,48,74,16,3,545,1473,643,1375,878,1141
13th Aug 25 2025,112,47,10,5,597,1420,681,1336,912,1106
12th Aug 25 2025,77,51,5,5,499,1518,615,1403,884,1134
11th Aug 25 2025,86,63,5,4,438,1580,601,1418,871,1148
8th Aug 25 2025,49,74,7,4,369,1650,542,1477,838,1181
7th Aug 25 2025,54,53,7,5,439,1579,628,1390,921,1097
6th Aug 25 2025,39,73,7,5,455,1561,634,1382,933,1083
5th Aug 25 2025,47,40,8,5,567,1447,726,1288,992,1022
4th Aug 25 2025,94,49,12,4,574,1442,773,1243,1015,1001
1st Aug 25 2025,33,117,9,0,439,1572,703,1308,973,1038
31st Jul 25 2025,53,47,9,1,576,1432,859,1149,1068,940
30th Jul 25 2025,90,30,9,1,673,1332,974,1031,1103,902
29th Jul 25 2025,113,17,9,1,607,1399,945,1060,1097,909
28th Jul 25 2025,36,115,9,4,486,1524,797,1213,1036,974
25th Jul 25 2025,23,86,8,3,625,1379,997,1008,1125,880
24th Jul 25 2025,45,36,10,2,954,1051,1296,709,1257,747
23rd Jul 25 2025,48,28,14,2,1078,926,1348,656,1272,732
22nd Jul 25 2025,55,21,16,2,1029,973,1362,641,1269,734
21st Jul 25 2025,67,33,15,3,1125,880,1419,586,1279,726
18th Jul 25 2025,50,18,14,1,1150,850,1460,540,1297,703
17th Jul 25 2025,63,14,15,1,1314,684,1541,457,1324,674
16th Jul 25 2025,88,12,12,0,1326,672,1545,453,1312,686
15th Jul 25 2025,100,8,9,0,1248,750,1482,516,1277,721
14th Jul 25 2025,71,20,16,1,998,1003,1350,651,1202,799
11th Jul 25 2025,41,15,7,0,986,1011,1386,611,1198,799
10th Jul 25 2025,69,9,12,1,1205,788,1490,503,1252,741
9th Jul 25 2025,72,8,10,1,1235,757,1494,499,1240,753
8th Jul 25 2025,55,16,12,1,1213,781,1485,509,1237,757
7th Jul 25 2025,66,25,19,1,1267,730,1514,483,1250,747
4th Jul 25 2025,71,15,18,1,1368,627,1563,432,1262,733
3rd Jul 25 2025,74,12,20,1,1347,646,1529,464,1245,748
8th Jul 26 2026,34,167,8,4,783,1455,1125,1113,1141,1098
7th Jul 26 2026,37,66,16,4,1263,985,1423,825,1281,968
6th Jul 26 2026,101,36,21,5,1399,851,1506,744,1318,933
3rd Jul 26 2026,86,38,18,5,1453,795,1535,713,1313,936
2nd Jul 26 2026,131,22,13,2,1483,773,1525,731,1293,964
1st Jul 26 2026,108,34,17,2,1337,918,1428,828,1245,1011
30th Jun 26 2026,112,20,10,2,1264,991,1383,873,1221,1035
29th Jun 26 2026,78,75,13,2,1148,1111,1351,909,1199,1061
25th Jun 26 2026,54,66,16,1,1326,930,1457,800,1230,1027
24th Jun 26 2026,86,37,17,1,1498,758,1525,732,1281,976
23rd Jun 26 2026,60,60,24,0,1509,747,1519,738,1250,1007
22nd Jun 26 2026,171,24,40,0,1703,554,1636,623,1315,944
19th Jun 26 2026,139,22,44,1,1622,635,1575,683,1240,1018
18th Jun 26 2026,125,20,58,1,1650,608,1573,686,1229,1030
17th Jun 26 2026,123,23,28,2,1601,657,1532,727,1205,1054
16th Jun 26 2026,113,20,13,1,1565,693,1487,772,1171,1088
15th Jun 26 2026,213,13,23,3,1506,753,1425,836,1154,1107
12th Jun 26 2026,346,11,12,2,1149,1109,1173,1086,1074,1185
11th Jun 26 2026,39,92,11,7,647,1610,866,1393,919,1340
10th Jun 26 2026,51,106,20,5,790,1467,981,1278,981,1278
9th Jun 26 2026,200,28,25,4,967,1290,1149,1110,1042,1217
8th Jun 26 2026,53,170,25,5,728,1531,932,1329,968,1293
5th Jun 26 2026,109,49,34,5,1023,1236,1204,1057,1055,1206
4th Jun 26 2026,140,29,35,4,1047,1212,1189,1072,1052,1209
3rd Jun 26 2026,84,56,36,5,947,1311,1181,1079,1025,1235
2nd Jun 26 2026,149,35,34,5,1027,1231,1234,1026,1046,1214
1st Jun 26 2026,100,175,37,4,902,1357,1159,1101,1000,1261
29th May 26 2026,121,147,40,1,1145,1113,1301,958,1055,1204
27th May 26 2026,153,46,53,1,1398,860,1441,818,1129,1130
26th May 26 2026,119,42,50,1,1391,867,1433,826,1107,1152
25th May 26 2026,193,36,50,3,1414,847,1451,810,1095,1166
22nd May 26 2026,92,48,23,2,1128,1131,1283,976,1014,1245
21st May 26 2026,134,29,23,2,1088,1170,1272,986,1001,1257
20th May 26 2026,104,33,17,6,985,1274,1207,1052,965,1294
19th May 26 2026,147,28,12,6,922,1337,1199,1060,949,1310
18th May 26 2026,68,158,7,16,722,1539,1084,1177,890,1371
15th May 26 2026,68,95,7,12,968,1291,1309,950,972,1287
14th May 26 2026,82,51,5,7,1099,1161,1358,902,1007,1253
13th May 26 2026,143,56,18,3,1046,1214,1360,900,996,1264
12th May 26 2026,33,514,16,2,926,1333,1316,943,952,1307
11th May 26 2026,75,142,37,4,1570,693,1677,586,1173,1090
8th May 26 2026,127,47,68,1,1895,365,1866,394,1269,991
7th May 26 2026,225,12,42,2,1991,268,1923,336,1264,995
6th May 26 2026,212,24,31,2,1934,325,1846,413,1182,1077
5th May 26 2026,110,41,22,3,1671,588,1639,620,1100,1159
4th May 26 2026,200,40,30,2,1755,507,1677,585,1073,1189
30th Apr 26 2026,54,49,13,1,1670,588,1595,663,1019,1239
29th Apr 26 2026,86,33,16,1,1783,476,1683,576,1033,1226
28th Apr 26 2026,89,29,20,1,1791,468,1674,585,1029,1230
27th Apr 26 2026,250,15,19,1,1943,319,1744,518,1032,1230
24th Apr 26 2026,37,106,20,3,1717,542,1566,693,926,1333
23rd Apr 26 2026,97,39,32,3,1967,292,1773,486,1020,1239
22nd Apr 26 2026,136,26,31,2,2055,204,1882,377,1055,1204
21st Apr 26 2026,121,21,43,3,2052,137,1831,358,980,1209
20th Apr 26 2026,77,50,44,2,2056,131,1787,400,919,1268
17th Apr 26 2026,183,8,77,0,2093,83,1861,315,949,1227
16th Apr 26 2026,138,10,61,0,2058,119,1749,428,859,1318
15th Apr 26 2026,378,6,125,0,2059,117,1672,504,813,1363
13th Apr 26 2026,104,36,89,1,1893,285,1278,900,675,1503
10th Apr 26 2026,239,6,127,1,1964,211,1356,819,674,1501
9th Apr 26 2026,96,30,103,0,1833,344,1021,1156,580,1597
8th Apr 26 2026,903,13,403,0,1917,259,1038,1138,571,1605
7th Apr 26 2026,124,11,57,2,1103,1073,537,1639,440,1736
6th Apr 26 2026,218,11,23,2,951,1224,466,1709,429,1746
2nd Apr 26 2026,181,23,15,3,655,1516,378,1793,386,1785
1st Apr 26 2026,1143,7,11,3,491,1679,338,1832,392,1778
30th Mar 26 2026,31,752,5,38,204,1966,214,1956,321,1849
27th Mar 26 2026,33,639,8,10,297,1868,255,1910,369,1796
25th Mar 26 2026,217,17,6,5,493,1672,334,1831,402,1763
24th Mar 26 2026,298,25,7,6,276,1888,250,1914,356,1808
23rd Mar 26 2026,7,980,5,4,151,2014,172,1993,305,1860
20th Mar 26 2026,100,26,15,3,374,1788,329,1833,406,1756
19th Mar 26 2026,18,302,6,2,267,1894,252,1909,386,1775
18th Mar 26 2026,331,6,6,2,505,1656,394,1767,455,1706
17th Mar 26 2026,99,16,5,6,260,1901,301,1860,411,1750
16th Mar 26 2026,43,119,5,5,189,1974,255,1908,386,1777
13th Mar 26 2026,18,384,8,6,218,1942,297,1863,391,1769
12th Mar 26 2026,60,46,11,5,434,1724,422,1736,457,1701
11th Mar 26 2026,79,53,8,4,440,1718,430,1728,473,1685
10th Mar 26 2026,277,14,8,5,446,1711,441,1717,484,1674
9th Mar 26 2026,25,289,5,12,277,1881,337,1822,420,1739
6th Mar 26 2026,61,40,3,5,392,1762,457,1698,508,1647
5th Mar 26 2026,111,21,8,1,405,1747,472,1681,518,1635
4th Mar 26 2026,50,263,6,3,294,1858,404,1749,476,1677
2nd Mar 26 2026,60,257,5,3,450,1702,496,1657,571,1582
27th Feb 26 2026,42,59,8,1,691,1457,688,1461,674,1475
26th Feb 26 2026,65,21,8,5,832,1316,762,1387,710,1439
25th Feb 26 2026,54,40,5,5,787,1359,744,1403,703,1444
24th Feb 26 2026,22,95,8,4,701,1445,677,1470,691,1456
23rd Feb 26 2026,63,49,5,2,864,1285,790,1360,724,1426
20th Feb 26 2026,48,29,9,5,834,1311,775,1371,714,1432
19th Feb 26 2026,35,55,8,6,802,1341,758,1386,714,1430
18th Feb 26 2026,72,18,4,5,1097,1046,929,1215,778,1366
17th Feb 26 2026,112,19,7,2,1029,1112,866,1276,753,1389
16th Feb 26 2026,52,104,11,2,924,1216,777,1364,730,1411
13th Feb 26 2026,33,166,19,0,954,1183,787,1351,727,1411
12th Feb 26 2026,61,102,26,1,1304,833,1019,1119,794,1343
11th Feb 26 2026,92,65,14,2,1484,652,1114,1023,821,1316
10th Feb 26 2026,137,37,30,1,1569,567,1148,989,823,1314
9th Feb 26 2026,391,18,52,1,1509,630,1070,1070,810,1330
6th Feb 26 2026,59,74,29,3,1117,1019,770,1367,690,1447
5th Feb 26 2026,56,92,33,6,1154,982,782,1355,698,1439
4th Feb 26 2026,238,56,44,18,1345,791,844,1293,731,1406
3rd Feb 26 2026,527,11,27,18,1143,994,749,1388,713,1424
2nd Feb 26 2026,77,69,16,19,455,1684,378,1761,541,1598
1st Feb 26 2026,60,238,9,4,437,1701,362,1776,499,1639
30th Jan 26 2026,169,101,15,6,671,1465,500,1636,608,1528
29th Jan 26 2026,141,61,25,5,539,1597,436,1700,577,1559
28th Jan 26 2026,355,21,12,6,542,1593,431,1704,565,1570
27th Jan 26 2026,99,74,4,11,309,1830,325,1814,490,1649
23rd Jan 26 2026,58,212,2,6,275,1860,298,1837,486,1649
22nd Jan 26 2026,183,55,2,4,363,1772,375,1760,555,1580
21st Jan 26 2026,57,142,20,2,231,1903,293,1841,494,1640
20th Jan 26 2026,29,375,24,1,254,1879,318,1815,530,1603
19th Jan 26 2026,41,92,28,1,457,1678,480,1655,634,1501
16th Jan 26 2026,69,32,26,2,536,1594,540,1590,684,1446
14th Jan 26 2026,79,19,6,1,525,1604,559,1570,697,1432
13th Jan 26 2026,70,16,4,1,490,1639,530,1599,684,1445
12th Jan 26 2026,61,71,5,4,430,1703,510,1623,675,1458
9th Jan 26 2026,16,101,3,4,429,1698,541,1586,695,1432
8th Jan 26 2026,14,137,7,4,669,1459,699,1429,779,1349
7th Jan 26 2026,68,18,14,3,1052,1076,914,1214,863,1265
6th Jan 26 2026,44,27,15,1,1022,1105,879,1248,851,1276
5th Jan 26 2026,65,39,14,1,1139,991,941,1189,877,1253
2nd Jan 26 2026,101,11,12,1,1311,815,958,1168,879,1247
1st Jan 26 2026,62,17,10,2,1070,1056,829,1297,824,1302
31st Dec 25 2025,85,16,9,2,1043,1081,809,1315,821,1303
30th Dec 25 2025,55,35,11,1,770,1352,690,1432,769,1353
29th Dec 25 2025,46,48,15,0,759,1367,722,1404,775,1351
26th Dec 25 2025,66,21,20,0,935,1188,774,1349,805,1318
24th Dec 25 2025,58,15,15,0,1090,1032,811,1311,821,1301
23rd Dec 25 2025,67,17,10,2,1134,987,815,1306,828,1293
22nd Dec 25 2025,117,14,9,1,1018,1105,757,1366,814,1309
19th Dec 25 2025,91,16,10,0,705,1415,646,1474,771,1349
18th Dec 25 2025,41,30,11,0,493,1625,540,1578,725,1393
17th Dec 25 2025,32,51,12,0,493,1624,571,1546,734,1383
16th Dec 25 2025,36,30,13,0,622,1495,619,1498,765,1352
15th Dec 25 2025,78,19,15,1,749,1367,679,1437,789,1327
12th Dec 25 2025,98,11,8,3,698,1413,657,1455,771,1341
11th Dec 25 2025,74,14,7,4,509,1601,566,1544,736,1375
10th Dec 25 2025,55,27,9,3,390,1716,483,1623,720,1387
9th Dec 25 2025,127,14,2,3,428,1677,519,1586,724,1382
8th Dec 25 2025,20,236,4,3,326,1782,468,1640,698,1411
5th Dec 25 2025,34,37,3,3,544,1559,627,1476,793,1311
4th Dec 25 2025,28,27,2,4,540,1563,644,1459,799,1305
3rd Dec 25 2025,16,39,1,3,546,1556,642,1460,817,1286
2nd Dec 25 2025,29,30,5,2,654,1448,717,1385,839,1264
1st Dec 25 2025,67,36,7,2,736,1369,751,1355,865,1241
28th Nov 25 2025,61,18,4,2,757,1341,766,1333,867,1232
27th Nov 25 2025,56,17,4,3,744,1351,757,1339,861,1235
26th Nov 25 2025,80,13,5,2,744,1350,757,1338,873,1222
25th Nov 25 2025,70,13,6,3,556,1537,646,1449,821,1274
24th Nov 25 2025,37,133,6,6,519,1579,626,1473,803,1296
21st Nov 25 2025,33,36,5,4,608,1482,698,1394,857,1235
20th Nov 25 2025,40,23,9,3,762,1327,823,1267,895,1195
19th Nov 25 2025,42,39,7,2,792,1295,830,1258,914,1174
18th Nov 25 2025,38,35,12,3,777,1308,838,1248,915,1171
17th Nov 25 2025,98,48,12,3,949,1141,914,1177,959,1132
14th Nov 25 2025,78,40,13,3,876,1206,879,1204,935,1148
13th Nov 25 2025,71,49,13,4,854,1226,871,1210,963,1118
12th Nov 25 2025,106,29,9,4,890,1188,907,1172,969,1110
11th Nov 25 2025,69,55,9,8,747,1332,817,1263,927,1153
10th Nov 25 2025,88,91,12,7,752,1330,819,1264,932,1151
7th Nov 25 2025,72,41,13,3,667,1409,808,1268,927,1149
6th Nov 25 2025,46,147,15,3,607,1468,807,1268,916,1159
4th Nov 25 2025,43,28,17,1,875,1199,966,1108,1017,1057
3rd Nov 25 2025,102,38,19,2,1096,983,1083,996,1060,1019
31st Oct 25 2025,44,30,13,1,975,1094,1011,1058,1028,1041
30th Oct 25 2025,56,24,10,1,1125,944,1092,977,1055,1014
29th Oct 25 2025,89,25,13,0,1157,911,1095,973,1064,1004
28th Oct 25 2025,62,31,14,1,997,1076,993,1080,1027,1046
27th Oct 25 2025,83,35,21,2,1022,1058,1007,1073,1047,1033
24th Oct 25 2025,53,24,18,3,983,1089,973,1099,1013,1059
23rd Oct 25 2025,82,47,20,3,1063,1009,1011,1061,1036,1036
21st Oct 25 2025,58,1,23,0,1116,954,1023,1047,1043,1027
20th Oct 25 2025,96,40,14,2,933,1146,914,1165,999,1080
17th Oct 25 2025,44,42,11,1,840,1229,856,1213,963,1106
16th Oct 25 2025,75,32,13,2,932,1134,918,1148,995,1071
15th Oct 25 2025,91,27,13,2,826,1240,874,1192,963,1103
14th Oct 25 2025,43,63,24,3,673,1391,780,1284,924,1140
13th Oct 25 2025,54,41,15,4,856,1213,903,1166,988,1081
10th Oct 25 2025,82,23,18,3,1002,1058,973,1087,1026,1034
9th Oct 25 2025,90,38,29,5,902,1161,921,1142,1002,1061
8th Oct 25 2025,76,26,29,2,814,1246,871,1189,985,1075
7th Oct 25 2025,58,32,22,1,900,1158,928,1130,1001,1057
6th Oct 25 2025,81,36,19,1,934,1126,940,1120,1004,1056
3rd Oct 25 2025,126,13,11,1,910,1143,924,1129,1018,1036
1st Oct 25 2025,126,9,11,1,688,1361,786,1263,961,1089
30th Sep 25 2025,42,30,8,2,483,1560,618,1425,885,1159
29th Sep 25 2025,65,62,15,3,455,1593,630,1418,881,1168
26th Sep 25 2025,15,113,19,1,451,1586,619,1418,887,1151
25th Sep 25 2025,40,32,22,1,749,1287,890,1146,1011,1026
24th Sep 25 2025,54,30,19,2,938,1097,1055,980,1070,966
23rd Sep 25 2025,70,24,21,2,1109,925,1156,878,1114,921
22nd Sep 25 2025,84,38,25,2,1212,829,1202,840,1152,890
19th Sep 25 2025,69,19,20,1,1393,640,1299,736,1175,860
18th Sep 25 2025,55,19,20,1,1438,594,1302,731,1165,868
17th Sep 25 2025,73,17,24,1,1449,580,1296,734,1163,867
16th Sep 25 2025,81,11,19,1,1389,640,1241,789,1137,893
15th Sep 25 2025,90,18,18,0,1307,728,1124,912,1091,945
12th Sep 25 2025,57,12,18,1,1210,820,1073,958,1055,976
11th Sep 25 2025,56,22,25,1,1217,813,1061,970,1042,989
10th Sep 25 2025,93,18,18,0,1201,829,1049,982,1043,988
9th Sep 25 2025,70,28,24,0,1016,1013,912,1118,989,1041
8th Sep 25 2025,126,18,33,1,1004,1029,897,1137,993,1041
5th Sep 25 2025,87,14,28,1,900,1129,862,1168,954,1076
4th Sep 25 2025,52,27,21,2,941,1087,859,1170,974,1055
3rd Sep 25 2025,113,12,17,0,1047,980,913,1115,987,1041
2nd Sep 25 2025,120,21,12,0,875,1151,790,1238,946,1082
1st Sep 25 2025,130,17,12,2,735,1294,712,1318,908,1122
29th Aug 25 2025,52,21,8,1,517,1506,579,1445,823,1201
28th Aug 25 2025,30,59,6,1,526,1497,594,1430,841,1183
26th Aug 25 2025,29,58,11,2,629,1389,686,1333,902,1117
25th Aug 25 2025,68,36,23,1,937,1085,890,1133,995,1028
22nd Aug 25 2025,52,16,21,0,913,1104,894,1124,981,1037
21st Aug 25 2025,60,19,22,0,1024,994,957,1062,998,1021
20th Aug 25 2025,105,10,22,1,1002,1013,946,1070,994,1022
19th Aug 25 2025,128,15,19,1,945,1069,896,1119,987,1028
18th Aug 25 2025,148,31,19,2,778,1240,804,1215,942,1077
14th Aug 25 2025,48,74,16,3,543,1468,642,1369,875,1137
13th Aug 25 2025,112,46,10,5,596,1414,680,1330,910,1101
12th Aug 25 2025,77,50,5,5,500,1510,615,1396,882,1129
11th Aug 25 2025,87,62,5,4,439,1572,601,1411,869,1143
8th Aug 25 2025,49,74,7,4,369,1643,542,1470,837,1175
7th Aug 25 2025,54,52,7,5,438,1573,628,1383,917,1094
6th Aug 25 2025,38,73,7,5,454,1555,633,1376,929,1080
5th Aug 25 2025,46,40,8,5,565,1442,726,1281,988,1019
4th Aug 25 2025,94,49,12,4,574,1435,772,1237,1011,998
1st Aug 25 2025,33,117,9,0,438,1566,702,1302,969,1035
31st Jul 25 2025,53,47,9,1,575,1426,857,1144,1064,937
30th Jul 25 2025,90,30,9,1,672,1326,972,1026,1100,898
29th Jul 25 2025,113,17,9,1,606,1393,943,1055,1093,906
28th Jul 25 2025,36,114,9,4,485,1518,795,1208,1032,971
25th Jul 25 2025,23,86,8,3,624,1373,994,1004,1121,877
24th Jul 25 2025,45,36,10,2,952,1046,1292,706,1253,744
23rd Jul 25 2025,48,28,14,2,1073,924,1343,654,1268,729
22nd Jul 25 2025,55,21,16,2,1024,971,1357,639,1265,731
21st Jul 25 2025,66,33,15,3,1121,877,1414,584,1275,723
18th Jul 25 2025,49,18,14,1,1148,845,1456,537,1293,700
17th Jul 25 2025,63,14,15,1,1312,679,1539,452,1320,671
16th Jul 25 2025,88,12,12,0,1324,667,1543,448,1308,683
15th Jul 25 2025,99,8,9,0,1245,746,1479,512,1274,717
14th Jul 25 2025,71,20,16,1,996,998,1347,647,1199,795
11th Jul 25 2025,41,15,7,0,985,1005,1383,607,1195,795
10th Jul 25 2025,69,9,12,1,1204,782,1487,499,1249,737
9th Jul 25 2025,72,8,10,1,1234,751,1491,495,1237,749
8th Jul 25 2025,55,16,12,1,1212,775,1481,506,1233,754
7th Jul 25 2025,66,25,19,1,1264,726,1511,479,1246,744
4th Jul 25 2025,71,15,18,1,1365,623,1558,430,1257,731
3rd Jul 25 2025,74,12,20,1,1344,642,1523,463,1239,747
2nd Jul 25 2025,58,19,20,1,1329,654,1514,469,1213,770
1st Jul 25 2025,84,22,27,0,1424,555,1545,434,1228,751
3rd Jul 26 2026,90,41,17,5,1457,793,1548,702,1319,932
2nd Jul 26 2026,130,23,13,2,1488,781,1529,740,1297,973
1st Jul 26 2026,108,34,17,2,1341,926,1431,837,1248,1020
30th Jun 26 2026,113,21,10,2,1269,999,1388,881,1225,1044
29th Jun 26 2026,78,76,13,2,1153,1119,1354,919,1201,1072
25th Jun 26 2026,54,67,16,1,1330,939,1460,810,1233,1037
24th Jun 26 2026,86,37,18,1,1505,764,1532,738,1284,986
23rd Jun 26 2026,61,62,25,0,1516,753,1525,745,1254,1016
22nd Jun 26 2026,172,25,41,0,1711,559,1644,628,1321,951
19th Jun 26 2026,139,22,45,1,1629,641,1581,690,1245,1026
18th Jun 26 2026,126,20,59,1,1657,614,1581,691,1235,1037
17th Jun 26 2026,125,23,28,2,1611,660,1541,731,1210,1062
16th Jun 26 2026,117,20,14,1,1572,699,1495,777,1176,1096
15th Jun 26 2026,217,14,24,3,1511,761,1429,845,1158,1116
12th Jun 26 2026,347,11,12,2,1154,1117,1177,1095,1076,1196
11th Jun 26 2026,40,92,11,7,650,1619,868,1403,919,1352
10th Jun 26 2026,52,105,20,5,792,1478,985,1287,982,1290
9th Jun 26 2026,199,28,25,4,971,1299,1154,1118,1043,1229
8th Jun 26 2026,53,171,25,5,729,1543,935,1339,969,1305
5th Jun 26 2026,110,50,34,5,1026,1246,1207,1067,1056,1218
4th Jun 26 2026,142,30,35,4,1048,1224,1193,1081,1054,1220
3rd Jun 26 2026,84,56,36,5,948,1323,1186,1087,1027,1246
2nd Jun 26 2026,148,37,34,5,1026,1245,1235,1038,1047,1226
1st Jun 26 2026,100,178,37,4,903,1369,1162,1111,1002,1272
29th May 26 2026,122,147,40,1,1148,1123,1307,965,1057,1215
27th May 26 2026,152,46,53,1,1403,868,1446,826,1131,1141
26th May 26 2026,118,43,50,1,1395,876,1439,833,1109,1163
25th May 26 2026,192,36,49,3,1419,855,1456,818,1097,1177
22nd May 26 2026,92,47,23,2,1131,1141,1290,982,1017,1255
21st May 26 2026,135,30,22,2,1091,1180,1278,993,1005,1266
20th May 26 2026,104,34,16,6,987,1285,1212,1060,967,1305
19th May 26 2026,149,28,12,6,927,1345,1206,1066,952,1320
18th May 26 2026,68,157,7,16,726,1548,1088,1186,895,1379
15th May 26 2026,70,96,7,12,973,1299,1314,958,976,1296
14th May 26 2026,82,51,5,7,1103,1169,1361,911,1010,1262
13th May 26 2026,143,58,18,3,1051,1222,1365,908,1000,1273
12th May 26 2026,34,514,16,2,931,1341,1322,950,956,1316
11th May 26 2026,76,144,37,4,1573,703,1683,593,1176,1100
8th May 26 2026,127,48,68,1,1904,370,1877,397,1272,1002
7th May 26 2026,226,13,43,2,2003,270,1935,338,1269,1004
6th May 26 2026,215,24,31,2,1945,328,1857,416,1186,1087
5th May 26 2026,111,41,22,3,1681,592,1652,621,1104,1169
4th May 26 2026,203,40,30,2,1764,512,1686,590,1077,1199
30th Apr 26 2026,55,52,13,1,1679,593,1604,668,1023,1249
29th Apr 26 2026,87,34,17,1,1793,480,1693,580,1037,1236
28th Apr 26 2026,90,31,22,1,1802,471,1683,590,1034,1239
27th Apr 26 2026,255,16,20,1,1954,322,1754,522,1038,1238
24th Apr 26 2026,41,109,22,4,1728,545,1575,698,931,1342
23rd Apr 26 2026,100,40,33,4,1978,295,1783,490,1023,1250
22nd Apr 26 2026,137,28,32,3,2067,206,1893,380,1058,1215
21st Apr 26 2026,121,23,44,3,2064,138,1842,360,983,1219
20th Apr 26 2026,77,52,46,2,2068,132,1797,403,922,1278
17th Apr 26 2026,184,8,78,0,2105,84,1872,317,953,1236
16th Apr 26 2026,140,11,61,0,2070,120,1759,431,862,1328
15th Apr 26 2026,382,6,125,0,2071,118,1681,508,815,1374
13th Apr 26 2026,104,36,89,1,1905,286,1286,905,677,1514
10th Apr 26 2026,242,6,127,1,1975,213,1365,823,676,1512
9th Apr 26 2026,96,31,104,0,1843,347,1027,1163,582,1608
8th Apr 26 2026,905,13,407,0,1927,262,1045,1144,573,1616
7th Apr 26 2026,127,11,60,2,1110,1079,542,1647,441,1748
6th Apr 26 2026,220,12,23,2,956,1232,471,1717,430,1758
2nd Apr 26 2026,183,23,16,3,661,1523,381,1803,386,1798
1st Apr 26 2026,1152,7,11,3,495,1688,340,1843,392,1791
30th Mar 26 2026,32,754,5,38,205,1978,215,1968,322,1861
27th Mar 26 2026,33,646,8,10,298,1880,256,1922,369,1809
25th Mar 26 2026,222,18,6,5,496,1682,336,1842,402,1776
24th Mar 26 2026,299,26,7,6,278,1899,252,1925,358,1819
23rd Mar 26 2026,7,984,5,4,151,2027,172,2006,305,1873
20th Mar 26 2026,101,26,15,3,375,1800,329,1846,406,1769
19th Mar 26 2026,19,304,6,2,268,1906,252,1922,386,1788
18th Mar 26 2026,332,6,6,2,509,1665,396,1778,455,1719
17th Mar 26 2026,100,16,5,7,262,1912,301,1873,411,1763
16th Mar 26 2026,43,120,5,6,191,1985,255,1921,386,1790
13th Mar 26 2026,18,385,8,7,221,1952,297,1876,391,1782
12th Mar 26 2026,61,47,11,6,436,1735,424,1747,457,1714
11th Mar 26 2026,80,54,8,5,443,1728,432,1739,473,1698
10th Mar 26 2026,277,15,8,6,447,1723,442,1729,484,1687
9th Mar 26 2026,25,291,5,13,278,1893,337,1835,420,1752
6th Mar 26 2026,61,42,3,6,393,1774,457,1711,510,1658
5th Mar 26 2026,112,22,8,2,405,1760,473,1693,520,1646
4th Mar 26 2026,49,265,6,4,295,1870,404,1762,477,1689
2nd Mar 26 2026,61,260,5,4,450,1715,496,1670,573,1593
27th Feb 26 2026,42,60,8,2,691,1470,689,1473,676,1486
26th Feb 26 2026,65,22,8,6,833,1328,763,1399,712,1450
25th Feb 26 2026,54,41,5,5,788,1371,746,1414,706,1454
24th Feb 26 2026,23,95,8,4,705,1454,680,1480,694,1466
23rd Feb 26 2026,65,49,5,2,870,1292,795,1368,727,1436
20th Feb 26 2026,49,30,9,5,839,1319,779,1380,717,1442
19th Feb 26 2026,35,55,8,6,807,1349,762,1395,717,1440
18th Feb 26 2026,72,19,4,6,1103,1053,934,1223,782,1375
17th Feb 26 2026,112,20,7,3,1035,1119,872,1283,757,1398
16th Feb 26 2026,53,104,11,3,931,1222,783,1371,735,1419
13th Feb 26 2026,33,167,19,0,962,1188,792,1359,731,1420
12th Feb 26 2026,61,104,26,1,1314,836,1027,1124,798,1352
11th Feb 26 2026,92,66,14,2,1495,654,1121,1029,825,1325
10th Feb 26 2026,139,37,31,1,1577,572,1156,994,827,1323
9th Feb 26 2026,391,18,52,1,1519,633,1076,1077,814,1339
6th Feb 26 2026,61,75,29,3,1124,1025,774,1376,693,1457
5th Feb 26 2026,56,93,33,6,1161,988,786,1364,701,1449
4th Feb 26 2026,239,56,44,18,1352,797,848,1302,734,1416
3rd Feb 26 2026,527,11,27,18,1149,1001,752,1398,716,1434
2nd Feb 26 2026,77,73,16,19,458,1694,380,1772,544,1608
1st Feb 26 2026,61,239,9,4,442,1709,365,1786,502,1649
30th Jan 26 2026,170,101,16,6,676,1473,503,1646,611,1538
29th Jan 26 2026,142,62,26,5,543,1606,439,1710,580,1569
28th Jan 26 2026,357,21,13,6,547,1601,434,1714,568,1580
27th Jan 26 2026,101,76,4,11,311,1841,328,1824,493,1659
23rd Jan 26 2026,58,212,2,6,278,1870,299,1849,489,1659
22nd Jan 26 2026,184,55,2,4,365,1783,377,1771,558,1590
21st Jan 26 2026,57,143,20,2,232,1915,294,1853,497,1650
20th Jan 26 2026,29,377,24,1,255,1891,320,1826,533,1613
19th Jan 26 2026,41,91,28,1,459,1689,482,1666,637,1511
16th Jan 26 2026,69,32,26,2,538,1605,543,1600,687,1456
14th Jan 26 2026,78,19,6,1,527,1615,562,1580,700,1442
13th Jan 26 2026,70,17,4,1,491,1651,532,1610,687,1455
12th Jan 26 2026,61,71,5,4,432,1714,513,1633,679,1467
9th Jan 26 2026,16,101,3,4,430,1710,544,1596,698,1442
8th Jan 26 2026,14,138,7,4,672,1469,702,1439,783,1358
7th Jan 26 2026,68,19,14,3,1057,1084,918,1223,868,1273
6th Jan 26 2026,44,28,15,1,1026,1114,883,1257,854,1286
5th Jan 26 2026,65,39,14,1,1145,998,946,1197,880,1263
2nd Jan 26 2026,101,11,12,1,1320,819,963,1176,882,1257
1st Jan 26 2026,62,17,10,2,1078,1061,833,1306,827,1312
31st Dec 25 2025,86,16,9,2,1049,1088,813,1324,825,1312
30th Dec 25 2025,56,35,11,1,774,1361,694,1441,774,1361
29th Dec 25 2025,46,49,15,0,762,1377,725,1414,779,1360
26th Dec 25 2025,66,21,20,0,941,1195,778,1358,810,1326
24th Dec 25 2025,59,15,15,0,1096,1039,816,1319,827,1308
23rd Dec 25 2025,68,17,10,2,1139,995,818,1316,831,1303
22nd Dec 25 2025,117,14,9,1,1019,1117,760,1376,816,1320
19th Dec 25 2025,91,16,10,0,709,1424,649,1484,774,1359
18th Dec 25 2025,41,30,11,0,495,1636,543,1588,728,1403
17th Dec 25 2025,32,52,12,0,497,1633,574,1556,737,1393
16th Dec 25 2025,37,30,13,0,626,1504,623,1507,768,1362
15th Dec 25 2025,79,20,15,1,753,1376,682,1447,792,1337
12th Dec 25 2025,99,11,8,3,702,1422,660,1465,774,1351
11th Dec 25 2025,74,14,7,4,512,1611,569,1554,739,1385
10th Dec 25 2025,55,28,9,3,393,1726,486,1633,723,1397
9th Dec 25 2025,129,14,2,3,432,1686,523,1595,727,1392
8th Dec 25 2025,20,237,4,3,330,1791,471,1650,701,1421
5th Dec 25 2025,34,38,4,3,548,1568,630,1486,796,1321
4th Dec 25 2025,31,27,3,4,544,1572,647,1469,802,1315
3rd Dec 25 2025,17,41,1,3,548,1567,644,1471,819,1297
2nd Dec 25 2025,29,30,5,2,656,1459,718,1397,841,1275
1st Dec 25 2025,69,37,7,2,740,1378,754,1365,869,1250
28th Nov 25 2025,61,19,4,2,761,1350,768,1344,869,1243
27th Nov 25 2025,57,17,4,3,746,1362,759,1350,863,1246
26th Nov 25 2025,84,13,5,2,746,1361,760,1348,875,1233
25th Nov 25 2025,70,13,6,3,557,1549,647,1461,823,1285
24th Nov 25 2025,37,134,6,6,520,1591,627,1485,805,1307
21st Nov 25 2025,32,36,5,4,610,1493,700,1405,860,1245
20th Nov 25 2025,40,24,9,3,765,1337,827,1276,898,1205
19th Nov 25 2025,42,40,7,2,795,1305,833,1268,918,1183
18th Nov 25 2025,38,35,12,3,781,1317,842,1257,918,1181
17th Nov 25 2025,99,47,12,3,952,1151,918,1186,964,1140
14th Nov 25 2025,79,41,13,3,878,1217,882,1214,938,1158
13th Nov 25 2025,70,49,13,4,856,1237,875,1219,967,1127
12th Nov 25 2025,106,29,9,4,894,1197,911,1181,974,1118
11th Nov 25 2025,70,55,9,8,752,1340,821,1272,931,1162
10th Nov 25 2025,89,91,12,7,755,1340,823,1273,936,1160
7th Nov 25 2025,73,42,13,3,671,1418,813,1276,932,1157
6th Nov 25 2025,46,146,15,4,611,1477,811,1277,920,1168
4th Nov 25 2025,43,29,17,2,879,1208,971,1116,1021,1066
3rd Nov 25 2025,102,39,19,3,1101,991,1089,1003,1065,1027
31st Oct 25 2025,45,31,13,2,982,1100,1017,1065,1032,1050
30th Oct 25 2025,56,25,10,2,1131,951,1099,983,1060,1022
29th Oct 25 2025,89,26,13,0,1164,917,1103,978,1069,1012
28th Oct 25 2025,64,32,14,1,1004,1082,1000,1086,1032,1054
27th Oct 25 2025,82,37,22,2,1029,1064,1014,1079,1052,1041
24th Oct 25 2025,53,26,19,3,989,1096,979,1106,1018,1067
23rd Oct 25 2025,86,47,21,3,1071,1014,1017,1068,1041,1044
21st Oct 25 2025,58,1,24,0,1121,962,1029,1054,1048,1035
20th Oct 25 2025,97,40,15,3,938,1154,919,1173,1004,1088
17th Oct 25 2025,45,42,12,1,845,1237,861,1221,968,1114
16th Oct 25 2025,76,33,13,2,935,1144,922,1157,1000,1079
15th Oct 25 2025,91,28,13,2,831,1248,878,1201,968,1111
14th Oct 25 2025,43,64,24,3,676,1401,784,1293,929,1148
13th Oct 25 2025,54,42,16,4,861,1221,907,1175,993,1089
10th Oct 25 2025,83,23,20,3,1008,1065,978,1095,1031,1042
9th Oct 25 2025,91,40,31,5,907,1169,926,1150,1007,1069
8th Oct 25 2025,78,26,29,2,819,1254,875,1198,990,1083
7th Oct 25 2025,59,33,22,1,904,1167,933,1138,1006,1065
6th Oct 25 2025,81,36,19,1,938,1135,947,1126,1009,1064
3rd Oct 25 2025,127,13,11,1,916,1150,929,1137,1022,1045
1st Oct 25 2025,126,9,11,1,692,1370,790,1272,965,1098
30th Sep 25 2025,41,29,8,2,486,1570,622,1434,888,1169
29th Sep 25 2025,66,63,15,3,460,1601,633,1428,884,1178
26th Sep 25 2025,15,113,19,1,455,1595,621,1429,890,1161
25th Sep 25 2025,40,33,22,1,753,1296,895,1154,1014,1036
24th Sep 25 2025,53,30,19,2,944,1104,1060,988,1075,974
23rd Sep 25 2025,69,25,21,2,1117,930,1161,886,1118,930
22nd Sep 25 2025,84,38,25,2,1220,834,1208,847,1157,898
19th Sep 25 2025,69,18,20,1,1403,643,1304,744,1179,869
18th Sep 25 2025,55,19,20,1,1449,596,1310,736,1170,876
17th Sep 25 2025,74,17,24,1,1459,583,1303,740,1169,874
16th Sep 25 2025,82,12,19,1,1397,645,1248,795,1143,900
15th Sep 25 2025,89,18,18,0,1315,733,1130,919,1095,954
12th Sep 25 2025,58,12,18,0,1219,824,1078,966,1059,985
11th Sep 25 2025,56,21,26,0,1223,820,1065,979,1046,998
10th Sep 25 2025,94,19,18,0,1208,835,1053,991,1048,996
9th Sep 25 2025,71,28,25,0,1021,1021,916,1127,993,1050
8th Sep 25 2025,128,17,33,1,1010,1036,901,1146,998,1049
5th Sep 25 2025,89,13,28,1,905,1137,864,1179,958,1085
4th Sep 25 2025,52,28,20,2,944,1097,860,1182,978,1064
3rd Sep 25 2025,112,13,15,0,1049,991,914,1127,991,1050
2nd Sep 25 2025,121,22,11,0,878,1161,792,1249,949,1092
1st Sep 25 2025,129,16,11,2,736,1306,712,1331,912,1131
29th Aug 25 2025,51,22,8,1,519,1517,580,1457,827,1210
28th Aug 25 2025,29,61,6,1,527,1509,595,1442,845,1192
26th Aug 25 2025,28,59,11,2,632,1399,687,1345,905,1127
25th Aug 25 2025,71,36,22,1,942,1093,894,1142,999,1037
22nd Aug 25 2025,52,15,21,0,915,1115,896,1135,986,1045
21st Aug 25 2025,60,19,21,0,1027,1004,958,1074,1003,1029
20th Aug 25 2025,104,10,21,1,1006,1022,950,1079,999,1030
19th Aug 25 2025,126,15,19,1,950,1077,899,1129,993,1035
18th Aug 25 2025,147,31,18,2,780,1251,805,1227,948,1084
14th Aug 25 2025,48,74,16,3,547,1477,646,1378,881,1144
13th Aug 25 2025,112,46,10,5,600,1423,683,1340,916,1108
12th Aug 25 2025,77,50,5,5,500,1523,617,1407,887,1137
11th Aug 25 2025,86,62,5,4,439,1585,601,1424,873,1152
8th Aug 25 2025,49,74,7,4,372,1653,546,1479,841,1184
7th Aug 25 2025,54,53,7,5,440,1584,631,1393,923,1101
6th Aug 25 2025,39,73,7,5,457,1565,637,1385,936,1086
5th Aug 25 2025,47,40,8,5,567,1453,728,1292,994,1026
4th Aug 25 2025,94,49,12,4,576,1446,774,1248,1017,1005
1st Aug 25 2025,33,117,9,0,441,1576,705,1312,975,1042
31st Jul 25 2025,53,47,9,1,579,1435,862,1152,1070,944
30th Jul 25 2025,90,30,9,1,674,1336,976,1034,1105,905
29th Jul 25 2025,113,17,9,1,608,1403,947,1063,1098,913
28th Jul 25 2025,36,115,9,4,489,1526,802,1213,1037,978
25th Jul 25 2025,23,86,8,3,629,1380,1001,1009,1126,884
24th Jul 25 2025,45,36,10,2,958,1052,1300,710,1258,751
23rd Jul 25 2025,48,28,14,2,1080,929,1350,659,1273,736
22nd Jul 25 2025,55,21,16,2,1033,974,1364,644,1270,738
21st Jul 25 2025,67,33,16,3,1129,881,1422,588,1280,730
18th Jul 25 2025,51,18,15,1,1152,853,1462,543,1298,707
17th Jul 25 2025,64,14,16,1,1317,686,1543,460,1325,678
16th Jul 25 2025,89,12,12,0,1326,677,1547,456,1313,690
15th Jul 25 2025,101,8,9,0,1250,753,1484,519,1277,726
14th Jul 25 2025,72,20,16,1,999,1007,1353,653,1202,804
11th Jul 25 2025,41,15,7,0,990,1012,1389,613,1198,804
10th Jul 25 2025,69,10,12,1,1208,790,1493,505,1252,746
9th Jul 25 2025,73,9,10,1,1237,760,1497,501,1241,757
8th Jul 25 2025,56,16,12,1,1215,784,1487,512,1237,762
7th Jul 25 2025,67,25,19,1,1268,734,1515,487,1250,752
4th Jul 25 2025,71,15,18,1,1369,631,1564,436,1262,738
3rd Jul 25 2025,74,13,20,1,1346,652,1530,468,1245,753
2nd Jul 25 2025,58,20,20,1,1335,660,1520,475,1219,776
1st Jul 25 2025,84,22,27,0,1431,560,1553,438,1233,758
30th Jun 25 2025,116,17,28,0,1463,529,1559,433,1243,749
27th Jun 25 2025,87,14,22,0,1409,579,1519,469,1224,764
26th Jun 25 2025,62,12,21,0,1347,642,1500,489,1196,793
1st Jul 26 2026,112,33,16,2,1337,912,1427,822,1239,1010
30th Jun 26 2026,113,22,10,2,1263,996,1383,877,1220,1040
29th Jun 26 2026,76,76,13,2,1148,1115,1348,916,1196,1068
25th Jun 26 2026,53,66,16,1,1325,935,1455,806,1229,1032
24th Jun 26 2026,85,37,18,1,1499,761,1526,735,1281,980
23rd Jun 26 2026,61,62,25,0,1509,751,1521,740,1250,1011
22nd Jun 26 2026,172,25,41,0,1706,555,1640,623,1317,946
19th Jun 26 2026,139,22,45,1,1623,638,1576,686,1241,1021
18th Jun 26 2026,125,20,59,1,1652,610,1575,688,1232,1031
17th Jun 26 2026,125,23,28,2,1603,659,1536,727,1208,1055
16th Jun 26 2026,116,20,14,1,1568,694,1490,773,1173,1090
15th Jun 26 2026,217,14,24,3,1508,755,1426,839,1156,1109
12th Jun 26 2026,346,11,12,2,1150,1112,1173,1090,1074,1189
11th Jun 26 2026,40,92,11,7,648,1612,866,1396,918,1344
10th Jun 26 2026,52,105,20,5,790,1471,983,1280,981,1282
9th Jun 26 2026,199,28,25,4,968,1293,1151,1112,1042,1221
8th Jun 26 2026,51,171,25,5,727,1536,934,1331,968,1297
5th Jun 26 2026,110,49,34,5,1024,1239,1205,1060,1056,1209
4th Jun 26 2026,142,30,35,4,1047,1216,1192,1073,1054,1211
3rd Jun 26 2026,84,55,36,5,947,1315,1186,1078,1027,1237
2nd Jun 26 2026,148,35,34,5,1023,1240,1232,1033,1047,1218
1st Jun 26 2026,100,177,37,4,900,1363,1160,1104,1001,1264
29th May 26 2026,121,147,40,1,1147,1115,1305,958,1056,1207
27th May 26 2026,152,46,52,1,1400,862,1444,819,1129,1134
26th May 26 2026,117,42,50,1,1391,871,1437,826,1108,1155
25th May 26 2026,192,36,49,3,1415,850,1454,811,1096,1169
22nd May 26 2026,92,47,23,2,1129,1134,1289,974,1016,1247
21st May 26 2026,134,29,22,2,1090,1172,1277,985,1005,1257
20th May 26 2026,104,34,16,6,987,1276,1211,1052,967,1296
19th May 26 2026,147,28,12,6,926,1337,1204,1059,952,1311
18th May 26 2026,67,156,7,16,727,1538,1088,1177,895,1370
15th May 26 2026,70,96,7,12,973,1290,1313,950,976,1287
14th May 26 2026,82,51,5,7,1103,1161,1361,903,1010,1254
13th May 26 2026,143,57,18,3,1052,1212,1364,900,1000,1264
12th May 26 2026,34,513,16,2,930,1333,1320,943,956,1307
11th May 26 2026,76,143,37,4,1569,698,1678,589,1175,1092
8th May 26 2026,127,47,68,1,1898,367,1872,393,1270,995
7th May 26 2026,225,12,43,2,1996,268,1930,334,1267,997
6th May 26 2026,214,24,31,2,1937,327,1851,413,1184,1080
5th May 26 2026,111,41,22,3,1678,586,1648,616,1103,1161
4th May 26 2026,201,39,30,2,1762,505,1682,585,1076,1191
30th Apr 26 2026,55,51,13,1,1675,588,1600,663,1022,1241
29th Apr 26 2026,87,34,17,1,1787,477,1688,576,1036,1228
28th Apr 26 2026,90,31,22,1,1797,467,1678,586,1033,1231
27th Apr 26 2026,254,16,20,1,1946,321,1749,518,1036,1231
24th Apr 26 2026,40,109,22,4,1722,542,1569,695,931,1333
23rd Apr 26 2026,100,40,33,4,1971,293,1776,488,1022,1242
22nd Apr 26 2026,137,28,32,3,2059,205,1886,378,1058,1206
21st Apr 26 2026,121,23,44,3,2056,138,1835,359,983,1211
20th Apr 26 2026,78,52,46,2,2060,132,1790,402,923,1269
17th Apr 26 2026,184,8,78,0,2097,84,1865,316,953,1228
16th Apr 26 2026,140,11,61,0,2062,120,1753,429,861,1321
15th Apr 26 2026,380,6,125,0,2063,118,1676,505,815,1366
13th Apr 26 2026,104,36,89,1,1896,287,1281,902,676,1507
10th Apr 26 2026,242,6,127,1,1967,213,1360,820,675,1505
9th Apr 26 2026,97,31,104,0,1835,347,1022,1160,581,1601
8th Apr 26 2026,903,13,405,0,1920,261,1039,1142,572,1609
7th Apr 26 2026,126,11,58,2,1105,1076,537,1644,440,1741
6th Apr 26 2026,219,12,23,2,953,1227,467,1713,429,1751
2nd Apr 26 2026,182,23,15,3,657,1519,380,1796,385,1791
1st Apr 26 2026,1148,7,11,3,492,1683,340,1835,391,1784
30th Mar 26 2026,32,754,5,38,205,1970,215,1960,321,1854
27th Mar 26 2026,33,643,8,10,297,1873,256,1914,369,1801
25th Mar 26 2026,219,17,6,5,495,1675,336,1834,402,1768
24th Mar 26 2026,298,26,7,6,277,1892,250,1919,356,1813
23rd Mar 26 2026,7,984,5,4,151,2019,171,1999,304,1866
20th Mar 26 2026,101,26,15,3,375,1792,328,1839,405,1762
19th Mar 26 2026,19,304,6,2,266,1900,251,1915,385,1781
18th Mar 26 2026,333,6,6,2,507,1659,394,1772,455,1711
17th Mar 26 2026,100,16,5,7,261,1905,300,1866,411,1755
16th Mar 26 2026,42,120,5,6,191,1977,254,1914,385,1783
13th Mar 26 2026,18,386,8,7,219,1946,296,1869,391,1774
12th Mar 26 2026,61,48,11,6,435,1728,423,1740,457,1706
11th Mar 26 2026,80,54,8,5,441,1722,431,1732,473,1690
10th Mar 26 2026,277,15,8,6,446,1716,441,1722,484,1679
9th Mar 26 2026,25,290,5,13,277,1886,337,1827,420,1744
6th Mar 26 2026,61,41,3,6,392,1767,456,1704,509,1651
5th Mar 26 2026,111,22,8,2,402,1755,471,1687,519,1639
4th Mar 26 2026,50,265,6,4,295,1862,404,1754,476,1682
2nd Mar 26 2026,60,260,5,4,448,1709,495,1663,572,1586
27th Feb 26 2026,42,61,8,2,689,1464,686,1468,675,1479
26th Feb 26 2026,65,22,8,6,830,1323,760,1394,711,1443
25th Feb 26 2026,53,41,5,5,785,1366,744,1408,705,1447
24th Feb 26 2026,23,95,8,4,703,1448,678,1474,693,1459
23rd Feb 26 2026,65,48,5,2,865,1289,792,1363,726,1429
20th Feb 26 2026,48,30,9,5,833,1317,777,1374,716,1435
19th Feb 26 2026,35,54,8,5,803,1345,759,1390,715,1434
18th Feb 26 2026,71,18,4,4,1099,1049,932,1217,781,1368
17th Feb 26 2026,112,19,7,2,1033,1113,870,1277,756,1391
16th Feb 26 2026,53,104,11,2,930,1215,781,1365,734,1412
13th Feb 26 2026,33,166,19,0,958,1184,789,1354,730,1413
12th Feb 26 2026,61,102,26,1,1310,832,1023,1120,797,1345
11th Feb 26 2026,92,66,13,2,1491,650,1118,1024,824,1318
10th Feb 26 2026,137,37,30,1,1575,566,1152,990,824,1318
9th Feb 26 2026,391,17,51,1,1515,629,1073,1072,811,1334
6th Feb 26 2026,59,75,29,3,1120,1021,770,1372,691,1451
5th Feb 26 2026,55,93,33,6,1159,982,784,1358,699,1443
4th Feb 26 2026,237,56,44,18,1348,793,845,1297,732,1410
3rd Feb 26 2026,527,11,27,18,1145,997,749,1393,713,1429
2nd Feb 26 2026,77,72,16,19,457,1687,379,1765,542,1602
1st Feb 26 2026,61,239,9,4,440,1703,364,1779,500,1643
30th Jan 26 2026,170,101,16,6,671,1470,500,1641,608,1533
29th Jan 26 2026,141,62,26,5,539,1602,437,1704,577,1564
28th Jan 26 2026,357,21,13,6,543,1597,431,1709,565,1575
27th Jan 26 2026,100,74,4,11,310,1834,326,1818,491,1653
23rd Jan 26 2026,58,211,2,6,276,1864,298,1842,486,1654
22nd Jan 26 2026,184,55,2,4,364,1776,376,1764,555,1585
21st Jan 26 2026,57,143,20,2,232,1907,294,1845,495,1644
20th Jan 26 2026,29,377,24,1,255,1883,319,1819,530,1608
19th Jan 26 2026,41,92,28,1,457,1683,480,1660,633,1507
16th Jan 26 2026,69,32,26,2,536,1599,539,1596,683,1452
14th Jan 26 2026,79,19,6,1,524,1610,558,1576,697,1437
13th Jan 26 2026,70,17,4,1,489,1645,528,1606,684,1450
12th Jan 26 2026,61,71,5,4,428,1710,509,1629,676,1462
9th Jan 26 2026,16,101,3,4,428,1704,540,1592,695,1437
8th Jan 26 2026,14,137,7,4,669,1464,698,1435,779,1354
7th Jan 26 2026,68,18,14,3,1053,1080,914,1219,864,1269
6th Jan 26 2026,44,28,15,1,1021,1111,879,1253,851,1281
5th Jan 26 2026,65,39,14,1,1143,992,941,1194,877,1258
2nd Jan 26 2026,100,11,12,1,1316,815,959,1172,879,1252
1st Jan 26 2026,62,17,10,2,1073,1058,828,1303,824,1307
31st Dec 25 2025,85,16,9,2,1042,1087,809,1320,822,1307
30th Dec 25 2025,56,35,11,1,771,1356,690,1437,771,1356
29th Dec 25 2025,46,48,15,0,758,1373,721,1410,776,1355
26th Dec 25 2025,66,21,20,0,936,1192,773,1355,806,1322
24th Dec 25 2025,58,15,15,0,1091,1036,813,1314,823,1304
23rd Dec 25 2025,67,17,10,2,1136,990,815,1311,829,1297
22nd Dec 25 2025,116,14,9,1,1017,1111,757,1371,815,1313
19th Dec 25 2025,91,15,10,0,705,1420,645,1480,772,1353
18th Dec 25 2025,41,30,11,0,492,1631,539,1584,726,1397
17th Dec 25 2025,32,51,12,0,494,1628,571,1551,735,1387
16th Dec 25 2025,36,30,13,0,623,1499,618,1504,766,1356
15th Dec 25 2025,79,20,15,1,749,1372,678,1443,790,1331
12th Dec 25 2025,99,11,8,3,700,1416,657,1460,772,1345
11th Dec 25 2025,74,14,7,4,510,1605,567,1548,737,1379
10th Dec 25 2025,55,28,9,3,391,1720,483,1628,721,1391
9th Dec 25 2025,129,14,2,3,428,1682,519,1591,725,1386
8th Dec 25 2025,20,235,4,3,326,1787,467,1646,699,1415
5th Dec 25 2025,33,37,3,3,543,1565,626,1482,794,1315
4th Dec 25 2025,29,27,2,4,539,1569,644,1464,800,1309
3rd Dec 25 2025,16,40,1,3,543,1564,642,1465,818,1290
2nd Dec 25 2025,29,30,5,2,654,1453,716,1391,840,1268
1st Dec 25 2025,67,36,7,2,736,1374,751,1360,867,1244
28th Nov 25 2025,60,19,4,2,758,1345,765,1339,868,1236
27th Nov 25 2025,56,17,4,3,743,1357,757,1344,862,1239
26th Nov 25 2025,81,13,5,2,743,1356,758,1342,874,1226
25th Nov 25 2025,70,13,6,3,556,1542,645,1455,822,1278
24th Nov 25 2025,37,134,6,6,519,1584,626,1478,804,1300
21st Nov 25 2025,33,36,5,4,608,1487,698,1399,857,1240
20th Nov 25 2025,40,23,9,3,765,1329,825,1270,895,1200
19th Nov 25 2025,42,40,7,2,792,1300,831,1262,915,1178
18th Nov 25 2025,38,35,12,3,780,1310,839,1252,915,1176
17th Nov 25 2025,99,47,12,3,951,1144,917,1179,961,1135
14th Nov 25 2025,79,41,13,3,878,1209,881,1207,935,1153
13th Nov 25 2025,71,48,13,4,855,1230,874,1212,964,1122
12th Nov 25 2025,106,29,9,4,891,1192,909,1175,970,1114
11th Nov 25 2025,70,55,9,8,748,1336,819,1266,928,1157
10th Nov 25 2025,89,91,12,7,751,1336,821,1267,932,1156
7th Nov 25 2025,73,42,13,3,667,1414,810,1271,928,1153
6th Nov 25 2025,46,147,15,4,608,1472,809,1271,916,1164
4th Nov 25 2025,43,29,17,2,877,1202,967,1112,1017,1062
3rd Nov 25 2025,102,39,19,3,1099,985,1086,998,1061,1023
31st Oct 25 2025,45,31,13,2,978,1096,1013,1061,1028,1046
30th Oct 25 2025,55,25,10,2,1127,947,1096,978,1056,1018
29th Oct 25 2025,90,26,13,0,1160,913,1100,973,1066,1007
28th Oct 25 2025,63,32,14,1,1000,1078,997,1081,1029,1049
27th Oct 25 2025,82,37,22,2,1028,1057,1012,1073,1049,1036
24th Oct 25 2025,53,26,19,3,988,1089,977,1100,1015,1062
23rd Oct 25 2025,85,47,21,3,1068,1009,1014,1063,1038,1039
21st Oct 25 2025,59,1,24,0,1116,958,1024,1050,1044,1030
20th Oct 25 2025,97,40,15,3,935,1149,916,1168,1001,1083
17th Oct 25 2025,45,42,12,1,842,1232,858,1216,965,1109
16th Oct 25 2025,76,33,13,2,932,1139,919,1152,997,1074
15th Oct 25 2025,91,28,13,2,829,1242,876,1195,965,1106
14th Oct 25 2025,43,64,24,3,675,1394,783,1286,927,1142
13th Oct 25 2025,54,42,16,4,858,1216,905,1169,990,1084
10th Oct 25 2025,82,23,20,3,1005,1060,975,1090,1028,1037
9th Oct 25 2025,92,39,31,5,905,1163,923,1145,1004,1064
8th Oct 25 2025,77,26,29,2,816,1249,872,1193,988,1077
7th Oct 25 2025,59,33,22,1,902,1161,929,1134,1003,1060
6th Oct 25 2025,81,36,19,1,935,1130,942,1123,1007,1058
3rd Oct 25 2025,127,12,11,1,914,1144,926,1132,1020,1039
1st Oct 25 2025,126,8,11,1,689,1365,788,1266,963,1092
30th Sep 25 2025,42,29,8,2,485,1563,620,1428,885,1164
29th Sep 25 2025,65,63,15,3,457,1596,630,1423,881,1173
26th Sep 25 2025,15,112,19,1,452,1590,619,1423,887,1156
25th Sep 25 2025,40,33,22,1,749,1292,890,1151,1011,1031
24th Sep 25 2025,53,30,19,2,939,1101,1055,985,1072,969
23rd Sep 25 2025,69,25,21,2,1110,929,1156,883,1114,926
22nd Sep 25 2025,84,38,25,2,1213,833,1203,844,1153,894
19th Sep 25 2025,69,18,20,1,1397,641,1299,741,1175,865
18th Sep 25 2025,55,19,20,1,1443,594,1305,733,1166,872
17th Sep 25 2025,74,17,24,1,1454,580,1298,737,1165,870
16th Sep 25 2025,82,11,19,1,1392,642,1243,792,1140,895
15th Sep 25 2025,89,18,18,0,1310,730,1126,915,1093,948
12th Sep 25 2025,57,11,18,0,1214,821,1074,962,1057,979
11th Sep 25 2025,56,21,25,0,1218,817,1061,975,1044,992
10th Sep 25 2025,93,18,18,0,1204,831,1049,987,1045,991
9th Sep 25 2025,71,27,24,0,1017,1017,913,1122,990,1045
8th Sep 25 2025,128,17,32,1,1004,1034,896,1143,996,1043
5th Sep 25 2025,87,13,27,1,900,1134,861,1174,956,1079
4th Sep 25 2025,52,28,20,2,940,1093,857,1177,975,1059
3rd Sep 25 2025,112,13,16,0,1044,988,911,1122,988,1045
2nd Sep 25 2025,120,21,11,0,875,1156,789,1244,948,1085
1st Sep 25 2025,128,17,11,2,733,1301,710,1325,911,1124
29th Aug 25 2025,52,22,8,1,517,1511,578,1451,827,1202
28th Aug 25 2025,29,60,6,1,526,1502,595,1434,843,1186
26th Aug 25 2025,29,59,11,2,629,1394,688,1336,904,1120
25th Aug 25 2025,70,36,22,1,939,1088,892,1136,998,1030
22nd Aug 25 2025,52,15,21,0,914,1108,895,1128,985,1038
21st Aug 25 2025,60,19,21,0,1025,998,958,1066,1001,1023
20th Aug 25 2025,104,10,21,1,1005,1015,950,1071,998,1023
19th Aug 25 2025,126,15,19,1,950,1069,899,1121,992,1028
18th Aug 25 2025,148,31,19,2,781,1242,807,1217,947,1077
14th Aug 25 2025,48,74,16,3,548,1468,646,1370,880,1137
13th Aug 25 2025,112,46,10,5,600,1415,682,1333,915,1101
12th Aug 25 2025,77,50,5,5,501,1514,616,1400,886,1130
11th Aug 25 2025,87,62,5,4,439,1577,600,1417,872,1145
8th Aug 25 2025,49,74,7,4,371,1646,545,1472,840,1177
7th Aug 25 2025,54,52,7,5,440,1576,630,1386,922,1094
6th Aug 25 2025,38,73,7,5,455,1559,634,1380,934,1080
5th Aug 25 2025,47,40,8,5,565,1447,727,1285,992,1020
4th Aug 25 2025,94,49,12,4,574,1440,773,1241,1015,999
1st Aug 25 2025,33,117,9,0,438,1571,704,1305,973,1036
31st Jul 25 2025,53,47,9,1,577,1429,859,1147,1069,937
30th Jul 25 2025,90,30,9,1,674,1328,974,1028,1103,899
29th Jul 25 2025,113,17,9,1,607,1396,945,1057,1097,906
28th Jul 25 2025,36,114,9,4,488,1519,799,1208,1036,971
25th Jul 25 2025,23,86,8,3,627,1374,998,1004,1125,877
24th Jul 25 2025,45,36,10,2,953,1049,1295,707,1256,745
23rd Jul 25 2025,48,28,14,2,1076,925,1347,654,1272,729
22nd Jul 25 2025,55,21,16,2,1029,970,1361,639,1269,731
21st Jul 25 2025,67,33,16,3,1125,878,1418,585,1279,724
18th Jul 25 2025,51,18,15,1,1150,848,1458,540,1297,701
17th Jul 25 2025,64,14,16,1,1314,682,1541,455,1324,672
16th Jul 25 2025,89,12,12,0,1324,672,1545,451,1312,684
15th Jul 25 2025,100,8,9,0,1247,749,1483,513,1276,720
14th Jul 25 2025,71,20,16,1,996,1003,1349,650,1201,798
11th Jul 25 2025,41,15,7,0,987,1008,1385,610,1197,798
10th Jul 25 2025,69,10,12,1,1205,786,1489,502,1250,741
9th Jul 25 2025,72,9,10,1,1236,754,1494,497,1239,752
8th Jul 25 2025,55,16,12,1,1213,779,1483,509,1235,757
7th Jul 25 2025,66,25,19,1,1265,730,1513,482,1248,747
4th Jul 25 2025,71,15,18,1,1368,625,1561,432,1259,734
3rd Jul 25 2025,74,13,20,1,1344,647,1527,464,1242,749
2nd Jul 25 2025,58,20,20,1,1331,657,1517,471,1216,772
1st Jul 25 2025,84,22,27,0,1427,557,1549,435,1230,754
30th Jun 25 2025,116,17,28,0,1460,525,1556,429,1240,745
27th Jun 25 2025,87,14,22,0,1406,575,1516,465,1221,760
26th Jun 25 2025,62,12,21,0,1345,637,1497,485,1193,789
25th Jun 25 2025,153,7,10,0,1340,641,1492,489,1191,790
24th Jun 25 2025,99,17,5,1,1034,948,1333,648,1095,888
25th Jun 26 2026,54,66,16,3,1325,948,1458,816,1230,1044
24th Jun 26 2026,85,37,19,3,1499,773,1527,746,1281,992
23rd Jun 26 2026,62,62,26,1,1513,760,1528,746,1251,1023
22nd Jun 26 2026,172,25,42,1,1708,566,1645,631,1319,957
19th Jun 26 2026,140,23,46,1,1626,648,1581,694,1242,1033
18th Jun 26 2026,127,20,58,2,1654,621,1581,695,1233,1043
17th Jun 26 2026,125,25,27,3,1602,673,1538,738,1208,1068
16th Jun 26 2026,118,20,12,1,1572,703,1496,780,1175,1101
15th Jun 26 2026,218,14,22,3,1508,768,1428,850,1157,1121
12th Jun 26 2026,347,12,11,2,1151,1124,1177,1099,1074,1202
11th Jun 26 2026,39,93,11,8,649,1624,868,1407,918,1357
10th Jun 26 2026,51,106,20,7,791,1483,985,1291,982,1294
9th Jun 26 2026,200,30,25,7,971,1303,1155,1121,1043,1233
8th Jun 26 2026,51,173,25,8,728,1548,935,1343,970,1308
5th Jun 26 2026,109,51,35,8,1028,1248,1208,1070,1059,1219
4th Jun 26 2026,142,31,35,6,1050,1226,1195,1083,1058,1220
3rd Jun 26 2026,86,56,36,6,951,1324,1191,1086,1030,1247
2nd Jun 26 2026,149,35,34,5,1028,1248,1239,1039,1050,1228
1st Jun 26 2026,102,177,37,4,904,1372,1166,1111,1005,1273
29th May 26 2026,123,147,40,1,1150,1125,1311,965,1060,1216
27th May 26 2026,152,47,52,1,1404,871,1450,826,1134,1142
26th May 26 2026,117,43,50,1,1398,877,1444,832,1112,1164
25th May 26 2026,193,36,49,3,1422,856,1463,815,1099,1179
22nd May 26 2026,92,48,23,3,1130,1146,1293,983,1019,1257
21st May 26 2026,134,30,22,3,1092,1183,1282,993,1008,1267
20th May 26 2026,104,35,16,6,991,1285,1216,1060,970,1306
19th May 26 2026,149,29,12,6,929,1347,1208,1068,956,1320
18th May 26 2026,68,159,7,16,730,1548,1089,1189,898,1380
15th May 26 2026,69,97,8,12,976,1300,1319,957,980,1296
14th May 26 2026,83,51,6,7,1106,1170,1366,910,1014,1262
13th May 26 2026,144,56,19,3,1053,1224,1370,907,1004,1273
12th May 26 2026,35,515,17,2,932,1344,1326,950,961,1315
11th May 26 2026,78,144,37,4,1578,702,1688,592,1181,1099
8th May 26 2026,129,49,68,1,1908,370,1882,396,1277,1001
7th May 26 2026,225,13,43,3,2007,270,1941,336,1273,1004
6th May 26 2026,214,24,32,3,1948,329,1863,414,1191,1086
5th May 26 2026,112,41,23,4,1688,589,1659,618,1109,1168
4th May 26 2026,204,40,32,3,1772,508,1693,587,1082,1198
30th Apr 26 2026,56,53,15,2,1685,591,1610,666,1027,1249
29th Apr 26 2026,88,34,19,1,1799,478,1699,578,1042,1235
28th Apr 26 2026,91,32,24,1,1808,469,1689,588,1039,1238
27th Apr 26 2026,255,17,22,1,1959,321,1761,519,1042,1238
24th Apr 26 2026,43,108,25,3,1734,543,1581,696,936,1341
23rd Apr 26 2026,101,41,35,3,1984,293,1789,488,1028,1249
22nd Apr 26 2026,139,27,35,2,2073,204,1898,379,1063,1214
21st Apr 26 2026,123,23,47,3,2070,137,1847,360,987,1220
20th Apr 26 2026,79,51,49,2,2073,131,1802,402,926,1278
17th Apr 26 2026,189,8,79,0,2111,83,1879,315,955,1239
16th Apr 26 2026,142,11,61,0,2076,119,1763,432,863,1332
15th Apr 26 2026,384,6,125,0,2077,117,1687,507,816,1378
13th Apr 26 2026,105,36,89,1,1910,286,1287,909,677,1519
10th Apr 26 2026,242,6,128,1,1980,213,1366,827,676,1517
9th Apr 26 2026,97,31,105,0,1848,347,1028,1167,582,1613
8th Apr 26 2026,909,13,408,0,1932,262,1045,1149,573,1621
7th Apr 26 2026,126,11,59,2,1110,1084,541,1653,441,1753
6th Apr 26 2026,221,12,23,2,957,1236,470,1723,430,1763
2nd Apr 26 2026,185,23,15,3,659,1530,381,1808,386,1803
1st Apr 26 2026,1153,7,11,3,493,1695,341,1847,392,1796
30th Mar 26 2026,32,758,5,38,205,1983,215,1973,322,1866
27th Mar 26 2026,34,650,8,10,297,1886,256,1927,370,1813
25th Mar 26 2026,220,18,6,5,495,1688,335,1848,403,1780
24th Mar 26 2026,299,28,7,6,279,1903,252,1930,358,1824
23rd Mar 26 2026,8,986,5,4,153,2030,173,2010,305,1878
20th Mar 26 2026,101,27,16,3,377,1803,330,1850,406,1774
19th Mar 26 2026,20,305,7,2,270,1909,253,1926,386,1793
18th Mar 26 2026,334,6,7,2,509,1670,397,1782,456,1723
17th Mar 26 2026,102,18,6,7,263,1916,302,1877,412,1767
16th Mar 26 2026,44,120,5,5,192,1989,256,1925,386,1795
13th Mar 26 2026,18,385,8,6,220,1958,298,1880,392,1786
12th Mar 26 2026,61,47,11,5,438,1738,425,1751,458,1718
11th Mar 26 2026,80,53,8,4,444,1732,432,1744,474,1702
10th Mar 26 2026,278,15,8,5,450,1725,443,1733,485,1691
9th Mar 26 2026,25,291,5,12,279,1897,338,1839,421,1756
6th Mar 26 2026,61,41,3,5,397,1775,458,1715,511,1662
5th Mar 26 2026,115,21,8,1,407,1763,474,1697,521,1650
4th Mar 26 2026,50,263,6,3,296,1874,405,1766,478,1693
2nd Mar 26 2026,61,263,5,3,450,1720,496,1675,574,1597
27th Feb 26 2026,42,60,8,1,693,1473,689,1478,677,1490
26th Feb 26 2026,66,21,8,5,837,1329,764,1403,713,1454
25th Feb 26 2026,53,41,5,5,790,1374,748,1417,706,1459
24th Feb 26 2026,23,96,8,4,705,1458,680,1484,694,1470
23rd Feb 26 2026,65,49,5,2,869,1298,794,1374,727,1441
20th Feb 26 2026,49,29,9,5,841,1322,779,1385,717,1447
19th Feb 26 2026,36,54,8,5,809,1352,762,1400,717,1445
18th Feb 26 2026,72,18,4,5,1103,1058,933,1229,782,1380
17th Feb 26 2026,113,19,7,3,1037,1122,871,1289,757,1403
16th Feb 26 2026,53,107,11,3,931,1227,782,1377,735,1424
13th Feb 26 2026,35,167,19,0,962,1193,791,1365,731,1425
12th Feb 26 2026,61,103,26,1,1313,842,1025,1131,798,1357
11th Feb 26 2026,93,66,13,2,1496,658,1119,1036,826,1329
10th Feb 26 2026,137,37,30,1,1579,575,1152,1003,826,1329
9th Feb 26 2026,391,19,51,1,1519,638,1073,1085,813,1345
6th Feb 26 2026,61,75,29,3,1125,1029,772,1383,692,1463
5th Feb 26 2026,56,95,33,6,1162,992,785,1370,700,1455
4th Feb 26 2026,241,56,44,18,1352,802,848,1307,733,1422
3rd Feb 26 2026,528,11,27,18,1148,1007,751,1404,715,1440
2nd Feb 26 2026,77,72,16,19,457,1700,379,1778,543,1614
1st Feb 26 2026,60,239,9,4,439,1717,363,1793,501,1655
30th Jan 26 2026,171,101,16,6,674,1480,502,1652,610,1544
29th Jan 26 2026,141,63,26,5,541,1613,438,1716,579,1575
28th Jan 26 2026,358,22,13,6,547,1606,433,1720,567,1586
27th Jan 26 2026,102,76,4,11,311,1846,328,1829,492,1665
23rd Jan 26 2026,58,212,2,6,278,1875,298,1855,488,1665
22nd Jan 26 2026,184,56,2,4,364,1789,376,1777,557,1596
21st Jan 26 2026,57,145,20,2,231,1921,293,1859,496,1656
20th Jan 26 2026,29,378,24,1,254,1897,319,1832,532,1619
19th Jan 26 2026,41,92,28,1,457,1696,481,1672,635,1518
16th Jan 26 2026,70,32,26,2,536,1612,541,1607,685,1463
14th Jan 26 2026,80,20,6,1,525,1622,560,1587,699,1448
13th Jan 26 2026,70,17,4,1,488,1659,530,1617,686,1461
12th Jan 26 2026,61,70,5,4,429,1721,511,1639,678,1472
9th Jan 26 2026,16,102,3,4,428,1717,542,1603,697,1448
8th Jan 26 2026,14,141,7,4,671,1475,701,1445,782,1364
7th Jan 26 2026,68,18,14,3,1059,1086,918,1228,867,1279
6th Jan 26 2026,44,29,15,1,1025,1120,883,1262,854,1291
5th Jan 26 2026,65,39,14,1,1146,1002,945,1203,880,1268
2nd Jan 26 2026,100,11,12,1,1320,824,963,1181,882,1262
1st Jan 26 2026,62,17,10,2,1078,1066,832,1312,827,1317
31st Dec 25 2025,85,16,9,2,1046,1096,813,1329,825,1317
30th Dec 25 2025,57,35,11,1,775,1365,694,1446,774,1366
29th Dec 25 2025,46,47,15,0,760,1384,724,1420,779,1365
26th Dec 25 2025,66,22,20,0,937,1204,775,1366,808,1333
24th Dec 25 2025,58,15,15,0,1094,1046,814,1326,826,1314
23rd Dec 25 2025,68,17,10,2,1139,1000,817,1322,831,1308
22nd Dec 25 2025,118,14,9,1,1021,1120,759,1382,816,1325
19th Dec 25 2025,91,16,10,0,709,1429,647,1491,774,1364
18th Dec 25 2025,41,30,11,0,495,1641,542,1594,729,1407
17th Dec 25 2025,32,53,12,0,497,1638,574,1561,738,1397
16th Dec 25 2025,37,30,13,0,627,1508,622,1513,770,1365
15th Dec 25 2025,79,20,15,1,753,1381,681,1453,794,1340
12th Dec 25 2025,99,12,8,3,704,1425,661,1469,776,1354
11th Dec 25 2025,75,14,7,4,513,1615,570,1558,741,1388
10th Dec 25 2025,55,28,9,3,394,1730,486,1638,725,1400
9th Dec 25 2025,129,14,2,3,432,1691,522,1601,729,1395
8th Dec 25 2025,20,238,4,3,329,1797,471,1655,703,1424
5th Dec 25 2025,33,38,4,3,545,1575,628,1492,796,1325
4th Dec 25 2025,29,27,3,4,544,1577,648,1473,804,1318
3rd Dec 25 2025,17,38,1,3,549,1571,646,1474,821,1300
2nd Dec 25 2025,29,31,5,2,656,1464,718,1402,842,1279
1st Dec 25 2025,67,36,7,2,742,1381,753,1371,869,1255
28th Nov 25 2025,59,19,4,2,762,1354,768,1349,871,1246
27th Nov 25 2025,56,17,4,3,748,1365,761,1353,865,1249
26th Nov 25 2025,83,13,5,2,748,1364,762,1351,877,1236
25th Nov 25 2025,72,13,6,3,559,1552,648,1465,824,1289
24th Nov 25 2025,37,135,6,6,521,1595,628,1489,806,1311
21st Nov 25 2025,33,37,5,4,611,1497,701,1409,859,1251
20th Nov 25 2025,40,23,9,3,766,1341,828,1280,898,1210
19th Nov 25 2025,43,40,7,2,796,1309,834,1272,918,1188
18th Nov 25 2025,38,36,12,3,782,1321,842,1262,918,1186
17th Nov 25 2025,99,47,12,3,953,1155,919,1190,964,1145
14th Nov 25 2025,79,41,13,3,879,1221,883,1218,937,1164
13th Nov 25 2025,71,50,13,4,857,1241,876,1223,966,1133
12th Nov 25 2025,107,30,9,4,895,1201,912,1185,974,1123
11th Nov 25 2025,71,55,9,8,751,1346,822,1276,930,1168
10th Nov 25 2025,89,91,12,7,754,1346,824,1277,934,1167
7th Nov 25 2025,73,43,13,3,670,1424,813,1281,931,1163
6th Nov 25 2025,46,147,15,4,610,1483,812,1281,919,1174
4th Nov 25 2025,43,30,17,2,879,1213,970,1122,1020,1072
3rd Nov 25 2025,102,40,19,3,1102,995,1088,1009,1064,1033
31st Oct 25 2025,45,31,13,2,981,1106,1016,1071,1031,1056
30th Oct 25 2025,56,25,10,2,1132,955,1100,987,1060,1027
29th Oct 25 2025,90,27,13,0,1163,923,1103,983,1069,1017
28th Oct 25 2025,64,32,14,1,1006,1085,1000,1091,1032,1059
27th Oct 25 2025,82,40,22,2,1032,1066,1016,1082,1053,1045
24th Oct 25 2025,53,27,19,3,994,1096,982,1108,1018,1072
23rd Oct 25 2025,84,48,21,3,1076,1014,1019,1071,1043,1047
21st Oct 25 2025,60,1,25,0,1126,961,1033,1054,1049,1038
20th Oct 25 2025,98,41,16,3,943,1154,924,1173,1005,1092
17th Oct 25 2025,45,42,13,1,849,1238,865,1222,969,1118
16th Oct 25 2025,78,33,14,2,939,1145,924,1160,1000,1084
15th Oct 25 2025,92,28,14,2,834,1250,879,1205,968,1116
14th Oct 25 2025,44,64,24,3,679,1403,785,1297,927,1155
13th Oct 25 2025,55,42,16,4,864,1223,910,1177,993,1094
10th Oct 25 2025,82,23,20,3,1011,1067,978,1100,1031,1047
9th Oct 25 2025,92,39,31,5,910,1171,927,1154,1008,1073
8th Oct 25 2025,77,26,29,2,820,1258,875,1203,991,1087
7th Oct 25 2025,59,33,22,1,907,1169,932,1144,1007,1069
6th Oct 25 2025,81,36,19,1,939,1139,945,1133,1010,1068
3rd Oct 25 2025,127,12,11,1,916,1155,928,1143,1022,1050
1st Oct 25 2025,127,8,11,1,695,1372,789,1278,965,1103
30th Sep 25 2025,42,29,8,2,487,1574,620,1441,886,1176
29th Sep 25 2025,65,62,15,3,459,1607,630,1436,883,1184
26th Sep 25 2025,16,112,19,1,453,1602,619,1436,887,1169
25th Sep 25 2025,40,32,22,1,751,1303,891,1163,1014,1041
24th Sep 25 2025,53,30,19,2,943,1110,1058,995,1076,978
23rd Sep 25 2025,69,25,21,2,1114,938,1159,893,1119,934
22nd Sep 25 2025,84,39,25,2,1219,840,1207,853,1158,902
19th Sep 25 2025,70,18,20,1,1405,646,1305,748,1180,873
18th Sep 25 2025,56,19,20,1,1450,600,1310,741,1171,880
17th Sep 25 2025,73,17,24,1,1460,587,1302,746,1171,877
16th Sep 25 2025,82,11,18,1,1398,649,1247,801,1143,905
15th Sep 25 2025,88,18,17,0,1314,739,1129,925,1096,958
12th Sep 25 2025,58,11,18,0,1219,829,1079,970,1061,988
11th Sep 25 2025,57,21,25,0,1225,823,1064,985,1047,1002
10th Sep 25 2025,94,17,18,0,1207,841,1052,997,1051,998
9th Sep 25 2025,69,28,24,0,1020,1027,915,1133,994,1054
8th Sep 25 2025,127,18,32,1,1009,1042,899,1153,1000,1052
5th Sep 25 2025,87,13,27,1,907,1140,866,1182,960,1088
4th Sep 25 2025,53,27,20,2,946,1100,862,1185,980,1067
3rd Sep 25 2025,112,12,16,0,1050,995,916,1130,993,1053
2nd Sep 25 2025,122,23,11,0,877,1167,792,1254,951,1095
1st Sep 25 2025,129,17,11,2,736,1311,714,1334,915,1133
29th Aug 25 2025,52,21,8,1,518,1522,580,1461,830,1211
28th Aug 25 2025,29,62,6,1,527,1514,595,1447,847,1195
26th Aug 25 2025,29,59,11,2,633,1403,689,1348,908,1129
25th Aug 25 2025,69,36,22,1,944,1096,896,1145,1003,1038
22nd Aug 25 2025,52,15,21,0,919,1116,900,1136,989,1047
21st Aug 25 2025,60,19,20,0,1028,1008,962,1075,1006,1031
20th Aug 25 2025,106,10,20,1,1010,1023,954,1080,1002,1032
19th Aug 25 2025,126,15,18,1,954,1078,903,1130,995,1038
18th Aug 25 2025,149,31,18,2,783,1253,807,1230,949,1088
14th Aug 25 2025,47,75,15,3,548,1481,645,1384,882,1148
13th Aug 25 2025,113,47,10,5,600,1428,684,1344,919,1110
12th Aug 25 2025,77,51,5,5,502,1526,619,1410,890,1139
11th Aug 25 2025,87,65,5,4,441,1588,603,1427,876,1154
8th Aug 25 2025,49,74,7,4,374,1656,548,1482,845,1185
7th Aug 25 2025,54,53,7,5,442,1587,631,1398,927,1102
6th Aug 25 2025,39,74,7,5,456,1571,636,1391,939,1088
5th Aug 25 2025,49,40,8,5,567,1458,729,1296,997,1028
4th Aug 25 2025,94,49,12,4,574,1453,774,1253,1019,1008
1st Aug 25 2025,33,117,9,0,440,1582,705,1317,976,1046
31st Jul 25 2025,53,48,9,1,578,1441,862,1157,1073,946
30th Jul 25 2025,91,31,9,1,677,1339,979,1037,1107,909
29th Jul 25 2025,113,17,9,1,610,1407,949,1067,1102,915
28th Jul 25 2025,36,116,9,4,490,1531,802,1219,1041,980
25th Jul 25 2025,23,87,8,3,630,1385,1004,1012,1130,886
24th Jul 25 2025,45,36,10,2,960,1056,1305,711,1263,752
23rd Jul 25 2025,48,28,14,2,1084,931,1355,660,1278,737
22nd Jul 25 2025,56,21,16,2,1038,975,1370,644,1277,737
21st Jul 25 2025,68,35,15,3,1131,885,1426,590,1286,730
18th Jul 25 2025,50,19,14,1,1157,854,1466,545,1305,706
17th Jul 25 2025,63,14,15,1,1323,686,1550,459,1332,677
16th Jul 25 2025,88,13,12,0,1333,676,1553,456,1320,689
15th Jul 25 2025,100,8,9,0,1255,754,1492,517,1284,725
14th Jul 25 2025,70,20,16,1,1002,1009,1359,652,1207,804
11th Jul 25 2025,41,15,7,0,994,1014,1395,613,1204,804
10th Jul 25 2025,69,9,12,1,1212,792,1501,503,1257,747
9th Jul 25 2025,74,8,10,1,1244,759,1503,501,1246,758
8th Jul 25 2025,58,16,12,1,1222,783,1494,511,1242,763
7th Jul 25 2025,68,25,19,1,1274,734,1522,486,1255,753
4th Jul 25 2025,70,15,18,1,1375,631,1570,436,1267,739
3rd Jul 25 2025,74,13,20,1,1353,651,1538,466,1250,754
2nd Jul 25 2025,58,19,21,1,1340,661,1526,475,1224,777
1st Jul 25 2025,85,22,28,0,1438,559,1560,437,1239,758
30th Jun 25 2025,117,17,29,0,1470,528,1568,430,1250,748
27th Jun 25 2025,88,14,22,0,1418,576,1527,467,1232,762
26th Jun 25 2025,64,11,21,0,1356,639,1509,486,1201,794
25th Jun 25 2025,155,8,10,0,1353,641,1504,490,1201,793
24th Jun 25 2025,100,17,5,1,1045,950,1344,650,1104,892
23rd Jun 25 2025,72,22,6,1,830,1167,1194,803,1054,944
20th Jun 25 2025,81,14,9,2,826,1167,1227,766,1039,955
19th Jun 25 2025,18,85,6,1,596,1396,1115,877,997,996
24th Jun 26 2026,91,41,19,3,1500,760,1528,733,1279,982
23rd Jun 26 2026,62,62,26,1,1510,761,1525,747,1248,1024
22nd Jun 26 2026,172,25,42,1,1705,567,1642,632,1316,958
19th Jun 26 2026,140,23,46,1,1623,649,1578,695,1239,1034
18th Jun 26 2026,127,20,58,2,1651,622,1578,696,1230,1044
17th Jun 26 2026,125,25,27,3,1599,674,1535,739,1206,1068
16th Jun 26 2026,118,20,12,1,1569,704,1493,781,1173,1101
15th Jun 26 2026,219,14,22,3,1505,769,1425,851,1155,1121
12th Jun 26 2026,346,12,11,2,1148,1125,1174,1100,1072,1202
11th Jun 26 2026,39,93,11,8,647,1624,866,1407,916,1357
10th Jun 26 2026,51,106,20,8,789,1483,983,1291,980,1294
9th Jun 26 2026,200,31,25,8,969,1303,1153,1121,1041,1233
8th Jun 26 2026,51,174,25,9,726,1548,933,1343,968,1308
5th Jun 26 2026,109,52,35,9,1025,1249,1205,1071,1057,1219
4th Jun 26 2026,142,32,35,7,1047,1227,1193,1083,1056,1220
3rd Jun 26 2026,86,57,36,7,950,1323,1190,1085,1028,1247
2nd Jun 26 2026,149,35,34,5,1025,1249,1237,1039,1048,1228
1st Jun 26 2026,102,177,37,4,902,1372,1165,1110,1003,1273
29th May 26 2026,123,147,40,1,1150,1123,1310,964,1058,1216
27th May 26 2026,152,47,52,1,1404,869,1449,825,1132,1142
26th May 26 2026,117,43,50,1,1398,875,1443,831,1110,1164
25th May 26 2026,193,36,49,3,1422,854,1462,814,1097,1179
22nd May 26 2026,92,48,23,3,1131,1143,1293,981,1017,1257
21st May 26 2026,134,30,22,3,1093,1180,1282,991,1006,1267
20th May 26 2026,104,35,16,6,991,1283,1216,1058,968,1306
19th May 26 2026,149,29,12,6,930,1344,1208,1066,954,1320
18th May 26 2026,68,158,7,16,730,1546,1089,1187,896,1380
15th May 26 2026,69,97,8,12,976,1298,1319,955,978,1296
14th May 26 2026,83,51,6,7,1106,1168,1366,908,1012,1262
13th May 26 2026,144,56,19,3,1052,1223,1368,907,1002,1273
12th May 26 2026,35,515,17,2,931,1343,1324,950,959,1315
11th May 26 2026,78,144,37,4,1576,702,1685,593,1179,1099
8th May 26 2026,129,49,68,1,1906,370,1879,397,1274,1002
7th May 26 2026,225,13,43,3,2006,269,1939,336,1271,1004
6th May 26 2026,214,24,32,3,1947,328,1861,414,1188,1087
5th May 26 2026,112,41,23,4,1687,588,1657,618,1106,1169
4th May 26 2026,204,40,32,3,1771,507,1690,588,1080,1198
30th Apr 26 2026,56,53,15,2,1683,591,1607,667,1025,1249
29th Apr 26 2026,88,34,19,1,1797,478,1697,578,1039,1236
28th Apr 26 2026,91,32,24,1,1807,468,1686,589,1036,1239
27th Apr 26 2026,255,17,22,1,1957,321,1758,520,1039,1239
24th Apr 26 2026,43,108,25,3,1732,543,1578,697,934,1341
23rd Apr 26 2026,101,41,35,3,1981,294,1786,489,1025,1250
22nd Apr 26 2026,139,27,35,2,2070,205,1895,380,1061,1214
21st Apr 26 2026,123,23,47,3,2067,138,1844,361,985,1220
20th Apr 26 2026,79,51,49,2,2070,132,1799,403,924,1278
17th Apr 26 2026,189,8,79,0,2108,84,1876,316,953,1239
16th Apr 26 2026,142,11,61,0,2073,120,1760,433,860,1333
15th Apr 26 2026,384,6,125,0,2074,118,1684,508,814,1378
13th Apr 26 2026,105,36,89,1,1907,287,1284,910,675,1519
10th Apr 26 2026,242,6,128,1,1977,214,1363,828,674,1517
9th Apr 26 2026,97,31,105,0,1846,347,1026,1167,580,1613
8th Apr 26 2026,909,13,408,0,1930,262,1044,1148,571,1621
7th Apr 26 2026,126,11,59,2,1109,1083,540,1652,439,1753
6th Apr 26 2026,221,12,23,2,957,1234,470,1721,428,1763
2nd Apr 26 2026,185,23,16,3,658,1529,381,1806,384,1803
1st Apr 26 2026,1153,7,11,3,492,1694,341,1845,390,1796
30th Mar 26 2026,32,758,5,38,205,1981,215,1971,320,1866
27th Mar 26 2026,35,650,8,10,297,1884,256,1925,368,1813
25th Mar 26 2026,221,18,6,6,495,1686,335,1846,401,1780
24th Mar 26 2026,299,29,7,7,279,1901,251,1929,356,1824
23rd Mar 26 2026,8,987,5,4,153,2028,172,2009,303,1878
20th Mar 26 2026,101,27,16,3,376,1802,328,1850,404,1774
19th Mar 26 2026,20,305,7,2,268,1909,251,1926,384,1793
18th Mar 26 2026,334,6,7,2,507,1670,394,1783,454,1723
17th Mar 26 2026,102,18,6,7,262,1915,301,1876,410,1767
16th Mar 26 2026,44,120,5,5,191,1988,254,1925,384,1795
13th Mar 26 2026,18,385,8,6,218,1958,296,1880,390,1786
12th Mar 26 2026,61,47,11,5,435,1739,422,1752,456,1718
11th Mar 26 2026,80,53,8,4,442,1732,430,1744,472,1702
10th Mar 26 2026,278,15,8,5,447,1726,440,1734,483,1691
9th Mar 26 2026,25,291,5,12,277,1897,336,1839,419,1756
6th Mar 26 2026,61,41,3,5,395,1775,455,1716,509,1662
5th Mar 26 2026,115,21,8,1,404,1764,471,1698,519,1650
4th Mar 26 2026,50,263,6,3,295,1873,403,1766,476,1693
2nd Mar 26 2026,61,263,5,3,448,1720,494,1675,572,1597
27th Feb 26 2026,42,60,8,1,690,1474,686,1479,675,1490
26th Feb 26 2026,66,21,8,5,834,1330,762,1403,712,1453
25th Feb 26 2026,53,41,5,5,788,1374,746,1417,705,1458
24th Feb 26 2026,23,96,8,4,703,1458,678,1484,693,1469
23rd Feb 26 2026,65,49,5,2,867,1298,792,1374,726,1440
20th Feb 26 2026,49,29,9,5,839,1322,778,1384,716,1446
19th Feb 26 2026,36,54,8,5,808,1351,761,1399,716,1444
18th Feb 26 2026,72,18,4,5,1101,1057,931,1228,780,1379
17th Feb 26 2026,113,19,7,3,1035,1121,869,1288,755,1402
16th Feb 26 2026,53,107,11,3,930,1225,780,1376,733,1423
13th Feb 26 2026,35,167,19,0,960,1192,789,1364,729,1424
12th Feb 26 2026,61,103,26,1,1311,841,1023,1130,796,1356
11th Feb 26 2026,93,66,13,2,1494,657,1117,1035,824,1328
10th Feb 26 2026,137,37,30,1,1577,574,1150,1002,824,1328
9th Feb 26 2026,391,18,51,1,1517,637,1071,1084,811,1344
6th Feb 26 2026,60,75,29,3,1122,1029,769,1383,690,1462
5th Feb 26 2026,56,95,33,6,1160,991,783,1369,698,1454
4th Feb 26 2026,241,56,44,18,1349,802,845,1307,731,1421
3rd Feb 26 2026,528,11,27,18,1146,1006,750,1402,713,1439
2nd Feb 26 2026,77,72,16,19,456,1698,378,1776,541,1613
1st Feb 26 2026,60,239,9,4,438,1715,362,1791,499,1654
30th Jan 26 2026,171,101,16,6,672,1479,501,1650,608,1543
29th Jan 26 2026,141,63,26,5,539,1612,437,1714,577,1574
28th Jan 26 2026,358,22,13,6,545,1605,432,1718,565,1585
27th Jan 26 2026,102,76,4,11,310,1844,327,1827,490,1664
23rd Jan 26 2026,58,212,2,6,276,1874,297,1853,486,1664
22nd Jan 26 2026,184,56,2,4,363,1787,375,1775,555,1595
21st Jan 26 2026,57,145,20,2,231,1918,293,1856,494,1655
20th Jan 26 2026,29,378,24,1,254,1894,319,1829,530,1618
19th Jan 26 2026,41,92,28,1,457,1693,481,1669,633,1517
16th Jan 26 2026,70,32,26,2,536,1609,540,1605,683,1462
14th Jan 26 2026,80,20,6,1,524,1620,559,1585,697,1447
13th Jan 26 2026,70,17,4,1,487,1657,528,1616,684,1460
12th Jan 26 2026,61,70,5,4,427,1720,509,1638,676,1471
9th Jan 26 2026,16,102,3,4,426,1716,540,1602,695,1447
8th Jan 26 2026,14,141,7,4,669,1474,699,1444,780,1363
7th Jan 26 2026,68,18,14,3,1057,1085,916,1227,865,1278
6th Jan 26 2026,44,29,15,1,1023,1119,881,1261,852,1290
5th Jan 26 2026,65,39,14,1,1145,1000,943,1202,878,1267
2nd Jan 26 2026,100,11,12,1,1319,822,961,1180,880,1261
1st Jan 26 2026,62,17,10,2,1076,1065,830,1311,825,1316
31st Dec 25 2025,85,16,9,2,1044,1095,811,1328,823,1316
30th Dec 25 2025,57,35,11,1,773,1364,692,1445,772,1365
29th Dec 25 2025,46,47,15,0,759,1382,722,1419,777,1364
26th Dec 25 2025,66,22,20,0,937,1201,773,1365,806,1332
24th Dec 25 2025,58,15,15,0,1094,1043,813,1324,824,1313
23rd Dec 25 2025,68,17,10,2,1139,997,816,1320,829,1307
22nd Dec 25 2025,117,14,9,1,1020,1118,758,1380,814,1324
19th Dec 25 2025,91,15,10,0,709,1426,645,1490,772,1363
18th Dec 25 2025,41,30,11,0,494,1639,540,1593,727,1406
17th Dec 25 2025,32,53,12,0,497,1635,572,1560,736,1396
16th Dec 25 2025,37,30,13,0,627,1505,620,1512,768,1364
15th Dec 25 2025,79,20,15,1,752,1379,679,1452,792,1339
12th Dec 25 2025,99,12,8,3,703,1423,660,1467,774,1353
11th Dec 25 2025,75,14,7,4,513,1612,569,1556,739,1387
10th Dec 25 2025,55,28,9,3,393,1728,484,1637,723,1399
9th Dec 25 2025,129,14,2,3,430,1690,520,1600,727,1394
8th Dec 25 2025,20,238,4,3,327,1796,469,1654,701,1423
5th Dec 25 2025,33,38,4,3,543,1574,626,1491,794,1324
4th Dec 25 2025,29,27,3,4,542,1576,646,1472,802,1317
3rd Dec 25 2025,17,38,1,3,547,1570,644,1473,819,1299
2nd Dec 25 2025,29,31,5,2,654,1463,716,1401,840,1278
1st Dec 25 2025,67,36,7,2,740,1380,751,1370,867,1254
28th Nov 25 2025,59,19,4,2,760,1353,766,1348,869,1245
27th Nov 25 2025,56,17,4,3,746,1364,759,1352,863,1248
26th Nov 25 2025,83,13,5,2,746,1363,760,1350,875,1235
25th Nov 25 2025,72,13,6,3,556,1552,645,1465,822,1288
24th Nov 25 2025,37,135,6,6,520,1593,626,1488,804,1310
21st Nov 25 2025,33,37,5,4,608,1497,698,1409,857,1250
20th Nov 25 2025,40,23,9,3,765,1339,825,1280,896,1209
19th Nov 25 2025,43,40,7,2,793,1309,831,1272,916,1187
18th Nov 25 2025,38,36,12,3,781,1319,839,1262,916,1185
17th Nov 25 2025,99,47,12,3,951,1154,917,1189,962,1144
14th Nov 25 2025,79,41,13,3,878,1219,881,1217,935,1163
13th Nov 25 2025,71,49,13,4,855,1240,874,1222,964,1132
12th Nov 25 2025,107,30,9,4,892,1201,909,1185,971,1123
11th Nov 25 2025,71,55,9,8,749,1345,819,1276,928,1167
10th Nov 25 2025,89,91,12,7,751,1346,821,1277,931,1167
7th Nov 25 2025,73,43,13,3,667,1424,810,1281,928,1163
6th Nov 25 2025,46,147,15,4,607,1483,809,1281,916,1174
4th Nov 25 2025,43,30,17,2,876,1213,967,1122,1017,1072
3rd Nov 25 2025,102,40,19,3,1099,995,1085,1009,1061,1033
31st Oct 25 2025,45,31,13,2,979,1105,1013,1071,1028,1056
30th Oct 25 2025,55,25,10,2,1129,955,1097,987,1057,1027
29th Oct 25 2025,90,27,13,0,1162,921,1101,982,1067,1016
28th Oct 25 2025,64,32,14,1,1004,1084,998,1090,1030,1058
27th Oct 25 2025,82,40,22,2,1031,1064,1014,1081,1051,1044
24th Oct 25 2025,53,27,19,3,992,1095,980,1107,1016,1071
23rd Oct 25 2025,84,48,21,3,1074,1013,1017,1070,1041,1046
21st Oct 25 2025,60,1,25,0,1123,961,1030,1054,1047,1037
20th Oct 25 2025,98,41,16,3,940,1154,921,1173,1003,1091
17th Oct 25 2025,45,42,13,1,846,1238,862,1222,967,1117
16th Oct 25 2025,78,33,14,2,936,1145,921,1160,998,1083
15th Oct 25 2025,92,28,14,2,832,1249,877,1204,966,1115
14th Oct 25 2025,44,64,24,3,677,1402,783,1296,925,1154
13th Oct 25 2025,55,42,16,4,862,1222,908,1176,991,1093
10th Oct 25 2025,82,23,20,3,1009,1066,976,1099,1029,1046
9th Oct 25 2025,92,39,31,5,908,1170,925,1153,1006,1072
8th Oct 25 2025,77,26,29,2,818,1257,873,1202,989,1086
7th Oct 25 2025,59,33,22,1,905,1168,930,1143,1005,1068
6th Oct 25 2025,81,36,19,1,937,1138,943,1132,1008,1067
3rd Oct 25 2025,127,12,11,1,914,1154,926,1142,1020,1049
1st Oct 25 2025,127,8,11,1,693,1371,787,1277,963,1102
30th Sep 25 2025,42,29,8,2,485,1573,618,1440,884,1175
29th Sep 25 2025,65,62,15,3,457,1606,627,1436,881,1183
26th Sep 25 2025,16,112,19,1,450,1602,616,1436,885,1168
25th Sep 25 2025,40,32,22,1,748,1303,888,1163,1011,1041
24th Sep 25 2025,53,30,19,2,940,1110,1055,995,1074,977
23rd Sep 25 2025,69,25,21,2,1111,938,1156,893,1116,934
22nd Sep 25 2025,84,39,25,2,1216,840,1204,853,1155,902
19th Sep 25 2025,70,18,20,1,1402,646,1302,748,1177,873
18th Sep 25 2025,56,19,20,1,1447,600,1307,741,1168,880
17th Sep 25 2025,73,17,24,1,1457,587,1299,746,1168,877
16th Sep 25 2025,82,11,18,1,1395,649,1244,801,1141,904
15th Sep 25 2025,88,18,17,0,1311,739,1126,925,1094,957
12th Sep 25 2025,58,11,18,0,1216,829,1076,970,1059,987
11th Sep 25 2025,57,21,25,0,1223,822,1061,985,1045,1001
10th Sep 25 2025,94,17,18,0,1205,840,1050,996,1048,998
9th Sep 25 2025,69,28,24,0,1018,1026,913,1132,991,1054
8th Sep 25 2025,127,18,32,1,1006,1042,896,1153,997,1052
5th Sep 25 2025,87,13,27,1,905,1139,864,1181,957,1088
4th Sep 25 2025,53,27,20,2,944,1099,859,1185,977,1067
3rd Sep 25 2025,112,12,16,0,1048,994,913,1130,990,1053
2nd Sep 25 2025,122,23,11,0,876,1165,790,1253,949,1094
1st Sep 25 2025,128,17,11,2,735,1309,712,1333,912,1133
29th Aug 25 2025,52,21,8,1,517,1520,578,1460,828,1210
28th Aug 25 2025,29,62,6,1,527,1511,594,1445,845,1194
26th Aug 25 2025,29,59,11,2,632,1401,689,1345,906,1128
25th Aug 25 2025,69,36,22,1,943,1094,894,1144,1001,1037
22nd Aug 25 2025,52,15,21,0,918,1114,898,1135,987,1046
21st Aug 25 2025,60,19,20,0,1028,1005,961,1073,1004,1030
20th Aug 25 2025,106,10,20,1,1010,1020,954,1077,1000,1031
19th Aug 25 2025,126,15,18,1,954,1075,901,1129,993,1037
18th Aug 25 2025,149,31,18,2,783,1250,806,1228,947,1087
14th Aug 25 2025,47,75,15,3,548,1478,643,1383,880,1147
13th Aug 25 2025,113,47,10,5,599,1426,681,1344,917,1109
12th Aug 25 2025,77,51,5,5,502,1523,617,1409,888,1138
11th Aug 25 2025,87,65,5,4,439,1587,601,1426,874,1153
8th Aug 25 2025,49,74,7,4,372,1655,546,1481,843,1184
7th Aug 25 2025,54,53,7,5,441,1585,629,1397,925,1101
6th Aug 25 2025,39,74,7,5,454,1570,634,1390,937,1087
5th Aug 25 2025,49,40,8,5,565,1457,727,1295,995,1027
4th Aug 25 2025,94,49,12,4,572,1452,772,1252,1017,1007
1st Aug 25 2025,33,117,9,0,438,1581,703,1316,974,1045
31st Jul 25 2025,53,48,9,1,577,1439,860,1156,1071,945
30th Jul 25 2025,91,31,9,1,676,1337,977,1036,1105,908
29th Jul 25 2025,113,17,9,1,609,1405,947,1066,1100,914
28th Jul 25 2025,36,116,9,4,488,1530,800,1218,1039,979
25th Jul 25 2025,23,87,8,3,628,1384,1002,1011,1128,885
24th Jul 25 2025,45,36,10,2,957,1056,1302,711,1261,751
23rd Jul 25 2025,48,28,14,2,1081,931,1352,660,1276,736
22nd Jul 25 2025,56,21,16,2,1035,975,1367,644,1275,736
21st Jul 25 2025,68,35,15,3,1128,885,1423,590,1284,729
18th Jul 25 2025,50,19,14,1,1154,854,1463,545,1303,705
17th Jul 25 2025,63,14,15,1,1320,686,1547,459,1330,676
16th Jul 25 2025,88,13,12,0,1330,676,1550,456,1318,688
15th Jul 25 2025,100,8,9,0,1254,752,1490,516,1282,724
14th Jul 25 2025,70,20,16,1,999,1009,1356,652,1205,803
11th Jul 25 2025,41,15,7,0,991,1014,1392,613,1202,803
10th Jul 25 2025,69,9,12,1,1210,791,1498,503,1255,746
9th Jul 25 2025,74,8,10,1,1242,758,1501,500,1244,757
8th Jul 25 2025,58,16,12,1,1220,782,1491,511,1240,762
7th Jul 25 2025,68,25,19,1,1271,734,1519,486,1253,752
4th Jul 25 2025,70,15,18,1,1373,630,1567,436,1265,738
3rd Jul 25 2025,74,13,20,1,1351,650,1535,466,1248,753
2nd Jul 25 2025,58,19,21,1,1338,660,1523,475,1222,776
1st Jul 25 2025,85,22,28,0,1436,558,1557,437,1237,757
30th Jun 25 2025,117,17,29,0,1469,526,1565,430,1248,747
27th Jun 25 2025,88,14,22,0,1416,575,1524,467,1230,761
26th Jun 25 2025,64,11,21,0,1355,637,1506,486,1199,793
25th Jun 25 2025,155,8,10,0,1351,640,1501,490,1199,792
24th Jun 25 2025,99,17,5,1,1042,950,1341,650,1102,891
23rd Jun 25 2025,72,22,6,1,829,1165,1192,802,1052,943
20th Jun 25 2025,81,14,9,2,825,1165,1225,765,1037,954
19th Jun 25 2025,18,85,6,1,595,1394,1113,876,995,995
18th Jun 25 2025,42,24,5,0,933,1054,1350,637,1110,878
19th Jun 26 2026,134,23,43,1,1592,611,1544,659,1202,1001
18th Jun 26 2026,122,20,54,2,1603,608,1534,678,1185,1027
17th Jun 26 2026,116,25,25,3,1556,655,1497,714,1163,1049
16th Jun 26 2026,109,20,10,1,1532,679,1460,752,1134,1078
15th Jun 26 2026,208,11,22,3,1471,741,1390,824,1113,1101
12th Jun 26 2026,337,12,11,2,1119,1092,1144,1068,1033,1179
11th Jun 26 2026,40,79,9,6,626,1584,844,1368,885,1327
10th Jun 26 2026,47,103,18,7,762,1448,953,1259,946,1266
9th Jun 26 2026,190,29,22,7,936,1274,1120,1092,1005,1207
8th Jun 26 2026,47,167,23,8,700,1512,910,1304,935,1279
5th Jun 26 2026,103,47,33,8,997,1215,1176,1038,1019,1195
4th Jun 26 2026,139,29,34,7,1018,1194,1160,1054,1019,1195
3rd Jun 26 2026,81,58,34,7,917,1294,1153,1060,991,1222
2nd Jun 26 2026,144,34,31,4,994,1218,1202,1012,1009,1205
1st Jun 26 2026,97,172,34,4,870,1342,1132,1081,968,1246
29th May 26 2026,118,143,33,1,1118,1093,1276,936,1024,1188
27th May 26 2026,144,44,47,1,1375,836,1418,794,1095,1117
26th May 26 2026,114,40,47,1,1365,846,1409,803,1072,1140
25th May 26 2026,181,35,45,3,1389,825,1432,782,1060,1154
22nd May 26 2026,85,46,22,3,1100,1112,1261,951,985,1227
21st May 26 2026,132,26,21,3,1066,1145,1250,961,974,1237
20th May 26 2026,98,29,14,5,962,1250,1180,1032,932,1280
19th May 26 2026,139,27,12,5,901,1311,1181,1031,919,1293
18th May 26 2026,62,147,7,15,710,1504,1066,1148,862,1352
15th May 26 2026,67,87,8,10,946,1266,1286,926,941,1271
14th May 26 2026,79,50,5,6,1074,1138,1332,880,973,1239
13th May 26 2026,138,52,18,2,1021,1192,1334,879,963,1250
12th May 26 2026,35,497,16,1,906,1307,1296,917,927,1286
11th May 26 2026,75,139,33,3,1541,675,1647,569,1134,1082
8th May 26 2026,118,45,61,1,1866,348,1840,374,1228,986
7th May 26 2026,220,9,40,3,1963,250,1897,316,1223,990
6th May 26 2026,208,22,28,3,1911,303,1824,390,1144,1070
5th May 26 2026,108,39,21,4,1653,560,1622,591,1066,1147
4th May 26 2026,196,40,29,3,1737,479,1658,558,1040,1176
30th Apr 26 2026,55,47,13,2,1648,565,1579,634,990,1223
29th Apr 26 2026,85,34,15,1,1768,445,1666,547,1000,1213
28th Apr 26 2026,85,28,20,1,1777,436,1659,554,1001,1212
27th Apr 26 2026,247,15,22,1,1927,289,1729,487,1002,1214
24th Apr 26 2026,37,103,24,3,1709,504,1556,657,905,1308
23rd Apr 26 2026,93,39,34,3,1952,261,1757,456,989,1224
22nd Apr 26 2026,134,23,34,2,2046,167,1870,343,1030,1183
21st Apr 26 2026,124,24,46,3,2074,139,1849,364,985,1228
20th Apr 26 2026,79,54,49,2,2082,132,1809,405,929,1285
17th Apr 26 2026,191,8,79,0,2120,84,1887,317,958,1246
16th Apr 26 2026,142,12,61,0,2085,120,1770,435,865,1340
15th Apr 26 2026,386,7,125,0,2086,118,1694,510,819,1385
13th Apr 26 2026,105,38,90,1,1917,289,1293,913,678,1528
10th Apr 26 2026,243,6,130,1,1988,215,1372,831,678,1525
9th Apr 26 2026,98,31,107,0,1856,349,1031,1174,583,1622
8th Apr 26 2026,914,13,413,0,1939,265,1050,1154,574,1630
7th Apr 26 2026,129,11,59,2,1115,1089,544,1660,441,1763
6th Apr 26 2026,223,12,23,2,961,1242,473,1730,430,1773
2nd Apr 26 2026,186,23,16,3,659,1540,381,1818,386,1813
1st Apr 26 2026,1158,7,11,3,493,1705,342,1856,392,1806
30th Mar 26 2026,33,762,5,38,206,1992,216,1982,322,1876
27th Mar 26 2026,34,653,8,10,299,1894,256,1937,370,1823
25th Mar 26 2026,223,18,6,6,498,1695,336,1857,403,1790
24th Mar 26 2026,301,29,7,7,281,1911,252,1940,358,1834
23rd Mar 26 2026,8,986,5,4,153,2040,173,2020,305,1888
20th Mar 26 2026,102,27,16,3,379,1811,331,1859,406,1784
19th Mar 26 2026,19,305,7,2,271,1918,253,1936,386,1803
18th Mar 26 2026,334,6,7,2,509,1680,396,1793,456,1733
17th Mar 26 2026,103,17,6,6,263,1926,302,1887,412,1777
16th Mar 26 2026,45,121,5,5,192,1999,256,1935,386,1805
13th Mar 26 2026,18,388,8,6,219,1969,297,1891,392,1796
12th Mar 26 2026,61,47,11,5,438,1748,425,1761,458,1728
11th Mar 26 2026,82,53,8,4,444,1742,432,1754,475,1711
10th Mar 26 2026,279,15,8,5,450,1735,443,1743,486,1700
9th Mar 26 2026,25,291,5,12,278,1908,337,1850,421,1766
6th Mar 26 2026,61,41,3,6,396,1786,457,1726,511,1672
5th Mar 26 2026,116,21,8,1,407,1773,473,1708,521,1660
4th Mar 26 2026,50,267,6,3,296,1884,405,1776,478,1703
2nd Mar 26 2026,61,267,5,3,452,1728,498,1683,575,1606
27th Feb 26 2026,42,60,8,1,695,1481,692,1485,678,1499
26th Feb 26 2026,68,21,9,5,838,1338,768,1409,716,1461
25th Feb 26 2026,56,42,5,5,793,1381,751,1424,708,1467
24th Feb 26 2026,23,97,8,4,706,1467,682,1492,695,1479
23rd Feb 26 2026,65,50,5,2,869,1308,795,1383,728,1450
20th Feb 26 2026,51,29,9,5,841,1332,783,1391,719,1455
19th Feb 26 2026,38,55,8,6,811,1360,766,1406,718,1454
18th Feb 26 2026,71,19,4,6,1106,1064,934,1237,783,1388
17th Feb 26 2026,113,20,7,3,1040,1128,872,1297,757,1412
16th Feb 26 2026,53,108,11,3,933,1234,783,1385,735,1433
13th Feb 26 2026,34,168,19,0,964,1200,793,1372,731,1434
12th Feb 26 2026,61,104,26,1,1318,846,1029,1136,799,1365
11th Feb 26 2026,93,67,14,2,1500,663,1124,1040,828,1336
10th Feb 26 2026,140,37,31,1,1584,579,1156,1008,829,1335
9th Feb 26 2026,394,19,52,1,1522,644,1076,1091,815,1352
6th Feb 26 2026,61,76,29,3,1127,1036,772,1392,692,1472
5th Feb 26 2026,56,94,33,6,1166,997,785,1379,702,1462
4th Feb 26 2026,243,57,44,19,1354,809,848,1316,735,1429
3rd Feb 26 2026,527,13,27,18,1149,1015,752,1412,716,1448
2nd Feb 26 2026,77,74,16,19,459,1707,379,1787,544,1622
1st Feb 26 2026,61,240,9,4,441,1724,364,1801,503,1662
30th Jan 26 2026,172,102,16,6,676,1487,502,1661,611,1552
29th Jan 26 2026,143,63,26,5,541,1622,438,1725,580,1583
28th Jan 26 2026,359,23,13,7,547,1615,433,1729,568,1594
27th Jan 26 2026,103,78,4,12,311,1855,328,1838,493,1673
23rd Jan 26 2026,58,214,2,7,278,1884,300,1862,490,1672
22nd Jan 26 2026,184,56,2,5,363,1799,377,1785,558,1604
21st Jan 26 2026,57,150,20,3,231,1930,294,1867,497,1664
20th Jan 26 2026,29,382,24,2,255,1905,320,1840,533,1627
19th Jan 26 2026,42,92,28,3,459,1703,483,1679,637,1525
16th Jan 26 2026,71,34,26,3,539,1618,542,1615,687,1470
14th Jan 26 2026,82,21,6,1,528,1628,562,1594,701,1455
13th Jan 26 2026,70,20,5,1,492,1664,533,1623,690,1466
12th Jan 26 2026,61,73,6,4,431,1728,513,1646,681,1478
9th Jan 26 2026,17,104,4,4,429,1725,544,1610,700,1454
8th Jan 26 2026,16,141,8,4,673,1482,704,1451,786,1369
7th Jan 26 2026,69,18,14,3,1062,1093,919,1236,872,1283
6th Jan 26 2026,46,29,15,1,1030,1124,885,1269,858,1296
5th Jan 26 2026,65,39,14,1,1149,1008,947,1210,883,1274
2nd Jan 26 2026,101,11,13,1,1323,830,964,1189,887,1266
1st Jan 26 2026,64,17,11,2,1081,1072,834,1319,831,1322
31st Dec 25 2025,85,16,10,2,1049,1102,814,1337,827,1324
30th Dec 25 2025,59,35,12,1,775,1374,695,1454,776,1373
29th Dec 25 2025,48,47,16,0,761,1392,724,1429,781,1372
26th Dec 25 2025,66,22,21,0,939,1211,776,1374,811,1339
24th Dec 25 2025,59,15,16,0,1097,1052,816,1333,830,1319
23rd Dec 25 2025,69,17,11,2,1142,1006,821,1327,835,1313
22nd Dec 25 2025,119,15,10,1,1025,1125,762,1388,821,1329
19th Dec 25 2025,92,15,11,0,712,1435,650,1497,778,1369
18th Dec 25 2025,42,30,12,0,497,1648,543,1602,732,1413
17th Dec 25 2025,34,56,13,0,500,1644,576,1568,742,1402
16th Dec 25 2025,37,30,13,0,629,1515,623,1521,773,1371
15th Dec 25 2025,79,20,15,1,753,1390,682,1461,796,1347
12th Dec 25 2025,100,12,8,3,704,1434,660,1479,778,1361
11th Dec 25 2025,76,16,7,4,512,1625,569,1568,742,1396
10th Dec 25 2025,55,29,9,3,393,1740,486,1647,726,1408
9th Dec 25 2025,129,14,2,3,431,1701,522,1610,730,1403
8th Dec 25 2025,20,241,4,3,329,1806,471,1664,704,1432
5th Dec 25 2025,34,38,4,3,548,1581,630,1499,799,1331
4th Dec 25 2025,29,27,3,4,545,1585,648,1482,806,1325
3rd Dec 25 2025,17,40,1,3,549,1580,646,1483,823,1307
2nd Dec 25 2025,29,32,5,2,659,1470,722,1407,845,1285
1st Dec 25 2025,68,37,7,2,744,1388,757,1376,873,1260
28th Nov 25 2025,61,20,4,2,765,1360,772,1354,875,1251
27th Nov 25 2025,57,18,4,3,749,1373,765,1358,869,1254
26th Nov 25 2025,84,13,5,2,749,1372,765,1357,881,1241
25th Nov 25 2025,71,13,6,3,560,1560,650,1472,828,1294
24th Nov 25 2025,37,137,6,6,523,1602,631,1495,809,1317
21st Nov 25 2025,33,38,5,4,613,1504,703,1416,864,1255
20th Nov 25 2025,41,23,9,3,768,1348,830,1287,903,1214
19th Nov 25 2025,43,42,7,2,797,1317,836,1279,923,1192
18th Nov 25 2025,39,37,12,3,785,1327,844,1269,923,1190
17th Nov 25 2025,99,48,12,3,957,1160,923,1195,969,1149
14th Nov 25 2025,79,42,13,3,882,1227,887,1223,943,1167
13th Nov 25 2025,73,47,13,4,861,1246,880,1228,972,1136
12th Nov 25 2025,109,31,9,4,900,1205,916,1190,979,1127
11th Nov 25 2025,71,55,9,8,754,1352,825,1282,936,1171
10th Nov 25 2025,89,92,12,7,756,1353,827,1283,940,1170
7th Nov 25 2025,75,43,13,3,673,1430,816,1287,936,1167
6th Nov 25 2025,47,148,15,4,611,1491,816,1286,923,1179
4th Nov 25 2025,43,31,17,2,886,1215,976,1125,1026,1075
3rd Nov 25 2025,102,40,19,3,1109,997,1095,1011,1071,1035
31st Oct 25 2025,46,32,13,2,989,1107,1023,1073,1038,1058
30th Oct 25 2025,55,25,11,2,1139,957,1107,989,1067,1029
29th Oct 25 2025,92,27,13,0,1171,924,1109,986,1077,1018
28th Oct 25 2025,65,32,14,1,1015,1085,1005,1095,1038,1062
27th Oct 25 2025,83,39,22,2,1039,1068,1021,1086,1059,1048
24th Oct 25 2025,55,29,19,3,998,1101,986,1113,1023,1076
23rd Oct 25 2025,85,48,21,3,1081,1018,1024,1075,1048,1051
21st Oct 25 2025,60,2,25,0,1130,966,1037,1059,1054,1042
20th Oct 25 2025,99,43,17,3,948,1158,928,1178,1010,1096
17th Oct 25 2025,48,42,14,1,854,1242,869,1227,973,1123
16th Oct 25 2025,80,34,16,2,941,1152,928,1165,1004,1089
15th Oct 25 2025,94,29,15,2,838,1255,883,1210,972,1121
14th Oct 25 2025,45,65,24,3,682,1409,788,1303,931,1160
13th Oct 25 2025,55,45,17,4,868,1228,914,1182,997,1099
10th Oct 25 2025,85,26,21,3,1015,1072,983,1104,1035,1052
9th Oct 25 2025,93,40,32,5,915,1175,933,1157,1012,1078
8th Oct 25 2025,78,26,30,2,824,1263,882,1205,995,1092
7th Oct 25 2025,61,33,23,1,913,1172,938,1147,1014,1071
6th Oct 25 2025,84,37,19,1,945,1142,952,1135,1014,1073
3rd Oct 25 2025,127,14,11,1,921,1159,935,1145,1028,1053
1st Oct 25 2025,128,9,11,1,699,1377,797,1279,970,1107
30th Sep 25 2025,43,29,8,2,491,1579,626,1444,889,1182
29th Sep 25 2025,65,63,15,3,461,1614,634,1441,886,1190
26th Sep 25 2025,15,114,19,1,454,1610,623,1441,891,1174
25th Sep 25 2025,41,34,22,1,754,1309,896,1167,1016,1048
24th Sep 25 2025,53,30,20,2,947,1115,1062,1000,1080,983
23rd Sep 25 2025,70,26,22,2,1119,942,1164,897,1122,940
22nd Sep 25 2025,85,40,26,2,1222,846,1211,858,1162,907
19th Sep 25 2025,73,18,21,1,1409,651,1310,752,1184,878
18th Sep 25 2025,60,19,20,1,1452,607,1314,746,1175,885
17th Sep 25 2025,74,18,24,1,1465,591,1306,751,1174,883
16th Sep 25 2025,84,12,19,1,1401,655,1251,806,1146,911
15th Sep 25 2025,89,19,18,1,1319,743,1132,931,1099,964
12th Sep 25 2025,59,12,19,0,1222,835,1081,977,1065,993
11th Sep 25 2025,57,21,26,0,1227,830,1068,990,1051,1007
10th Sep 25 2025,94,20,18,0,1212,845,1057,1001,1054,1004
9th Sep 25 2025,71,30,25,0,1024,1032,920,1137,999,1058
8th Sep 25 2025,131,19,32,1,1016,1044,904,1157,1005,1056
5th Sep 25 2025,89,12,27,1,910,1146,868,1189,964,1093
4th Sep 25 2025,53,28,20,2,945,1110,862,1194,983,1073
3rd Sep 25 2025,113,12,16,0,1052,1002,917,1138,996,1059
2nd Sep 25 2025,122,24,11,1,878,1175,794,1261,955,1100
1st Sep 25 2025,128,18,11,3,738,1318,715,1342,918,1139
29th Aug 25 2025,52,23,8,2,518,1531,581,1469,833,1217
28th Aug 25 2025,29,62,6,2,529,1521,597,1454,851,1200
26th Aug 25 2025,29,60,11,3,634,1411,691,1355,912,1134
25th Aug 25 2025,69,37,22,1,945,1104,897,1153,1008,1042
22nd Aug 25 2025,52,16,21,0,920,1124,902,1143,994,1051
21st Aug 25 2025,60,20,21,0,1033,1012,966,1080,1010,1036
20th Aug 25 2025,108,11,21,1,1014,1028,957,1086,1006,1037
19th Aug 25 2025,126,15,20,1,956,1085,906,1136,999,1043
18th Aug 25 2025,150,32,20,2,785,1260,809,1237,953,1093
14th Aug 25 2025,49,76,17,3,550,1488,647,1391,886,1153
13th Aug 25 2025,115,47,11,5,602,1435,685,1352,923,1115
12th Aug 25 2025,78,51,6,5,505,1532,620,1418,893,1145
11th Aug 25 2025,88,64,6,4,443,1595,605,1434,879,1160
8th Aug 25 2025,50,75,8,4,375,1664,551,1488,850,1189
7th Aug 25 2025,55,54,8,5,446,1592,635,1403,932,1106
6th Aug 25 2025,40,74,8,5,461,1575,640,1396,944,1092
5th Aug 25 2025,50,40,9,5,572,1462,733,1301,1003,1031
4th Aug 25 2025,95,49,13,4,578,1458,778,1258,1025,1011
1st Aug 25 2025,34,118,10,0,444,1587,709,1322,982,1049
31st Jul 25 2025,55,48,10,1,584,1444,866,1162,1079,949
30th Jul 25 2025,92,31,10,1,680,1345,982,1043,1113,912
29th Jul 25 2025,115,17,10,1,614,1412,953,1072,1108,918
28th Jul 25 2025,37,118,10,4,493,1537,806,1224,1047,983
25th Jul 25 2025,24,87,9,3,633,1391,1008,1017,1136,889
24th Jul 25 2025,46,36,11,2,964,1061,1307,718,1269,755
23rd Jul 25 2025,50,28,15,2,1087,937,1358,666,1285,739
22nd Jul 25 2025,56,22,16,2,1041,981,1373,650,1283,740
21st Jul 25 2025,69,34,15,3,1136,889,1429,596,1292,733
18th Jul 25 2025,51,19,14,1,1158,861,1470,549,1309,710
17th Jul 25 2025,63,14,15,1,1326,692,1554,464,1338,680
16th Jul 25 2025,88,13,12,0,1336,682,1556,462,1325,693
15th Jul 25 2025,100,8,9,0,1258,760,1495,523,1289,729
14th Jul 25 2025,71,20,16,1,1005,1015,1363,657,1213,807
11th Jul 25 2025,42,15,7,0,996,1021,1400,617,1212,805
10th Jul 25 2025,69,8,12,1,1216,797,1506,507,1264,749
9th Jul 25 2025,73,9,10,1,1248,764,1509,504,1254,759
8th Jul 25 2025,58,16,12,1,1225,789,1498,516,1249,765
7th Jul 25 2025,68,25,19,1,1277,740,1526,491,1262,755
4th Jul 25 2025,70,15,18,1,1378,637,1573,442,1275,740
3rd Jul 25 2025,74,15,20,1,1359,654,1543,470,1257,756
2nd Jul 25 2025,58,19,21,1,1344,666,1532,478,1231,779
1st Jul 25 2025,87,23,29,0,1444,562,1566,440,1246,760
30th Jun 25 2025,119,17,30,0,1473,534,1571,436,1257,750
27th Jun 25 2025,90,14,23,0,1421,582,1532,471,1238,765
26th Jun 25 2025,64,12,22,1,1358,646,1513,491,1206,798
25th Jun 25 2025,155,8,10,1,1357,646,1510,493,1205,798
24th Jun 25 2025,99,17,5,1,1050,954,1350,653,1109,896
23rd Jun 25 2025,72,22,6,1,834,1172,1202,804,1059,948
20th Jun 25 2025,83,14,8,2,834,1168,1236,766,1044,959
19th Jun 25 2025,17,86,7,1,599,1402,1121,880,1001,1001
18th Jun 25 2025,43,24,6,0,940,1059,1361,638,1117,883
17th Jun 25 2025,51,39,9,1,1022,977,1413,586,1147,853
16th Jun 25 2025,77,17,11,1,1250,752,1513,489,1193,810
13th Jun 25 2025,40,26,18,1,1192,806,1528,470,1165,834
17th Jun 26 2026,121,26,25,3,1565,634,1493,706,1157,1042
16th Jun 26 2026,110,20,10,1,1527,678,1454,752,1130,1076
15th Jun 26 2026,209,11,22,3,1465,741,1385,823,1109,1099
12th Jun 26 2026,337,12,11,2,1113,1092,1139,1067,1029,1177
11th Jun 26 2026,39,79,9,6,622,1582,840,1366,881,1325
10th Jun 26 2026,47,103,18,7,759,1445,949,1257,941,1265
9th Jun 26 2026,190,30,22,7,933,1271,1117,1089,1001,1205
8th Jun 26 2026,47,167,23,8,698,1508,907,1301,930,1278
5th Jun 26 2026,103,47,33,8,992,1214,1171,1037,1015,1193
4th Jun 26 2026,139,29,34,7,1015,1191,1156,1052,1015,1193
3rd Jun 26 2026,81,57,34,7,916,1289,1151,1056,987,1220
2nd Jun 26 2026,144,33,31,4,992,1214,1198,1010,1005,1203
1st Jun 26 2026,97,171,34,4,869,1337,1128,1079,963,1245
29th May 26 2026,118,143,33,1,1115,1090,1272,934,1019,1187
27th May 26 2026,144,44,46,1,1369,836,1413,793,1090,1116
26th May 26 2026,113,40,47,1,1360,845,1404,802,1067,1139
25th May 26 2026,181,35,45,3,1384,824,1426,782,1055,1153
22nd May 26 2026,85,46,22,3,1096,1110,1257,949,980,1226
21st May 26 2026,131,26,21,3,1062,1143,1246,959,969,1236
20th May 26 2026,98,29,14,5,958,1248,1177,1029,928,1278
19th May 26 2026,139,27,12,5,899,1307,1177,1029,915,1291
18th May 26 2026,62,147,7,15,709,1499,1064,1144,858,1350
15th May 26 2026,66,87,8,10,942,1264,1280,926,937,1269
14th May 26 2026,80,50,5,6,1071,1135,1328,878,970,1236
13th May 26 2026,138,52,18,2,1018,1189,1329,878,959,1248
12th May 26 2026,36,497,16,1,905,1302,1294,913,923,1284
11th May 26 2026,75,140,33,3,1538,672,1643,567,1130,1080
8th May 26 2026,118,45,61,1,1862,346,1834,374,1221,987
7th May 26 2026,219,9,40,3,1960,247,1892,315,1216,991
6th May 26 2026,207,22,28,3,1907,301,1821,387,1139,1069
5th May 26 2026,108,39,21,4,1646,561,1616,591,1061,1146
4th May 26 2026,196,40,29,3,1733,477,1650,560,1036,1174
30th Apr 26 2026,55,47,13,2,1643,564,1573,634,986,1221
29th Apr 26 2026,85,34,15,1,1762,445,1659,548,995,1212
28th Apr 26 2026,85,28,20,1,1773,434,1655,552,996,1211
27th Apr 26 2026,249,15,22,1,1922,288,1724,486,997,1213
24th Apr 26 2026,38,102,24,3,1705,502,1551,656,900,1307
23rd Apr 26 2026,93,38,34,3,1946,261,1750,457,984,1223
22nd Apr 26 2026,133,23,34,2,2040,167,1863,344,1024,1183
21st Apr 26 2026,124,24,46,3,2067,140,1841,366,980,1227
20th Apr 26 2026,79,54,49,2,2075,133,1801,407,924,1284
17th Apr 26 2026,191,8,79,0,2114,84,1880,318,953,1245
16th Apr 26 2026,141,13,61,0,2079,120,1763,436,860,1339
15th Apr 26 2026,386,8,125,0,2080,118,1687,511,814,1384
13th Apr 26 2026,105,37,90,1,1912,288,1290,910,675,1525
10th Apr 26 2026,244,6,130,1,1981,216,1366,831,674,1523
9th Apr 26 2026,98,31,106,0,1851,348,1030,1169,579,1620
8th Apr 26 2026,912,13,413,0,1935,263,1049,1149,570,1628
7th Apr 26 2026,129,11,60,2,1114,1084,543,1655,438,1760
6th Apr 26 2026,223,12,23,2,959,1238,471,1726,427,1770
2nd Apr 26 2026,186,23,17,3,657,1536,382,1811,384,1809
1st Apr 26 2026,1157,7,11,3,492,1700,341,1851,390,1802
30th Mar 26 2026,33,762,5,39,206,1986,216,1976,320,1872
27th Mar 26 2026,34,653,8,10,298,1889,256,1931,368,1819
25th Mar 26 2026,223,18,6,6,497,1690,335,1852,401,1786
24th Mar 26 2026,300,30,7,7,280,1906,252,1934,356,1830
23rd Mar 26 2026,8,989,5,4,153,2034,172,2015,303,1884
20th Mar 26 2026,102,27,16,3,377,1808,329,1856,404,1781
19th Mar 26 2026,19,306,7,2,270,1913,253,1930,384,1799
18th Mar 26 2026,333,6,7,2,509,1674,396,1787,454,1729
17th Mar 26 2026,103,17,6,6,264,1919,303,1880,410,1773
16th Mar 26 2026,44,120,5,5,192,1993,256,1929,384,1801
13th Mar 26 2026,18,388,8,6,220,1962,298,1884,390,1792
12th Mar 26 2026,61,47,11,5,436,1744,423,1757,455,1725
11th Mar 26 2026,82,53,8,4,443,1737,431,1749,472,1708
10th Mar 26 2026,279,15,8,5,448,1731,441,1739,483,1697
9th Mar 26 2026,25,292,5,12,276,1904,335,1846,418,1763
6th Mar 26 2026,61,41,3,6,395,1781,455,1722,507,1670
5th Mar 26 2026,116,21,8,1,403,1771,470,1705,517,1658
4th Mar 26 2026,50,267,6,3,295,1879,404,1771,475,1700
2nd Mar 26 2026,61,267,5,3,449,1725,495,1680,571,1604
27th Feb 26 2026,42,60,8,1,690,1480,687,1484,674,1497
26th Feb 26 2026,68,21,9,5,833,1337,763,1408,712,1459
25th Feb 26 2026,55,42,5,5,787,1381,747,1422,704,1465
24th Feb 26 2026,24,96,8,4,701,1466,678,1490,691,1477
23rd Feb 26 2026,64,50,5,2,866,1305,791,1381,724,1448
20th Feb 26 2026,50,29,9,5,840,1327,780,1388,714,1454
19th Feb 26 2026,38,53,8,5,808,1357,763,1403,714,1452
18th Feb 26 2026,71,17,4,5,1101,1063,931,1234,778,1387
17th Feb 26 2026,114,19,7,3,1036,1126,869,1294,753,1410
16th Feb 26 2026,53,108,11,3,931,1231,781,1382,732,1431
13th Feb 26 2026,34,166,19,0,961,1198,790,1370,728,1432
12th Feb 26 2026,61,103,26,1,1311,848,1024,1136,795,1364
11th Feb 26 2026,92,67,13,2,1494,664,1119,1040,824,1335
10th Feb 26 2026,139,37,30,1,1579,579,1151,1008,825,1334
9th Feb 26 2026,392,19,51,1,1517,644,1072,1090,812,1350
6th Feb 26 2026,60,76,29,3,1123,1035,769,1390,689,1470
5th Feb 26 2026,56,93,33,6,1161,997,782,1377,699,1460
4th Feb 26 2026,242,57,44,19,1349,809,845,1314,732,1427
3rd Feb 26 2026,527,13,27,18,1146,1013,750,1409,713,1446
2nd Feb 26 2026,77,74,16,19,458,1703,377,1784,541,1620
1st Feb 26 2026,61,239,9,4,439,1721,362,1798,500,1660
30th Jan 26 2026,172,102,15,6,675,1483,501,1657,608,1550
29th Jan 26 2026,144,63,25,5,541,1617,437,1721,577,1581
28th Jan 26 2026,358,23,12,7,545,1612,431,1726,565,1592
27th Jan 26 2026,102,77,4,12,309,1852,326,1835,490,1671
23rd Jan 26 2026,58,213,2,7,276,1881,299,1858,487,1670
22nd Jan 26 2026,183,56,2,5,362,1795,376,1781,555,1602
21st Jan 26 2026,57,150,20,3,231,1925,294,1862,494,1662
20th Jan 26 2026,29,384,24,2,255,1900,319,1836,530,1625
19th Jan 26 2026,42,92,28,2,459,1698,482,1675,634,1523
16th Jan 26 2026,71,33,26,3,538,1614,540,1612,683,1469
14th Jan 26 2026,81,21,6,1,526,1625,560,1591,697,1454
13th Jan 26 2026,70,20,4,1,488,1663,530,1621,685,1466
12th Jan 26 2026,61,72,5,4,427,1727,510,1644,676,1478
9th Jan 26 2026,16,105,3,4,426,1723,541,1608,695,1454
8th Jan 26 2026,15,141,8,4,671,1479,701,1449,781,1369
7th Jan 26 2026,69,19,14,3,1060,1090,917,1233,868,1282
6th Jan 26 2026,46,28,15,1,1027,1122,882,1267,854,1295
5th Jan 26 2026,65,39,14,1,1146,1006,943,1209,879,1273
2nd Jan 26 2026,101,11,13,1,1320,828,961,1187,883,1265
1st Jan 26 2026,64,17,11,2,1078,1070,830,1318,827,1321
31st Dec 25 2025,86,16,10,2,1046,1100,811,1335,823,1323
30th Dec 25 2025,59,35,12,1,773,1371,693,1451,772,1372
29th Dec 25 2025,48,47,16,0,758,1390,722,1426,777,1371
26th Dec 25 2025,66,22,21,0,936,1209,774,1371,807,1338
24th Dec 25 2025,59,15,16,0,1093,1051,814,1330,826,1318
23rd Dec 25 2025,67,17,11,2,1140,1003,819,1324,831,1312
22nd Dec 25 2025,118,15,10,1,1022,1123,761,1384,817,1328
19th Dec 25 2025,92,15,11,0,711,1431,648,1494,774,1368
18th Dec 25 2025,42,30,12,0,496,1644,541,1599,728,1412
17th Dec 25 2025,34,56,13,0,499,1640,574,1565,738,1401
16th Dec 25 2025,37,30,13,0,627,1512,621,1518,769,1370
15th Dec 25 2025,79,20,15,1,752,1386,680,1458,792,1346
12th Dec 25 2025,100,12,8,3,703,1430,659,1475,774,1360
11th Dec 25 2025,76,15,7,4,511,1621,567,1565,738,1395
10th Dec 25 2025,55,29,9,3,392,1736,485,1643,722,1407
9th Dec 25 2025,129,14,2,3,431,1696,522,1605,726,1402
8th Dec 25 2025,20,241,4,3,329,1801,469,1661,700,1431
5th Dec 25 2025,33,38,4,3,547,1577,628,1496,795,1330
4th Dec 25 2025,30,27,3,4,544,1581,647,1478,802,1324
3rd Dec 25 2025,17,41,1,3,546,1578,644,1480,819,1306
2nd Dec 25 2025,29,32,5,2,654,1470,718,1406,841,1284
1st Dec 25 2025,68,38,7,2,740,1387,754,1374,869,1259
28th Nov 25 2025,60,19,4,2,762,1358,770,1351,871,1250
27th Nov 25 2025,56,18,4,3,747,1370,760,1358,865,1253
26th Nov 25 2025,83,13,5,2,746,1370,762,1355,877,1240
25th Nov 25 2025,71,13,6,3,557,1558,647,1470,824,1293
24th Nov 25 2025,36,137,6,6,521,1599,628,1493,805,1316
21st Nov 25 2025,33,38,5,4,611,1501,700,1414,860,1254
20th Nov 25 2025,41,24,9,3,766,1346,828,1285,899,1214
19th Nov 25 2025,43,42,7,2,795,1315,834,1277,919,1192
18th Nov 25 2025,39,37,12,3,784,1324,841,1268,920,1189
17th Nov 25 2025,99,47,12,3,955,1158,920,1194,966,1148
14th Nov 25 2025,78,42,13,3,882,1223,884,1222,940,1166
13th Nov 25 2025,73,47,13,4,861,1242,877,1227,969,1135
12th Nov 25 2025,109,31,9,4,898,1203,913,1189,976,1126
11th Nov 25 2025,71,55,9,8,753,1349,822,1281,933,1170
10th Nov 25 2025,88,92,12,7,756,1349,825,1281,937,1169
7th Nov 25 2025,74,43,13,3,674,1425,815,1284,932,1167
6th Nov 25 2025,47,148,15,3,611,1487,813,1285,919,1179
4th Nov 25 2025,43,30,17,1,884,1213,972,1125,1022,1075
3rd Nov 25 2025,102,39,19,2,1105,997,1090,1012,1067,1035
31st Oct 25 2025,46,31,13,1,983,1109,1018,1074,1034,1058
30th Oct 25 2025,55,24,11,1,1134,958,1102,990,1064,1028
29th Oct 25 2025,92,26,13,0,1166,925,1106,985,1074,1017
28th Oct 25 2025,65,31,14,1,1009,1087,1001,1095,1035,1061
27th Oct 25 2025,82,38,21,2,1034,1069,1018,1085,1056,1047
24th Oct 25 2025,54,28,18,3,994,1101,984,1111,1020,1075
23rd Oct 25 2025,84,49,20,3,1078,1017,1022,1073,1045,1050
21st Oct 25 2025,59,2,24,0,1128,964,1036,1056,1051,1041
20th Oct 25 2025,98,44,16,3,945,1157,925,1177,1007,1095
17th Oct 25 2025,47,43,13,1,851,1241,866,1226,970,1122
16th Oct 25 2025,80,34,16,2,938,1151,926,1163,1002,1087
15th Oct 25 2025,94,29,15,2,836,1253,881,1208,969,1120
14th Oct 25 2025,45,65,24,3,681,1406,786,1301,928,1159
13th Oct 25 2025,56,44,18,4,866,1226,912,1180,995,1097
10th Oct 25 2025,86,26,20,3,1013,1070,981,1102,1032,1051
9th Oct 25 2025,92,41,31,5,913,1173,930,1156,1009,1077
8th Oct 25 2025,78,26,30,2,823,1260,879,1204,992,1091
7th Oct 25 2025,62,33,23,1,911,1170,935,1146,1010,1071
6th Oct 25 2025,84,37,19,1,942,1141,950,1133,1010,1073
3rd Oct 25 2025,127,13,11,1,919,1157,932,1144,1024,1053
1st Oct 25 2025,128,8,12,1,698,1374,794,1278,967,1106
30th Sep 25 2025,44,29,8,2,489,1577,623,1443,886,1181
29th Sep 25 2025,65,63,15,3,459,1612,631,1440,883,1189
26th Sep 25 2025,15,115,19,1,452,1608,620,1440,888,1173
25th Sep 25 2025,41,33,22,1,752,1307,893,1166,1013,1047
24th Sep 25 2025,53,31,21,2,946,1112,1060,998,1076,983
23rd Sep 25 2025,70,26,23,2,1117,940,1162,895,1118,940
22nd Sep 25 2025,85,40,27,2,1220,844,1209,856,1158,907
19th Sep 25 2025,73,19,21,1,1406,650,1308,750,1180,878
18th Sep 25 2025,60,19,20,1,1450,605,1312,744,1171,885
17th Sep 25 2025,73,18,24,1,1463,589,1304,749,1169,884
16th Sep 25 2025,84,13,19,1,1399,653,1249,804,1142,911
15th Sep 25 2025,89,19,18,1,1316,742,1130,929,1095,964
12th Sep 25 2025,58,12,19,0,1219,834,1079,975,1061,993
11th Sep 25 2025,57,21,26,0,1226,827,1066,988,1048,1006
10th Sep 25 2025,96,19,18,0,1210,843,1056,998,1051,1003
9th Sep 25 2025,71,30,25,0,1023,1029,919,1134,995,1058
8th Sep 25 2025,130,19,32,1,1012,1044,902,1155,1000,1057
5th Sep 25 2025,89,12,27,1,910,1142,867,1186,960,1093
4th Sep 25 2025,53,29,20,2,945,1106,861,1191,979,1073
3rd Sep 25 2025,113,12,16,0,1049,1001,915,1136,992,1059
2nd Sep 25 2025,122,24,11,1,877,1172,792,1259,951,1100
1st Sep 25 2025,128,18,11,3,736,1316,712,1341,914,1139
29th Aug 25 2025,52,23,8,2,517,1528,579,1467,829,1217
28th Aug 25 2025,29,61,6,2,528,1518,594,1453,847,1200
26th Aug 25 2025,29,60,11,3,633,1408,689,1353,908,1134
25th Aug 25 2025,70,37,22,1,943,1102,894,1152,1004,1042
22nd Aug 25 2025,52,16,21,0,917,1123,898,1143,990,1051
21st Aug 25 2025,60,20,21,0,1029,1012,962,1080,1006,1036
20th Aug 25 2025,107,11,21,1,1011,1027,955,1084,1002,1037
19th Aug 25 2025,125,15,20,1,954,1083,903,1135,995,1043
18th Aug 25 2025,150,32,20,2,784,1257,807,1235,949,1093
14th Aug 25 2025,49,76,17,3,549,1485,645,1389,882,1153
13th Aug 25 2025,115,47,11,5,601,1432,683,1350,920,1114
12th Aug 25 2025,78,51,6,5,503,1530,617,1417,889,1145
11th Aug 25 2025,88,64,6,4,440,1594,602,1433,875,1160
8th Aug 25 2025,50,75,8,4,373,1662,547,1488,846,1189
7th Aug 25 2025,55,54,8,5,442,1592,631,1403,927,1107
6th Aug 25 2025,40,74,8,5,457,1575,636,1396,939,1093
5th Aug 25 2025,50,40,9,5,568,1462,730,1300,998,1032
4th Aug 25 2025,95,49,13,4,575,1457,775,1257,1020,1012
1st Aug 25 2025,34,118,10,0,442,1585,707,1320,977,1050
31st Jul 25 2025,55,48,10,1,580,1444,863,1161,1074,950
30th Jul 25 2025,92,31,10,1,678,1343,980,1041,1109,912
29th Jul 25 2025,115,17,10,1,611,1411,950,1071,1103,919
28th Jul 25 2025,37,118,10,4,490,1536,802,1224,1042,984
25th Jul 25 2025,24,86,9,3,630,1390,1004,1017,1131,890
24th Jul 25 2025,46,36,11,2,960,1061,1303,718,1264,756
23rd Jul 25 2025,49,28,15,2,1083,937,1355,665,1280,740
22nd Jul 25 2025,57,22,16,2,1037,981,1370,649,1278,741
21st Jul 25 2025,70,34,15,3,1131,890,1426,595,1287,734
18th Jul 25 2025,52,19,14,1,1155,860,1467,548,1305,710
17th Jul 25 2025,63,14,15,1,1322,692,1550,464,1333,681
16th Jul 25 2025,88,13,12,0,1333,681,1553,461,1321,693
15th Jul 25 2025,100,8,9,0,1256,758,1491,523,1286,728
14th Jul 25 2025,70,20,16,1,1003,1013,1360,656,1210,806
11th Jul 25 2025,42,15,7,0,995,1018,1397,616,1208,805
10th Jul 25 2025,69,8,12,1,1216,793,1503,506,1261,748
9th Jul 25 2025,73,9,10,1,1246,762,1506,503,1250,759
8th Jul 25 2025,58,16,12,1,1224,786,1495,515,1245,765
7th Jul 25 2025,68,25,19,1,1274,739,1522,491,1258,755
4th Jul 25 2025,70,15,18,1,1375,636,1570,441,1271,740
3rd Jul 25 2025,74,15,20,1,1356,653,1538,471,1253,756
2nd Jul 25 2025,58,19,21,1,1341,665,1528,478,1227,779
1st Jul 25 2025,87,23,29,0,1440,562,1561,441,1242,760
30th Jun 25 2025,120,17,30,0,1474,529,1568,435,1253,750
27th Jun 25 2025,89,13,23,0,1419,580,1529,470,1234,765
26th Jun 25 2025,63,12,22,1,1356,644,1510,490,1202,798
25th Jun 25 2025,154,8,10,1,1355,644,1506,493,1202,797
24th Jun 25 2025,98,17,5,1,1046,954,1347,652,1105,896
23rd Jun 25 2025,71,22,6,1,830,1172,1198,804,1055,948
20th Jun 25 2025,82,13,8,1,832,1166,1231,767,1040,959
19th Jun 25 2025,17,85,7,0,598,1399,1118,879,998,1000
18th Jun 25 2025,43,23,6,0,938,1057,1357,638,1113,883
17th Jun 25 2025,50,38,9,1,1020,975,1409,586,1144,852
16th Jun 25 2025,77,16,11,1,1248,750,1510,488,1190,809
13th Jun 25 2025,40,25,17,1,1192,802,1524,470,1162,833
12th Jun 25 2025,42,47,25,0,1429,564,1599,394,1219,775
11th Jun 25 2025,112,20,25,0,1645,346,1708,283,1294,698
12th Jun 26 2026,345,14,12,2,1127,1072,1148,1052,1031,1169
11th Jun 26 2026,40,79,9,6,626,1581,843,1366,884,1325
10th Jun 26 2026,47,103,18,7,762,1445,951,1258,945,1264
9th Jun 26 2026,190,30,22,7,937,1270,1118,1091,1004,1205
8th Jun 26 2026,48,166,23,8,699,1510,909,1302,934,1277
5th Jun 26 2026,101,46,33,8,993,1216,1175,1036,1018,1193
4th Jun 26 2026,138,28,34,7,1016,1193,1158,1053,1017,1194
3rd Jun 26 2026,80,57,34,7,915,1293,1152,1058,989,1221
2nd Jun 26 2026,143,32,31,4,992,1217,1200,1011,1007,1204
1st Jun 26 2026,96,170,34,4,869,1340,1131,1079,967,1244
29th May 26 2026,117,143,33,1,1116,1092,1275,934,1023,1186
27th May 26 2026,146,43,47,1,1376,832,1417,792,1094,1115
26th May 26 2026,114,40,47,1,1364,844,1407,802,1071,1138
25th May 26 2026,181,35,45,3,1390,821,1432,779,1060,1151
22nd May 26 2026,85,46,22,3,1100,1109,1261,948,985,1224
21st May 26 2026,132,26,21,3,1065,1143,1248,960,972,1236
20th May 26 2026,98,28,14,5,960,1249,1178,1031,932,1277
19th May 26 2026,138,27,12,5,900,1309,1180,1029,917,1292
18th May 26 2026,61,146,7,15,710,1501,1066,1145,861,1350
15th May 26 2026,66,86,8,10,945,1264,1285,924,940,1269
14th May 26 2026,80,49,5,6,1074,1135,1333,876,973,1236
13th May 26 2026,138,51,17,2,1020,1190,1333,877,961,1249
12th May 26 2026,35,497,15,1,906,1304,1297,913,926,1284
11th May 26 2026,74,140,32,3,1541,672,1647,566,1131,1082
8th May 26 2026,116,43,60,1,1868,343,1840,371,1226,985
7th May 26 2026,219,9,39,3,1963,247,1896,314,1221,989
6th May 26 2026,206,22,27,3,1912,299,1826,385,1142,1069
5th May 26 2026,107,39,20,4,1653,557,1621,589,1065,1145
4th May 26 2026,195,40,28,3,1738,475,1657,556,1038,1175
30th Apr 26 2026,54,47,13,2,1648,562,1578,632,987,1223
29th Apr 26 2026,85,34,15,1,1768,442,1664,546,998,1212
28th Apr 26 2026,85,28,20,1,1778,432,1660,550,1000,1210
27th Apr 26 2026,249,15,22,1,1927,286,1729,484,1001,1212
24th Apr 26 2026,38,102,24,3,1710,500,1554,656,904,1306
23rd Apr 26 2026,93,38,34,3,1949,261,1754,456,987,1223
22nd Apr 26 2026,133,23,34,2,2045,165,1868,342,1028,1182
21st Apr 26 2026,124,23,46,3,2071,139,1846,364,983,1227
20th Apr 26 2026,78,53,49,2,2078,133,1806,405,927,1284
17th Apr 26 2026,191,8,78,0,2119,83,1885,317,958,1244
16th Apr 26 2026,141,13,60,0,2084,119,1769,434,864,1339
15th Apr 26 2026,387,8,124,0,2085,117,1692,510,818,1384
13th Apr 26 2026,104,38,90,1,1916,288,1291,913,675,1529
10th Apr 26 2026,243,7,130,1,1988,213,1370,831,677,1524
9th Apr 26 2026,98,30,107,0,1857,346,1032,1171,581,1622
8th Apr 26 2026,914,13,414,0,1939,263,1050,1152,571,1631
7th Apr 26 2026,128,11,60,2,1114,1088,543,1659,439,1763
6th Apr 26 2026,225,12,23,2,959,1242,473,1728,427,1774
2nd Apr 26 2026,186,22,16,3,658,1539,381,1816,384,1813
1st Apr 26 2026,1160,7,10,3,491,1704,340,1855,390,1805
30th Mar 26 2026,32,763,4,39,205,1991,215,1981,321,1875
27th Mar 26 2026,33,651,7,10,297,1894,255,1936,369,1822
25th Mar 26 2026,221,18,6,6,495,1696,334,1857,402,1789
24th Mar 26 2026,299,30,7,7,279,1911,251,1939,357,1833
23rd Mar 26 2026,8,986,5,4,153,2038,172,2019,304,1887
20th Mar 26 2026,103,27,16,3,378,1811,331,1858,405,1784
19th Mar 26 2026,19,306,7,2,270,1917,253,1934,385,1802
18th Mar 26 2026,331,6,7,2,509,1678,396,1791,455,1732
17th Mar 26 2026,102,17,6,6,263,1924,302,1885,411,1776
16th Mar 26 2026,45,122,5,5,192,1997,256,1933,385,1804
13th Mar 26 2026,18,389,8,6,220,1966,298,1888,391,1795
12th Mar 26 2026,61,47,11,5,438,1746,425,1759,457,1727
11th Mar 26 2026,82,53,8,4,444,1740,432,1752,474,1710
10th Mar 26 2026,281,15,8,5,448,1735,442,1742,485,1699
9th Mar 26 2026,25,292,5,12,277,1907,337,1848,420,1765
6th Mar 26 2026,61,42,3,6,395,1785,456,1725,509,1672
5th Mar 26 2026,116,21,8,1,407,1771,472,1707,519,1660
4th Mar 26 2026,49,267,6,3,297,1881,405,1774,477,1702
2nd Mar 26 2026,61,267,5,3,451,1727,497,1682,573,1606
27th Feb 26 2026,42,60,8,1,695,1479,692,1483,678,1497
26th Feb 26 2026,68,20,9,5,837,1337,767,1408,716,1459
25th Feb 26 2026,56,42,5,4,794,1378,751,1422,708,1465
24th Feb 26 2026,24,97,8,3,705,1466,681,1491,694,1478
23rd Feb 26 2026,64,49,5,2,871,1304,794,1382,728,1448
20th Feb 26 2026,51,29,9,4,842,1329,783,1389,719,1453
19th Feb 26 2026,39,54,8,5,810,1359,766,1404,717,1453
18th Feb 26 2026,71,18,4,6,1104,1063,935,1233,783,1385
17th Feb 26 2026,114,20,7,3,1038,1128,871,1296,757,1410
16th Feb 26 2026,53,107,11,3,932,1233,782,1384,735,1431
13th Feb 26 2026,34,166,19,0,964,1198,792,1371,730,1433
12th Feb 26 2026,61,105,26,1,1316,846,1028,1135,799,1363
11th Feb 26 2026,92,67,15,2,1496,665,1123,1039,828,1334
10th Feb 26 2026,140,37,32,1,1584,577,1155,1007,829,1333
9th Feb 26 2026,394,19,52,1,1520,644,1074,1091,814,1351
6th Feb 26 2026,61,77,29,3,1126,1035,771,1391,692,1470
5th Feb 26 2026,58,93,33,6,1165,996,783,1379,702,1460
4th Feb 26 2026,242,57,44,19,1353,808,847,1315,734,1428
3rd Feb 26 2026,528,13,27,18,1148,1014,750,1412,716,1446
2nd Feb 26 2026,77,73,16,19,458,1706,377,1787,543,1621
1st Feb 26 2026,60,239,9,4,439,1724,361,1802,501,1662
30th Jan 26 2026,171,102,15,6,675,1486,502,1659,611,1550
29th Jan 26 2026,142,63,25,5,541,1620,438,1723,580,1581
28th Jan 26 2026,357,23,12,7,546,1614,432,1728,568,1592
27th Jan 26 2026,102,78,4,12,308,1856,326,1838,493,1671
23rd Jan 26 2026,59,214,2,7,277,1883,299,1861,490,1670
22nd Jan 26 2026,183,56,2,5,362,1798,376,1784,558,1602
21st Jan 26 2026,57,150,20,3,231,1928,294,1865,497,1662
20th Jan 26 2026,29,385,24,2,255,1903,319,1839,533,1625
19th Jan 26 2026,42,92,28,3,460,1700,483,1677,637,1523
16th Jan 26 2026,71,35,26,3,539,1616,542,1613,686,1469
14th Jan 26 2026,82,21,6,1,527,1627,562,1592,700,1454
13th Jan 26 2026,70,20,5,1,491,1663,532,1622,690,1464
12th Jan 26 2026,62,73,6,4,431,1726,514,1643,682,1475
9th Jan 26 2026,17,105,4,4,428,1724,543,1609,699,1453
8th Jan 26 2026,16,140,8,4,673,1480,705,1448,785,1368
7th Jan 26 2026,68,18,14,3,1063,1090,920,1233,870,1283
6th Jan 26 2026,46,28,15,1,1030,1122,885,1267,856,1296
5th Jan 26 2026,65,39,14,1,1150,1005,946,1209,882,1273
2nd Jan 26 2026,102,10,13,1,1323,828,965,1186,886,1265
1st Jan 26 2026,64,16,11,2,1080,1071,833,1318,829,1322
31st Dec 25 2025,83,16,10,2,1048,1101,813,1336,826,1323
30th Dec 25 2025,59,33,12,1,776,1371,696,1451,777,1370
29th Dec 25 2025,48,46,16,0,762,1389,725,1426,782,1369
26th Dec 25 2025,66,21,21,0,939,1209,776,1372,811,1337
24th Dec 25 2025,59,15,16,0,1096,1051,816,1331,829,1318
23rd Dec 25 2025,68,17,11,2,1142,1004,822,1324,834,1312
22nd Dec 25 2025,118,15,10,1,1027,1121,763,1385,820,1328
19th Dec 25 2025,92,15,11,0,713,1432,650,1495,778,1367
18th Dec 25 2025,42,29,12,0,495,1648,543,1600,731,1412
17th Dec 25 2025,34,55,13,0,499,1643,577,1565,740,1402
16th Dec 25 2025,37,30,13,0,629,1513,624,1518,772,1370
15th Dec 25 2025,79,20,15,1,754,1387,682,1459,794,1347
12th Dec 25 2025,98,12,8,3,704,1432,660,1477,776,1361
11th Dec 25 2025,76,16,7,4,511,1624,570,1565,741,1395
10th Dec 25 2025,55,29,9,3,393,1738,488,1643,725,1407
9th Dec 25 2025,129,14,2,3,431,1699,522,1608,729,1402
8th Dec 25 2025,20,242,4,3,329,1804,471,1662,703,1431
5th Dec 25 2025,34,38,4,3,550,1577,631,1496,797,1331
4th Dec 25 2025,29,27,3,4,546,1582,649,1479,804,1325
3rd Dec 25 2025,17,39,1,3,550,1577,648,1479,822,1306
2nd Dec 25 2025,29,32,5,2,660,1467,723,1404,844,1284
1st Dec 25 2025,68,37,7,2,746,1384,759,1372,872,1259
28th Nov 25 2025,61,19,4,2,766,1357,774,1350,874,1250
27th Nov 25 2025,57,18,4,3,749,1371,763,1358,868,1253
26th Nov 25 2025,83,13,5,2,750,1369,764,1356,880,1240
25th Nov 25 2025,71,13,6,3,559,1559,650,1470,827,1293
24th Nov 25 2025,36,137,6,6,521,1601,630,1493,807,1316
21st Nov 25 2025,32,39,5,4,612,1503,701,1416,863,1254
20th Nov 25 2025,41,23,9,3,768,1347,830,1286,901,1215
19th Nov 25 2025,43,41,7,2,797,1316,836,1278,921,1193
18th Nov 25 2025,39,37,12,3,785,1326,843,1269,923,1189
17th Nov 25 2025,98,48,12,3,957,1159,923,1194,969,1148
14th Nov 25 2025,77,42,13,3,882,1226,886,1223,943,1166
13th Nov 25 2025,72,47,13,4,863,1243,878,1229,972,1135
12th Nov 25 2025,108,31,9,4,902,1202,914,1191,979,1126
11th Nov 25 2025,71,56,9,8,754,1351,823,1283,936,1170
10th Nov 25 2025,88,92,12,7,757,1351,825,1284,938,1171
7th Nov 25 2025,74,42,13,3,672,1430,814,1288,935,1167
6th Nov 25 2025,47,148,15,3,609,1492,813,1288,922,1179
4th Nov 25 2025,43,29,17,1,885,1215,974,1126,1025,1075
3rd Nov 25 2025,102,39,19,2,1107,998,1092,1013,1070,1035
31st Oct 25 2025,45,31,13,1,986,1110,1021,1075,1037,1059
30th Oct 25 2025,54,24,11,1,1137,958,1105,990,1067,1028
29th Oct 25 2025,91,26,13,0,1169,925,1107,987,1077,1017
28th Oct 25 2025,64,31,14,1,1013,1086,1003,1096,1038,1061
27th Oct 25 2025,83,36,21,2,1037,1069,1019,1087,1059,1047
24th Oct 25 2025,55,27,18,3,996,1102,986,1112,1023,1075
23rd Oct 25 2025,82,48,20,3,1079,1019,1024,1074,1048,1050
21st Oct 25 2025,59,1,24,0,1128,967,1037,1058,1054,1041
20th Oct 25 2025,98,43,15,3,948,1157,927,1178,1010,1095
17th Oct 25 2025,46,43,12,1,854,1241,869,1226,973,1122
16th Oct 25 2025,80,34,15,2,941,1151,929,1163,1005,1087
15th Oct 25 2025,92,29,14,2,837,1255,883,1209,972,1120
14th Oct 25 2025,43,65,24,3,680,1410,787,1303,931,1159
13th Oct 25 2025,55,43,17,4,867,1228,914,1181,998,1097
10th Oct 25 2025,85,26,19,3,1015,1071,984,1102,1035,1051
9th Oct 25 2025,91,42,30,5,915,1174,934,1155,1012,1077
8th Oct 25 2025,77,26,29,2,824,1262,882,1204,996,1090
7th Oct 25 2025,61,33,23,1,914,1170,939,1145,1014,1070
6th Oct 25 2025,83,35,19,1,946,1140,953,1133,1015,1071
3rd Oct 25 2025,126,14,11,1,920,1159,936,1143,1028,1052
1st Oct 25 2025,127,9,12,1,699,1376,797,1278,970,1106
30th Sep 25 2025,45,28,8,2,491,1578,625,1444,890,1180
29th Sep 25 2025,65,63,15,3,460,1614,633,1441,887,1188
26th Sep 25 2025,15,115,19,1,452,1611,621,1442,891,1173
25th Sep 25 2025,40,34,22,1,753,1309,897,1165,1017,1046
24th Sep 25 2025,53,31,21,2,947,1114,1065,996,1081,981
23rd Sep 25 2025,70,25,23,2,1121,939,1166,894,1123,938
22nd Sep 25 2025,85,39,27,2,1224,843,1213,855,1162,906
19th Sep 25 2025,72,19,20,1,1410,649,1312,749,1184,877
18th Sep 25 2025,60,20,20,1,1454,604,1316,743,1175,884
17th Sep 25 2025,73,19,24,1,1466,589,1308,748,1174,882
16th Sep 25 2025,83,12,19,1,1401,654,1253,803,1145,911
15th Sep 25 2025,90,19,18,1,1318,743,1134,928,1098,964
12th Sep 25 2025,60,12,19,0,1223,833,1084,973,1064,993
11th Sep 25 2025,57,21,26,0,1229,827,1071,986,1051,1006
10th Sep 25 2025,95,20,18,0,1215,841,1061,996,1055,1002
9th Sep 25 2025,71,30,25,0,1028,1027,924,1132,1000,1056
8th Sep 25 2025,131,19,32,1,1019,1040,907,1153,1005,1055
5th Sep 25 2025,90,12,27,1,914,1141,871,1185,964,1092
4th Sep 25 2025,53,29,20,2,948,1106,865,1190,983,1072
3rd Sep 25 2025,113,12,16,0,1054,999,919,1135,996,1058
2nd Sep 25 2025,120,24,11,1,879,1173,795,1259,955,1099
1st Sep 25 2025,128,18,11,3,739,1316,715,1341,918,1138
29th Aug 25 2025,52,23,8,2,518,1530,580,1469,832,1217
28th Aug 25 2025,29,61,6,2,527,1522,596,1454,850,1200
26th Aug 25 2025,29,60,11,3,634,1410,692,1353,911,1134
25th Aug 25 2025,70,36,22,1,946,1102,897,1152,1007,1042
22nd Aug 25 2025,52,16,21,0,920,1123,902,1142,993,1051
21st Aug 25 2025,59,21,20,0,1033,1011,967,1078,1009,1036
20th Aug 25 2025,106,11,20,1,1015,1026,958,1084,1005,1037
19th Aug 25 2025,124,15,20,1,957,1083,907,1134,998,1043
18th Aug 25 2025,150,32,20,2,787,1257,810,1235,952,1093
14th Aug 25 2025,48,76,17,3,551,1486,647,1390,884,1154
13th Aug 25 2025,113,47,11,5,602,1434,686,1350,922,1115
12th Aug 25 2025,77,51,6,5,505,1531,619,1418,890,1147
11th Aug 25 2025,88,64,6,4,442,1595,604,1434,877,1161
8th Aug 25 2025,50,74,8,4,375,1663,550,1488,849,1189
7th Aug 25 2025,55,54,8,5,445,1592,634,1403,929,1108
6th Aug 25 2025,40,74,8,5,459,1576,639,1396,942,1093
5th Aug 25 2025,50,39,9,5,571,1462,733,1300,1001,1032
4th Aug 25 2025,95,49,13,4,578,1457,778,1257,1022,1013
1st Aug 25 2025,35,118,10,0,444,1586,710,1320,979,1051
31st Jul 25 2025,55,49,10,1,585,1442,866,1161,1076,951
30th Jul 25 2025,91,31,10,1,682,1342,985,1039,1112,912
29th Jul 25 2025,115,17,10,1,615,1410,954,1070,1106,919
28th Jul 25 2025,37,117,10,4,493,1536,804,1225,1045,984
25th Jul 25 2025,24,86,9,3,631,1392,1006,1018,1134,890
24th Jul 25 2025,46,36,11,2,964,1060,1306,718,1267,756
23rd Jul 25 2025,50,28,15,2,1088,934,1358,664,1282,740
22nd Jul 25 2025,57,22,16,2,1041,980,1373,649,1281,741
21st Jul 25 2025,70,34,15,3,1136,888,1429,595,1290,734
18th Jul 25 2025,52,19,14,1,1158,860,1470,548,1307,711
17th Jul 25 2025,63,14,15,1,1326,691,1553,464,1336,681
16th Jul 25 2025,88,13,12,0,1335,682,1555,462,1323,694
15th Jul 25 2025,99,8,9,0,1258,759,1494,523,1288,729
14th Jul 25 2025,71,20,16,1,1003,1016,1362,657,1212,807
11th Jul 25 2025,41,15,7,0,992,1024,1398,618,1210,806
10th Jul 25 2025,68,9,12,1,1216,796,1504,508,1262,750
9th Jul 25 2025,73,8,10,1,1248,763,1508,504,1252,760
8th Jul 25 2025,58,16,12,1,1226,787,1497,516,1248,765
7th Jul 25 2025,67,25,19,1,1278,738,1525,491,1261,755
4th Jul 25 2025,69,15,18,1,1377,637,1573,441,1274,740
3rd Jul 25 2025,73,15,20,1,1360,652,1543,469,1256,756
2nd Jul 25 2025,58,19,21,1,1343,666,1532,477,1230,779
1st Jul 25 2025,86,23,28,0,1443,562,1566,439,1245,760
30th Jun 25 2025,119,17,29,0,1475,531,1571,435,1256,750
27th Jun 25 2025,89,13,23,0,1422,580,1533,469,1237,765
26th Jun 25 2025,62,12,22,1,1359,644,1514,489,1205,798
25th Jun 25 2025,154,8,10,1,1356,646,1510,492,1203,799
24th Jun 25 2025,96,16,5,1,1048,955,1348,654,1107,897
23rd Jun 25 2025,71,21,6,1,832,1173,1200,805,1057,949
20th Jun 25 2025,83,12,8,1,834,1167,1234,767,1042,960
19th Jun 25 2025,17,83,6,0,596,1404,1120,880,999,1002
18th Jun 25 2025,41,23,4,0,938,1060,1359,639,1115,884
17th Jun 25 2025,49,39,7,1,1020,978,1411,587,1145,854
16th Jun 25 2025,74,16,10,1,1249,752,1512,489,1192,810
13th Jun 25 2025,38,25,16,1,1189,808,1528,469,1164,834
12th Jun 25 2025,40,47,24,0,1431,565,1602,394,1222,775
11th Jun 25 2025,110,20,25,0,1648,346,1710,284,1298,697
10th Jun 25 2025,104,11,31,1,1644,350,1688,306,1278,717
9th Jun 25 2025,158,10,24,0,1632,365,1672,325,1255,743
6th Jun 25 2025,114,17,21,0,1496,499,1578,417,1176,820
10th Jun 26 2026,45,105,18,7,762,1430,953,1240,944,1249
9th Jun 26 2026,189,30,22,7,932,1268,1115,1087,1002,1200
8th Jun 26 2026,46,167,23,8,694,1508,908,1296,933,1271
5th Jun 26 2026,100,47,33,8,990,1212,1172,1032,1018,1186
4th Jun 26 2026,138,29,34,7,1014,1188,1157,1047,1017,1187
3rd Jun 26 2026,80,56,34,7,914,1288,1152,1052,989,1215
2nd Jun 26 2026,143,31,31,4,991,1211,1200,1004,1007,1197
1st Jun 26 2026,97,170,34,4,868,1334,1131,1072,966,1238
29th May 26 2026,118,143,33,1,1115,1086,1274,928,1022,1180
27th May 26 2026,145,43,46,1,1373,828,1416,786,1093,1109
26th May 26 2026,112,40,47,1,1360,841,1405,797,1070,1132
25th May 26 2026,181,35,45,3,1386,818,1428,776,1059,1145
22nd May 26 2026,85,46,22,3,1099,1103,1261,941,984,1218
21st May 26 2026,131,26,21,3,1065,1137,1248,954,972,1230
20th May 26 2026,98,29,14,5,961,1241,1179,1023,932,1270
19th May 26 2026,138,27,12,5,900,1302,1179,1023,917,1285
18th May 26 2026,61,145,7,15,711,1493,1066,1138,861,1343
15th May 26 2026,66,87,8,10,944,1258,1284,918,940,1262
14th May 26 2026,80,50,5,6,1073,1129,1332,870,972,1230
13th May 26 2026,137,52,18,2,1020,1183,1332,871,960,1243
12th May 26 2026,36,497,16,1,904,1299,1295,908,925,1278
11th May 26 2026,75,140,33,3,1540,666,1644,562,1131,1075
8th May 26 2026,117,43,61,1,1863,341,1836,368,1224,980
7th May 26 2026,219,9,40,3,1958,245,1892,311,1218,985
6th May 26 2026,206,22,28,3,1907,297,1822,382,1140,1064
5th May 26 2026,108,39,21,4,1649,554,1619,584,1065,1138
4th May 26 2026,196,40,29,3,1736,470,1654,552,1038,1168
30th Apr 26 2026,55,47,13,2,1643,560,1576,627,986,1217
29th Apr 26 2026,84,34,15,1,1761,442,1660,543,995,1208
28th Apr 26 2026,85,28,20,1,1773,430,1656,547,999,1204
27th Apr 26 2026,249,15,22,1,1921,285,1724,482,1000,1206
24th Apr 26 2026,38,102,24,3,1703,500,1549,654,902,1301
23rd Apr 26 2026,93,38,34,3,1943,260,1750,453,984,1219
22nd Apr 26 2026,133,23,34,2,2038,165,1861,342,1025,1178
21st Apr 26 2026,124,23,46,3,2065,138,1840,363,981,1222
20th Apr 26 2026,78,53,49,2,2072,132,1800,404,927,1277
17th Apr 26 2026,191,8,78,0,2113,82,1879,316,956,1239
16th Apr 26 2026,141,14,60,0,2076,120,1762,434,863,1333
15th Apr 26 2026,387,8,125,0,2077,118,1688,507,817,1378
13th Apr 26 2026,104,37,91,1,1908,289,1285,912,674,1523
10th Apr 26 2026,243,7,130,1,1982,212,1366,828,676,1518
9th Apr 26 2026,98,30,107,0,1852,344,1029,1167,580,1616
8th Apr 26 2026,912,13,413,0,1934,261,1047,1148,570,1625
7th Apr 26 2026,127,11,59,2,1111,1084,540,1655,437,1758
6th Apr 26 2026,225,12,23,2,957,1237,471,1723,425,1769
2nd Apr 26 2026,186,22,16,3,655,1535,380,1810,382,1808
1st Apr 26 2026,1157,7,10,3,489,1699,339,1849,388,1800
30th Mar 26 2026,32,761,4,38,204,1985,214,1975,319,1870
27th Mar 26 2026,33,651,7,10,296,1888,255,1929,367,1817
25th Mar 26 2026,220,18,6,6,495,1689,333,1851,401,1783
24th Mar 26 2026,299,30,7,7,280,1903,251,1932,356,1827
23rd Mar 26 2026,8,986,5,4,153,2031,172,2012,303,1881
20th Mar 26 2026,103,27,16,3,377,1805,329,1853,403,1779
19th Mar 26 2026,19,306,7,2,269,1911,251,1929,383,1797
18th Mar 26 2026,332,6,7,2,509,1671,394,1786,453,1727
17th Mar 26 2026,102,17,6,6,263,1917,302,1878,409,1771
16th Mar 26 2026,43,122,5,5,191,1991,254,1928,383,1799
13th Mar 26 2026,18,388,8,6,220,1959,298,1881,389,1790
12th Mar 26 2026,61,47,11,5,438,1739,424,1753,455,1722
11th Mar 26 2026,82,53,8,4,444,1733,432,1745,472,1705
10th Mar 26 2026,282,15,8,5,448,1728,441,1736,484,1693
9th Mar 26 2026,25,293,5,12,275,1902,335,1843,419,1759
6th Mar 26 2026,60,43,3,6,393,1780,453,1721,507,1667
5th Mar 26 2026,114,20,8,1,403,1768,470,1702,517,1655
4th Mar 26 2026,48,266,6,3,295,1876,403,1769,475,1697
2nd Mar 26 2026,61,267,5,3,448,1723,494,1678,571,1601
27th Feb 26 2026,42,60,8,1,693,1474,689,1479,674,1494
26th Feb 26 2026,68,21,9,5,835,1332,765,1403,713,1455
25th Feb 26 2026,55,42,5,4,791,1374,750,1416,705,1461
24th Feb 26 2026,24,97,8,3,703,1461,679,1486,690,1475
23rd Feb 26 2026,64,48,5,2,868,1300,791,1378,725,1444
20th Feb 26 2026,52,29,9,4,841,1323,781,1384,716,1449
19th Feb 26 2026,39,53,8,4,808,1354,765,1398,714,1449
18th Feb 26 2026,71,17,4,5,1101,1059,933,1228,780,1381
17th Feb 26 2026,114,19,7,3,1034,1125,867,1293,754,1406
16th Feb 26 2026,52,107,11,3,930,1228,781,1378,732,1427
13th Feb 26 2026,34,165,19,0,959,1196,789,1367,726,1430
12th Feb 26 2026,60,104,26,1,1309,846,1022,1134,795,1360
11th Feb 26 2026,92,67,14,2,1490,664,1118,1037,825,1330
10th Feb 26 2026,139,37,31,1,1579,575,1150,1005,826,1329
9th Feb 26 2026,393,19,51,1,1515,642,1069,1089,811,1347
6th Feb 26 2026,60,77,29,3,1121,1033,767,1388,689,1466
5th Feb 26 2026,56,93,33,6,1159,995,780,1375,698,1457
4th Feb 26 2026,240,57,44,19,1348,806,844,1311,730,1425
3rd Feb 26 2026,528,13,27,18,1146,1009,749,1406,712,1443
2nd Feb 26 2026,77,73,16,19,457,1700,376,1781,540,1617
1st Feb 26 2026,60,239,9,4,438,1718,361,1795,500,1656
30th Jan 26 2026,171,101,15,6,674,1480,502,1652,608,1546
29th Jan 26 2026,142,63,25,5,540,1614,438,1716,576,1578
28th Jan 26 2026,355,23,12,7,545,1608,431,1722,564,1589
27th Jan 26 2026,102,76,4,12,308,1849,326,1831,490,1667
23rd Jan 26 2026,59,213,2,7,275,1878,297,1856,485,1668
22nd Jan 26 2026,183,56,2,5,361,1792,375,1778,554,1599
21st Jan 26 2026,57,149,20,3,230,1922,293,1859,493,1659
20th Jan 26 2026,29,383,24,2,254,1897,318,1833,529,1622
19th Jan 26 2026,41,91,28,3,459,1695,482,1672,633,1521
16th Jan 26 2026,71,35,26,3,538,1611,541,1608,683,1466
14th Jan 26 2026,82,21,6,1,525,1623,561,1587,696,1452
13th Jan 26 2026,70,20,5,1,489,1659,531,1617,686,1462
12th Jan 26 2026,62,73,6,4,428,1723,512,1639,678,1473
9th Jan 26 2026,17,103,4,4,427,1719,542,1604,696,1450
8th Jan 26 2026,16,140,8,4,669,1478,703,1444,782,1365
7th Jan 26 2026,67,18,14,3,1060,1087,917,1230,867,1280
6th Jan 26 2026,45,28,15,1,1026,1120,882,1264,853,1293
5th Jan 26 2026,65,39,14,1,1148,1001,943,1206,880,1269
2nd Jan 26 2026,102,10,13,1,1320,825,962,1183,884,1261
1st Jan 26 2026,64,17,11,2,1077,1068,830,1315,826,1319
31st Dec 25 2025,84,15,10,2,1045,1098,810,1333,823,1320
30th Dec 25 2025,59,33,12,1,773,1368,692,1449,772,1369
29th Dec 25 2025,47,45,16,0,757,1388,722,1423,778,1367
26th Dec 25 2025,66,21,21,0,935,1207,773,1369,807,1335
24th Dec 25 2025,59,15,15,0,1092,1049,813,1328,826,1315
23rd Dec 25 2025,68,16,10,2,1139,1001,819,1321,831,1309
22nd Dec 25 2025,119,14,9,1,1023,1119,760,1382,817,1325
19th Dec 25 2025,91,15,10,0,708,1431,646,1493,774,1365
18th Dec 25 2025,41,29,12,0,493,1644,539,1598,728,1409
17th Dec 25 2025,32,55,13,0,497,1639,572,1564,737,1399
16th Dec 25 2025,37,30,13,0,628,1508,620,1516,769,1367
15th Dec 25 2025,79,20,15,1,750,1385,679,1456,791,1344
12th Dec 25 2025,98,12,8,3,700,1430,657,1474,772,1359
11th Dec 25 2025,76,16,6,4,511,1618,567,1562,738,1392
10th Dec 25 2025,55,29,8,3,391,1734,484,1641,722,1404
9th Dec 25 2025,128,13,1,3,430,1694,519,1605,727,1398
8th Dec 25 2025,19,240,3,3,327,1800,469,1658,701,1427
5th Dec 25 2025,32,38,3,3,545,1576,626,1495,793,1329
4th Dec 25 2025,29,27,3,4,542,1580,646,1476,803,1320
3rd Dec 25 2025,18,39,1,3,546,1575,645,1476,820,1302
2nd Dec 25 2025,30,32,5,2,655,1466,718,1403,840,1282
1st Dec 25 2025,68,37,7,3,742,1382,756,1369,869,1256
28th Nov 25 2025,60,20,4,3,762,1355,770,1348,870,1248
27th Nov 25 2025,56,19,4,3,744,1370,758,1357,863,1252
26th Nov 25 2025,82,14,5,2,746,1367,761,1353,877,1237
25th Nov 25 2025,71,13,7,3,556,1557,648,1466,826,1288
24th Nov 25 2025,36,138,7,6,519,1597,628,1489,806,1311
21st Nov 25 2025,34,39,6,4,610,1499,699,1412,860,1251
20th Nov 25 2025,42,23,10,3,765,1344,827,1283,898,1212
19th Nov 25 2025,44,41,8,2,794,1313,833,1275,917,1191
18th Nov 25 2025,40,36,12,3,781,1324,839,1267,919,1187
17th Nov 25 2025,98,48,12,3,952,1158,918,1193,965,1146
14th Nov 25 2025,77,42,13,3,877,1225,882,1221,939,1164
13th Nov 25 2025,72,47,13,4,859,1241,875,1226,967,1134
12th Nov 25 2025,108,31,9,4,898,1200,911,1188,975,1124
11th Nov 25 2025,71,56,9,8,751,1348,821,1279,933,1167
10th Nov 25 2025,88,92,12,7,753,1349,821,1282,934,1169
7th Nov 25 2025,74,43,13,3,668,1428,809,1287,931,1165
6th Nov 25 2025,47,148,15,3,607,1488,809,1286,918,1177
4th Nov 25 2025,43,30,17,1,881,1213,970,1124,1021,1073
3rd Nov 25 2025,102,39,19,2,1104,995,1088,1011,1066,1033
31st Oct 25 2025,45,31,13,1,983,1107,1018,1072,1034,1056
30th Oct 25 2025,55,24,11,1,1134,955,1101,988,1063,1026
29th Oct 25 2025,91,26,13,0,1165,923,1103,985,1073,1015
28th Oct 25 2025,64,31,14,1,1007,1086,999,1094,1034,1059
27th Oct 25 2025,82,37,21,2,1033,1067,1015,1085,1056,1044
24th Oct 25 2025,55,27,18,3,993,1099,983,1109,1020,1072
23rd Oct 25 2025,83,48,20,3,1076,1016,1021,1071,1045,1047
21st Oct 25 2025,58,1,24,0,1125,965,1034,1056,1051,1039
20th Oct 25 2025,98,43,15,3,945,1154,924,1175,1007,1092
17th Oct 25 2025,46,43,12,1,851,1238,866,1223,970,1119
16th Oct 25 2025,80,33,15,2,937,1149,926,1160,1002,1084
15th Oct 25 2025,91,28,14,2,834,1252,880,1206,969,1117
14th Oct 25 2025,42,65,24,3,678,1406,784,1300,928,1156
13th Oct 25 2025,56,43,17,4,864,1225,911,1178,995,1094
10th Oct 25 2025,84,26,19,3,1012,1069,981,1100,1032,1049
9th Oct 25 2025,91,42,30,5,913,1170,931,1152,1009,1074
8th Oct 25 2025,78,26,29,2,822,1258,880,1200,993,1087
7th Oct 25 2025,61,33,22,1,911,1167,935,1143,1009,1069
6th Oct 25 2025,83,35,19,1,944,1136,951,1129,1012,1068
3rd Oct 25 2025,127,13,11,1,920,1153,933,1140,1024,1050
1st Oct 25 2025,127,8,12,1,698,1371,794,1275,967,1103
30th Sep 25 2025,45,27,8,2,490,1573,623,1440,887,1177
29th Sep 25 2025,65,63,15,3,459,1609,631,1437,883,1186
26th Sep 25 2025,15,115,19,1,451,1606,619,1438,888,1170
25th Sep 25 2025,40,34,22,1,751,1305,892,1164,1013,1044
24th Sep 25 2025,53,31,21,2,943,1112,1058,997,1076,980
23rd Sep 25 2025,70,24,23,2,1115,939,1159,895,1118,937
22nd Sep 25 2025,85,39,27,2,1218,843,1206,856,1157,905
19th Sep 25 2025,71,19,20,1,1403,650,1305,750,1179,876
18th Sep 25 2025,60,20,20,1,1447,605,1309,744,1170,883
17th Sep 25 2025,72,19,24,1,1459,590,1301,749,1168,882
16th Sep 25 2025,82,12,19,1,1395,654,1246,804,1140,910
15th Sep 25 2025,90,19,18,1,1312,743,1128,928,1093,963
12th Sep 25 2025,59,12,18,0,1218,832,1079,972,1060,991
11th Sep 25 2025,57,21,25,0,1224,826,1066,985,1046,1005
10th Sep 25 2025,95,20,18,0,1211,839,1056,995,1050,1001
9th Sep 25 2025,69,30,24,0,1023,1026,919,1131,995,1055
8th Sep 25 2025,129,19,32,1,1013,1040,901,1153,1001,1053
5th Sep 25 2025,90,12,26,1,911,1138,869,1181,960,1090
4th Sep 25 2025,53,28,19,2,945,1103,862,1187,979,1070
3rd Sep 25 2025,113,12,15,0,1050,997,915,1133,991,1057
2nd Sep 25 2025,119,24,10,1,877,1169,791,1257,950,1098
1st Sep 25 2025,127,18,11,3,738,1311,713,1337,915,1135
29th Aug 25 2025,52,23,8,2,518,1524,580,1463,830,1213
28th Aug 25 2025,29,61,6,2,528,1515,595,1449,847,1197
26th Aug 25 2025,29,60,11,3,633,1405,690,1349,908,1131
25th Aug 25 2025,71,36,22,1,945,1097,894,1149,1003,1040
22nd Aug 25 2025,51,17,21,0,918,1119,899,1139,989,1049
21st Aug 25 2025,60,21,21,0,1028,1010,962,1077,1006,1033
20th Aug 25 2025,107,11,21,1,1011,1024,955,1081,1002,1034
19th Aug 25 2025,125,15,21,1,956,1078,904,1131,994,1041
18th Aug 25 2025,151,33,20,2,784,1254,806,1233,949,1090
14th Aug 25 2025,49,76,17,3,550,1481,645,1386,880,1152
13th Aug 25 2025,114,47,11,5,600,1430,683,1347,918,1113
12th Aug 25 2025,78,51,6,5,503,1527,616,1415,886,1145
11th Aug 25 2025,88,64,6,4,440,1591,600,1432,873,1159
8th Aug 25 2025,50,74,8,4,373,1659,547,1485,844,1188
7th Aug 25 2025,55,54,8,5,442,1589,632,1399,925,1106
6th Aug 25 2025,40,74,8,5,457,1572,637,1392,938,1091
5th Aug 25 2025,50,39,9,5,570,1457,730,1297,997,1030
4th Aug 25 2025,95,49,13,4,577,1452,774,1255,1018,1011
1st Aug 25 2025,35,118,10,0,443,1581,707,1317,974,1050
31st Jul 25 2025,55,49,10,1,580,1441,862,1159,1072,949
30th Jul 25 2025,91,31,10,1,680,1338,980,1038,1108,910
29th Jul 25 2025,115,17,10,1,612,1407,950,1068,1103,916
28th Jul 25 2025,37,117,10,4,491,1532,802,1221,1042,981
25th Jul 25 2025,25,86,9,3,629,1388,1003,1015,1130,888
24th Jul 25 2025,46,36,11,2,960,1058,1302,716,1263,754
23rd Jul 25 2025,50,28,15,2,1083,933,1354,662,1277,739
22nd Jul 25 2025,57,20,16,2,1039,976,1368,648,1276,740
21st Jul 25 2025,69,34,15,3,1131,887,1423,595,1285,733
18th Jul 25 2025,51,19,14,1,1155,857,1464,548,1303,709
17th Jul 25 2025,64,14,15,1,1321,690,1549,462,1332,679
16th Jul 25 2025,88,13,12,0,1329,682,1550,461,1319,692
15th Jul 25 2025,99,9,9,0,1255,756,1489,522,1284,727
14th Jul 25 2025,71,20,16,1,1000,1013,1358,655,1208,805
11th Jul 25 2025,40,15,7,0,988,1022,1393,617,1206,804
10th Jul 25 2025,68,9,12,1,1212,794,1499,507,1258,748
9th Jul 25 2025,72,9,10,1,1243,762,1503,503,1248,758
8th Jul 25 2025,57,16,12,1,1222,785,1492,515,1244,763
7th Jul 25 2025,68,25,19,1,1273,737,1520,490,1257,753
4th Jul 25 2025,70,15,18,1,1372,636,1567,441,1270,738
3rd Jul 25 2025,74,15,19,1,1356,650,1537,469,1252,754
2nd Jul 25 2025,57,19,20,1,1339,664,1527,476,1226,777
1st Jul 25 2025,84,23,27,0,1438,561,1560,439,1241,758
30th Jun 25 2025,118,17,30,0,1472,528,1566,434,1252,748
27th Jun 25 2025,89,13,23,0,1421,575,1530,466,1235,761
26th Jun 25 2025,63,12,22,1,1358,639,1511,486,1202,795
25th Jun 25 2025,155,8,10,1,1355,641,1507,489,1200,796
24th Jun 25 2025,97,16,5,1,1047,950,1345,651,1104,894
23rd Jun 25 2025,71,22,6,1,832,1167,1196,803,1054,946
20th Jun 25 2025,82,13,8,1,833,1162,1231,764,1040,956
19th Jun 25 2025,17,84,6,0,596,1398,1118,876,995,1000
18th Jun 25 2025,43,23,5,0,938,1054,1354,638,1112,881
17th Jun 25 2025,50,39,8,1,1019,973,1406,586,1142,851
16th Jun 25 2025,74,16,11,1,1246,749,1507,488,1189,807
13th Jun 25 2025,39,24,17,1,1190,801,1523,468,1161,831
12th Jun 25 2025,41,47,25,0,1425,565,1596,394,1218,773
11th Jun 25 2025,111,20,25,0,1642,346,1704,284,1293,696
10th Jun 25 2025,105,11,31,1,1639,349,1682,306,1274,715
9th Jun 25 2025,157,10,24,0,1628,363,1666,325,1250,742
6th Jun 25 2025,114,17,21,0,1489,500,1572,417,1172,818
5th Jun 25 2025,115,4,16,0,1451,538,1504,485,1123,867
4th Jun 25 2025,98,20,13,0,1369,619,1482,506,1090,899
5th Jun 26 2026,103,50,33,8,1005,1186,1172,1021,1020,1173
4th Jun 26 2026,138,29,34,7,1011,1187,1152,1048,1014,1186
3rd Jun 26 2026,80,55,34,7,912,1286,1147,1053,986,1214
2nd Jun 26 2026,144,31,31,4,988,1210,1194,1006,1003,1197
1st Jun 26 2026,97,171,34,4,864,1334,1125,1074,963,1237
29th May 26 2026,117,143,33,1,1111,1086,1269,929,1019,1179
27th May 26 2026,145,43,46,1,1370,827,1412,786,1090,1108
26th May 26 2026,112,40,47,1,1358,839,1401,797,1066,1132
25th May 26 2026,181,35,45,3,1384,816,1426,774,1056,1144
22nd May 26 2026,84,46,22,3,1096,1102,1258,940,980,1218
21st May 26 2026,131,26,21,3,1062,1136,1244,954,969,1229
20th May 26 2026,98,29,14,5,957,1241,1175,1023,929,1269
19th May 26 2026,138,27,12,5,896,1302,1175,1023,914,1284
18th May 26 2026,61,145,7,15,707,1493,1061,1139,858,1342
15th May 26 2026,66,87,8,10,940,1258,1280,918,937,1261
14th May 26 2026,80,50,5,6,1070,1128,1328,870,969,1229
13th May 26 2026,137,51,17,2,1015,1184,1328,871,957,1242
12th May 26 2026,35,497,15,1,900,1299,1290,909,922,1277
11th May 26 2026,74,140,33,3,1535,667,1640,562,1127,1075
8th May 26 2026,117,42,61,1,1859,341,1834,366,1221,979
7th May 26 2026,218,9,40,3,1956,243,1890,309,1215,984
6th May 26 2026,206,22,28,3,1905,295,1820,380,1137,1063
5th May 26 2026,108,38,21,4,1647,552,1616,583,1062,1137
4th May 26 2026,196,40,29,3,1734,468,1651,551,1036,1166
30th Apr 26 2026,55,47,13,2,1642,557,1573,626,984,1215
29th Apr 26 2026,84,34,15,1,1759,440,1657,542,993,1206
28th Apr 26 2026,85,27,20,1,1771,428,1653,546,997,1202
27th Apr 26 2026,249,15,22,1,1919,283,1722,480,998,1204
24th Apr 26 2026,38,102,24,3,1703,496,1547,652,900,1299
23rd Apr 26 2026,93,38,34,3,1943,256,1748,451,982,1217
22nd Apr 26 2026,133,23,34,2,2036,163,1860,339,1023,1176
21st Apr 26 2026,123,23,46,3,2063,136,1839,360,979,1220
20th Apr 26 2026,78,53,49,2,2071,129,1799,401,925,1275
17th Apr 26 2026,191,8,78,0,2111,80,1878,313,954,1237
16th Apr 26 2026,140,14,60,0,2073,119,1762,430,861,1331
15th Apr 26 2026,387,8,125,0,2076,115,1687,504,815,1376
13th Apr 26 2026,104,36,91,1,1907,286,1286,907,673,1520
10th Apr 26 2026,242,7,130,1,1979,212,1366,825,675,1516
9th Apr 26 2026,98,29,108,0,1850,343,1030,1163,579,1614
8th Apr 26 2026,913,13,413,0,1933,259,1047,1145,568,1624
7th Apr 26 2026,127,11,60,2,1111,1081,540,1652,437,1755
6th Apr 26 2026,224,12,23,2,957,1236,471,1722,425,1768
2nd Apr 26 2026,186,22,16,3,656,1533,380,1809,382,1807
1st Apr 26 2026,1157,7,10,3,490,1697,339,1848,388,1799
30th Mar 26 2026,32,760,4,39,204,1984,214,1974,319,1869
27th Mar 26 2026,33,653,7,10,296,1887,255,1928,367,1816
25th Mar 26 2026,221,18,6,6,496,1687,333,1850,401,1782
24th Mar 26 2026,300,30,7,7,280,1902,251,1931,356,1826
23rd Mar 26 2026,8,988,5,4,153,2030,172,2011,303,1880
20th Mar 26 2026,103,27,16,3,377,1804,329,1852,403,1778
19th Mar 26 2026,19,306,7,2,269,1910,251,1928,383,1796
18th Mar 26 2026,332,6,7,2,509,1670,394,1785,453,1726
17th Mar 26 2026,102,17,6,6,263,1916,302,1877,409,1770
16th Mar 26 2026,43,122,5,5,191,1990,254,1927,383,1798
13th Mar 26 2026,18,388,8,6,221,1957,298,1880,389,1789
12th Mar 26 2026,61,47,11,5,437,1739,423,1753,454,1722
11th Mar 26 2026,81,53,8,4,443,1733,431,1745,471,1705
10th Mar 26 2026,282,15,8,5,447,1728,440,1736,483,1693
9th Mar 26 2026,25,294,5,12,274,1902,334,1843,418,1759
6th Mar 26 2026,61,43,3,6,393,1779,452,1721,506,1667
5th Mar 26 2026,114,20,8,1,402,1768,469,1702,516,1655
4th Mar 26 2026,49,266,6,3,295,1875,403,1768,474,1697
2nd Mar 26 2026,61,267,5,3,447,1723,493,1678,570,1601
27th Feb 26 2026,42,60,8,1,692,1474,688,1479,674,1493
26th Feb 26 2026,67,21,9,5,834,1332,764,1403,712,1455
25th Feb 26 2026,54,42,5,4,790,1374,749,1416,705,1460
24th Feb 26 2026,24,97,8,3,702,1461,678,1486,690,1474
23rd Feb 26 2026,64,48,5,2,868,1299,791,1377,725,1443
20th Feb 26 2026,51,29,9,4,841,1322,780,1384,716,1448
19th Feb 26 2026,38,53,8,4,808,1353,764,1398,714,1448
18th Feb 26 2026,71,17,4,5,1101,1058,933,1227,780,1380
17th Feb 26 2026,114,19,7,3,1034,1124,867,1292,754,1405
16th Feb 26 2026,52,107,11,3,929,1229,780,1379,733,1426
13th Feb 26 2026,34,165,19,0,959,1196,789,1367,727,1429
12th Feb 26 2026,60,104,26,1,1310,845,1023,1133,796,1359
11th Feb 26 2026,92,66,14,2,1491,663,1119,1036,826,1329
10th Feb 26 2026,139,37,31,1,1580,574,1151,1004,826,1329
9th Feb 26 2026,392,19,51,1,1517,640,1070,1088,811,1347
6th Feb 26 2026,60,76,29,3,1122,1032,769,1386,690,1465
5th Feb 26 2026,57,93,33,6,1160,994,781,1374,698,1457
4th Feb 26 2026,241,56,44,18,1350,804,845,1310,730,1425
3rd Feb 26 2026,528,12,27,18,1146,1009,750,1405,712,1443
2nd Feb 26 2026,77,72,16,19,457,1700,376,1781,539,1618
1st Feb 26 2026,61,238,9,4,437,1719,361,1795,499,1657
30th Jan 26 2026,171,102,15,6,673,1481,502,1652,608,1546
29th Jan 26 2026,142,63,25,5,540,1614,438,1716,576,1578
28th Jan 26 2026,355,22,12,6,545,1608,431,1722,564,1589
27th Jan 26 2026,102,75,4,11,308,1849,326,1831,490,1667
23rd Jan 26 2026,59,210,2,6,275,1878,296,1857,485,1668
22nd Jan 26 2026,183,55,2,4,360,1793,373,1780,554,1599
21st Jan 26 2026,57,149,20,2,230,1922,292,1860,493,1659
20th Jan 26 2026,29,383,24,1,254,1897,317,1834,529,1622
19th Jan 26 2026,41,90,28,2,458,1696,481,1673,633,1521
16th Jan 26 2026,71,34,26,2,536,1613,539,1610,683,1466
14th Jan 26 2026,82,20,6,1,523,1625,559,1589,696,1452
13th Jan 26 2026,70,19,5,1,488,1660,530,1618,686,1462
12th Jan 26 2026,62,72,6,4,427,1724,512,1639,678,1473
9th Jan 26 2026,17,103,4,4,426,1720,541,1605,696,1450
8th Jan 26 2026,15,140,7,4,669,1478,703,1444,782,1365
7th Jan 26 2026,67,18,13,3,1060,1087,917,1230,867,1280
6th Jan 26 2026,44,28,14,1,1025,1121,881,1265,853,1293
5th Jan 26 2026,64,39,13,1,1147,1002,942,1207,880,1269
2nd Jan 26 2026,102,10,12,1,1320,825,961,1184,884,1261
1st Jan 26 2026,63,17,10,2,1078,1067,830,1315,826,1319
31st Dec 25 2025,83,15,9,2,1045,1098,810,1333,823,1320
30th Dec 25 2025,58,33,11,1,772,1369,692,1449,772,1369
29th Dec 25 2025,46,44,15,0,756,1389,722,1423,778,1367
26th Dec 25 2025,65,21,20,0,933,1209,771,1371,806,1336
24th Dec 25 2025,58,15,14,0,1091,1050,811,1330,826,1315
23rd Dec 25 2025,67,16,9,2,1138,1002,818,1322,830,1310
22nd Dec 25 2025,118,14,8,1,1022,1120,758,1384,816,1326
19th Dec 25 2025,90,15,9,0,708,1431,645,1494,773,1366
18th Dec 25 2025,40,29,11,0,492,1645,539,1598,728,1409
17th Dec 25 2025,32,55,12,0,496,1640,573,1563,737,1399
16th Dec 25 2025,37,30,13,0,627,1509,621,1515,770,1366
15th Dec 25 2025,79,20,15,1,751,1384,679,1456,792,1343
12th Dec 25 2025,98,12,8,3,701,1429,658,1473,773,1358
11th Dec 25 2025,76,16,6,4,510,1619,567,1562,739,1391
10th Dec 25 2025,55,29,8,3,391,1734,485,1640,723,1403
9th Dec 25 2025,129,13,1,3,430,1694,520,1604,728,1397
8th Dec 25 2025,19,240,3,3,328,1799,470,1657,702,1426
5th Dec 25 2025,32,38,3,3,545,1576,625,1496,793,1329
4th Dec 25 2025,29,27,3,4,542,1580,647,1475,804,1319
3rd Dec 25 2025,18,38,1,3,546,1575,646,1475,821,1301
2nd Dec 25 2025,30,32,5,2,655,1466,718,1403,840,1282
1st Dec 25 2025,67,37,7,3,741,1383,755,1370,869,1256
28th Nov 25 2025,59,20,4,3,761,1356,769,1349,871,1247
27th Nov 25 2025,56,19,4,3,744,1370,758,1357,864,1251
26th Nov 25 2025,81,14,5,2,746,1367,761,1353,878,1236
25th Nov 25 2025,71,13,7,3,557,1556,649,1465,827,1287
24th Nov 25 2025,36,138,7,6,520,1596,629,1488,807,1310
21st Nov 25 2025,34,39,6,4,611,1498,700,1411,861,1250
20th Nov 25 2025,42,23,10,3,766,1343,828,1282,899,1211
19th Nov 25 2025,44,41,8,2,795,1312,834,1274,918,1190
18th Nov 25 2025,40,37,12,3,782,1323,840,1266,920,1186
17th Nov 25 2025,98,48,12,3,954,1156,920,1191,966,1145
14th Nov 25 2025,77,42,13,3,878,1224,883,1220,940,1163
13th Nov 25 2025,72,47,13,4,860,1240,876,1225,968,1133
12th Nov 25 2025,108,31,9,4,899,1199,912,1187,976,1123
11th Nov 25 2025,71,56,9,8,752,1347,821,1279,934,1166
10th Nov 25 2025,88,92,12,7,754,1348,822,1281,934,1169
7th Nov 25 2025,74,43,13,3,670,1426,810,1286,932,1164
6th Nov 25 2025,47,148,15,3,607,1488,810,1285,919,1176
4th Nov 25 2025,43,30,17,1,881,1213,971,1123,1021,1073
3rd Nov 25 2025,102,39,19,2,1104,995,1088,1011,1066,1033
31st Oct 25 2025,45,31,13,1,982,1108,1018,1072,1034,1056
30th Oct 25 2025,55,24,11,1,1134,955,1101,988,1063,1026
29th Oct 25 2025,90,26,13,0,1165,923,1103,985,1073,1015
28th Oct 25 2025,64,31,14,1,1007,1086,1000,1093,1034,1059
27th Oct 25 2025,82,37,21,2,1033,1067,1015,1085,1056,1044
24th Oct 25 2025,55,26,18,3,993,1099,983,1109,1020,1072
23rd Oct 25 2025,82,48,20,3,1075,1017,1021,1071,1045,1047
21st Oct 25 2025,59,1,24,0,1125,965,1034,1056,1051,1039
20th Oct 25 2025,98,43,15,3,945,1154,924,1175,1007,1092
17th Oct 25 2025,46,43,12,1,852,1237,867,1222,970,1119
16th Oct 25 2025,80,33,15,2,937,1149,925,1161,1002,1084
15th Oct 25 2025,91,28,14,2,834,1252,879,1207,969,1117
14th Oct 25 2025,42,65,24,3,678,1406,784,1300,928,1156
13th Oct 25 2025,56,43,17,4,864,1225,911,1178,995,1094
10th Oct 25 2025,84,25,19,3,1012,1069,980,1101,1032,1049
9th Oct 25 2025,91,41,30,5,912,1171,931,1152,1009,1074
8th Oct 25 2025,77,26,29,2,820,1260,878,1202,992,1088
7th Oct 25 2025,60,33,22,1,909,1169,934,1144,1009,1069
6th Oct 25 2025,82,35,19,1,943,1137,950,1130,1012,1068
3rd Oct 25 2025,127,13,11,1,919,1154,932,1141,1024,1050
1st Oct 25 2025,127,8,12,1,698,1371,794,1275,967,1103
30th Sep 25 2025,45,26,8,2,490,1573,622,1441,887,1177
29th Sep 25 2025,65,63,15,3,459,1609,630,1438,883,1186
26th Sep 25 2025,15,114,19,1,451,1606,618,1439,888,1170
25th Sep 25 2025,40,34,22,1,750,1306,893,1163,1013,1044
24th Sep 25 2025,53,31,21,2,942,1113,1059,996,1077,979
23rd Sep 25 2025,70,24,23,2,1117,937,1161,893,1119,936
22nd Sep 25 2025,85,39,27,2,1220,841,1208,854,1158,904
19th Sep 25 2025,71,19,20,1,1405,648,1307,748,1180,875
18th Sep 25 2025,60,20,20,1,1448,604,1311,742,1171,882
17th Sep 25 2025,72,19,24,1,1460,589,1303,747,1170,880
16th Sep 25 2025,82,12,18,1,1397,652,1248,802,1141,909
15th Sep 25 2025,89,20,17,1,1314,741,1130,926,1095,961
12th Sep 25 2025,59,12,18,0,1220,830,1081,970,1061,990
11th Sep 25 2025,58,21,25,0,1226,824,1068,983,1048,1003
10th Sep 25 2025,95,20,18,0,1212,838,1057,994,1051,1000
9th Sep 25 2025,69,30,24,0,1024,1025,920,1130,996,1054
8th Sep 25 2025,129,19,32,1,1013,1040,902,1152,1001,1053
5th Sep 25 2025,90,12,27,1,912,1137,870,1180,960,1090
4th Sep 25 2025,53,29,20,2,947,1101,863,1186,979,1070
3rd Sep 25 2025,113,12,16,0,1052,995,916,1132,992,1056
2nd Sep 25 2025,120,24,11,1,877,1169,791,1257,951,1097
1st Sep 25 2025,128,18,11,3,737,1312,713,1337,915,1135
29th Aug 25 2025,52,23,8,2,517,1525,579,1464,830,1213
28th Aug 25 2025,29,61,6,2,527,1516,594,1450,846,1198
26th Aug 25 2025,29,60,11,3,633,1405,691,1348,907,1132
25th Aug 25 2025,71,36,22,1,944,1098,894,1149,1002,1041
22nd Aug 25 2025,51,17,21,0,917,1120,899,1139,988,1050
21st Aug 25 2025,60,21,20,0,1028,1010,963,1076,1006,1033
20th Aug 25 2025,106,11,20,1,1011,1024,954,1082,1002,1034
19th Aug 25 2025,125,15,20,1,955,1079,904,1131,994,1041
18th Aug 25 2025,151,33,19,2,785,1253,807,1232,949,1090
14th Aug 25 2025,48,76,16,3,549,1482,644,1387,880,1152
13th Aug 25 2025,114,47,11,5,600,1430,683,1347,918,1113
12th Aug 25 2025,78,51,6,5,503,1527,616,1415,887,1144
11th Aug 25 2025,88,64,6,4,441,1590,601,1431,875,1157
8th Aug 25 2025,50,74,8,4,374,1658,548,1484,845,1187
7th Aug 25 2025,55,54,8,5,443,1588,632,1399,925,1106
6th Aug 25 2025,40,74,8,5,457,1572,636,1393,939,1090
5th Aug 25 2025,50,39,9,5,570,1457,729,1298,998,1029
4th Aug 25 2025,95,49,13,4,577,1452,774,1255,1019,1010
1st Aug 25 2025,35,117,10,0,443,1581,707,1317,975,1049
31st Jul 25 2025,54,49,10,1,579,1442,861,1160,1073,948
30th Jul 25 2025,91,31,10,1,680,1338,981,1037,1109,909
29th Jul 25 2025,115,17,10,1,612,1407,950,1068,1104,915
28th Jul 25 2025,37,116,10,4,491,1532,802,1221,1043,980
25th Jul 25 2025,25,86,9,3,629,1388,1004,1014,1131,887
24th Jul 25 2025,46,36,11,2,959,1059,1303,715,1264,753
23rd Jul 25 2025,50,28,15,2,1083,933,1354,662,1278,738
22nd Jul 25 2025,57,20,16,2,1038,977,1368,648,1277,739
21st Jul 25 2025,69,34,15,3,1130,888,1425,593,1286,732
18th Jul 25 2025,51,19,14,1,1155,857,1465,547,1304,708
17th Jul 25 2025,64,14,15,1,1323,688,1550,461,1333,678
16th Jul 25 2025,88,13,12,0,1329,682,1550,461,1320,691
15th Jul 25 2025,99,9,9,0,1257,754,1491,520,1285,726
14th Jul 25 2025,71,20,16,1,1000,1013,1360,653,1209,804
11th Jul 25 2025,40,15,7,0,989,1021,1394,616,1207,803
10th Jul 25 2025,68,9,12,1,1213,793,1500,506,1259,747
9th Jul 25 2025,73,8,10,1,1245,760,1504,502,1249,757
8th Jul 25 2025,58,16,12,1,1222,785,1493,514,1245,762
7th Jul 25 2025,68,25,19,1,1274,736,1521,489,1258,752
4th Jul 25 2025,69,15,18,1,1373,635,1568,440,1271,737
3rd Jul 25 2025,74,14,19,1,1357,649,1539,467,1253,753
2nd Jul 25 2025,57,19,20,1,1340,663,1527,476,1227,776
1st Jul 25 2025,84,23,27,0,1438,561,1561,438,1242,757
30th Jun 25 2025,117,17,30,0,1472,528,1566,434,1253,747
27th Jun 25 2025,88,13,23,0,1422,574,1530,466,1236,760
26th Jun 25 2025,63,11,22,0,1359,638,1511,486,1203,794
25th Jun 25 2025,155,7,10,0,1355,641,1507,489,1201,795
24th Jun 25 2025,97,15,5,1,1046,951,1345,651,1105,893
23rd Jun 25 2025,71,20,6,1,832,1167,1195,804,1055,945
20th Jun 25 2025,81,12,8,1,832,1163,1231,764,1041,955
19th Jun 25 2025,17,83,5,0,595,1399,1118,876,996,999
18th Jun 25 2025,42,23,4,0,936,1056,1354,638,1113,880
17th Jun 25 2025,49,38,7,1,1018,974,1406,586,1143,850
16th Jun 25 2025,73,16,10,1,1246,749,1506,489,1190,806
13th Jun 25 2025,38,24,16,1,1189,802,1522,469,1162,830
12th Jun 25 2025,39,47,23,0,1425,565,1596,394,1218,773
11th Jun 25 2025,112,20,25,0,1642,346,1704,284,1294,695
10th Jun 25 2025,104,11,31,1,1639,349,1682,306,1275,714
9th Jun 25 2025,157,10,24,0,1627,364,1666,325,1252,740
6th Jun 25 2025,114,17,21,0,1490,499,1573,416,1174,816
5th Jun 25 2025,115,4,16,0,1451,538,1504,485,1125,865
4th Jun 25 2025,98,20,13,0,1368,620,1482,506,1092,897
3rd Jun 25 2025,68,23,17,0,1311,676,1476,511,1068,920
2nd Jun 25 2025,124,49,24,0,1422,565,1509,478,1067,921
30th May 25 2025,91,58,27,0,1439,544,1516,467,1063,921
3rd Jun 26 2026,85,55,33,7,923,1267,1138,1054,986,1206
2nd Jun 26 2026,144,31,31,4,990,1207,1195,1004,1002,1197
1st Jun 26 2026,96,170,34,4,866,1331,1127,1071,962,1237
29th May 26 2026,117,142,33,1,1113,1083,1270,927,1018,1179
27th May 26 2026,145,43,46,1,1371,825,1413,784,1089,1108
26th May 26 2026,112,40,47,1,1358,838,1402,795,1065,1132
25th May 26 2026,182,35,45,3,1383,816,1425,774,1055,1144
22nd May 26 2026,83,46,22,3,1095,1102,1257,940,979,1218
21st May 26 2026,131,26,21,3,1062,1135,1243,954,968,1229
20th May 26 2026,98,29,14,5,957,1240,1174,1023,928,1269
19th May 26 2026,138,27,12,5,896,1301,1175,1022,913,1284
18th May 26 2026,61,145,7,15,706,1493,1061,1138,857,1342
15th May 26 2026,66,87,8,10,939,1258,1280,917,936,1261
14th May 26 2026,80,50,5,6,1069,1128,1328,869,968,1229
13th May 26 2026,137,51,17,2,1014,1184,1327,871,956,1242
12th May 26 2026,35,498,15,1,900,1298,1290,908,921,1277
11th May 26 2026,74,140,33,3,1534,667,1639,562,1126,1075
8th May 26 2026,117,42,61,1,1859,340,1832,367,1220,979
7th May 26 2026,218,9,40,3,1956,242,1888,310,1214,984
6th May 26 2026,206,22,28,3,1904,295,1818,381,1136,1063
5th May 26 2026,108,38,21,4,1647,551,1615,583,1061,1137
4th May 26 2026,196,40,29,3,1733,468,1650,551,1035,1166
30th Apr 26 2026,55,47,13,2,1642,556,1572,626,983,1215
29th Apr 26 2026,84,34,15,1,1759,439,1656,542,992,1206
28th Apr 26 2026,85,27,20,1,1771,427,1653,545,996,1202
27th Apr 26 2026,249,15,22,1,1919,282,1722,479,997,1204
24th Apr 26 2026,38,102,24,3,1702,496,1547,651,899,1299
23rd Apr 26 2026,93,38,34,3,1942,256,1747,451,981,1217
22nd Apr 26 2026,133,23,34,2,2035,163,1858,340,1022,1176
21st Apr 26 2026,124,24,46,3,2062,136,1837,361,977,1221
20th Apr 26 2026,78,53,49,2,2070,129,1798,401,923,1276
17th Apr 26 2026,191,8,78,0,2110,80,1876,314,952,1238
16th Apr 26 2026,140,13,60,0,2072,119,1760,431,859,1332
15th Apr 26 2026,387,8,124,0,2075,115,1685,505,813,1377
13th Apr 26 2026,103,36,91,1,1906,286,1285,907,671,1521
10th Apr 26 2026,243,7,130,1,1978,212,1365,825,673,1517
9th Apr 26 2026,97,29,107,0,1849,343,1028,1164,577,1615
8th Apr 26 2026,912,13,413,0,1931,260,1045,1146,566,1625
7th Apr 26 2026,127,11,61,2,1111,1080,539,1652,436,1755
6th Apr 26 2026,225,12,23,2,957,1235,470,1722,424,1768
2nd Apr 26 2026,186,23,16,3,656,1532,379,1809,381,1807
1st Apr 26 2026,1157,7,10,3,490,1696,338,1848,387,1799
30th Mar 26 2026,32,761,4,39,204,1983,213,1974,318,1869
27th Mar 26 2026,33,652,7,10,296,1886,254,1928,366,1816
25th Mar 26 2026,221,18,6,6,495,1687,332,1850,400,1782
24th Mar 26 2026,300,30,7,7,279,1902,250,1931,355,1826
23rd Mar 26 2026,8,989,5,4,152,2030,171,2011,302,1880
20th Mar 26 2026,103,27,16,3,375,1805,328,1852,402,1778
19th Mar 26 2026,19,306,7,2,267,1911,250,1928,382,1796
18th Mar 26 2026,332,6,7,2,507,1671,393,1785,452,1726
17th Mar 26 2026,102,17,6,6,262,1916,301,1877,408,1770
16th Mar 26 2026,43,122,5,5,190,1990,253,1927,382,1798
13th Mar 26 2026,18,387,8,6,220,1957,297,1880,388,1789
12th Mar 26 2026,61,47,11,5,435,1740,421,1754,453,1722
11th Mar 26 2026,81,53,8,4,441,1734,429,1746,470,1705
10th Mar 26 2026,282,15,8,5,445,1729,439,1736,482,1693
9th Mar 26 2026,25,295,5,12,273,1902,333,1843,417,1759
6th Mar 26 2026,61,42,2,6,392,1779,451,1721,505,1667
5th Mar 26 2026,113,20,7,1,401,1768,468,1702,515,1655
4th Mar 26 2026,49,268,6,3,294,1875,402,1768,473,1697
2nd Mar 26 2026,61,268,5,3,446,1723,492,1678,569,1601
27th Feb 26 2026,43,60,8,1,691,1474,687,1479,672,1494
26th Feb 26 2026,67,21,9,5,833,1332,763,1403,711,1455
25th Feb 26 2026,54,41,5,4,790,1373,748,1416,704,1460
24th Feb 26 2026,24,96,8,3,701,1461,677,1486,688,1475
23rd Feb 26 2026,64,48,5,2,866,1300,789,1378,723,1444
20th Feb 26 2026,50,29,9,4,839,1323,779,1384,714,1449
19th Feb 26 2026,38,53,8,4,807,1353,763,1398,712,1449
18th Feb 26 2026,71,17,4,5,1099,1059,931,1228,778,1381
17th Feb 26 2026,113,19,7,3,1032,1125,865,1293,752,1406
16th Feb 26 2026,53,107,11,3,929,1228,779,1379,731,1427
13th Feb 26 2026,34,165,19,0,958,1196,788,1367,725,1430
12th Feb 26 2026,60,104,25,1,1309,845,1021,1134,794,1360
11th Feb 26 2026,91,66,14,2,1490,663,1118,1036,824,1330
10th Feb 26 2026,138,37,31,1,1579,574,1149,1005,824,1330
9th Feb 26 2026,392,19,51,1,1516,640,1069,1088,810,1347
6th Feb 26 2026,60,76,29,3,1121,1032,767,1387,689,1465
5th Feb 26 2026,57,93,33,6,1158,995,780,1374,697,1457
4th Feb 26 2026,241,56,44,18,1348,805,843,1311,729,1425
3rd Feb 26 2026,527,12,27,18,1143,1011,747,1407,711,1443
2nd Feb 26 2026,77,73,16,19,456,1700,375,1781,539,1617
1st Feb 26 2026,61,238,9,4,437,1718,360,1795,499,1656
30th Jan 26 2026,171,102,15,6,673,1480,501,1652,607,1546
29th Jan 26 2026,142,63,25,5,540,1613,437,1716,575,1578
28th Jan 26 2026,356,22,12,6,545,1607,430,1722,563,1589
27th Jan 26 2026,101,76,3,11,307,1849,325,1831,489,1667
23rd Jan 26 2026,58,211,2,6,275,1877,295,1857,484,1668
22nd Jan 26 2026,183,55,2,4,360,1792,372,1780,553,1599
21st Jan 26 2026,57,148,20,2,229,1922,292,1859,492,1659
20th Jan 26 2026,28,383,24,1,253,1897,317,1833,528,1622
19th Jan 26 2026,41,90,28,2,458,1695,481,1672,632,1521
16th Jan 26 2026,71,34,26,2,536,1612,538,1610,682,1466
14th Jan 26 2026,82,19,6,1,523,1624,558,1589,695,1452
13th Jan 26 2026,70,18,5,1,487,1660,529,1618,685,1462
12th Jan 26 2026,62,71,6,4,426,1724,509,1641,677,1473
9th Jan 26 2026,17,102,4,4,425,1720,539,1606,695,1450
8th Jan 26 2026,15,140,6,4,668,1478,700,1446,781,1365
7th Jan 26 2026,67,17,12,3,1057,1089,914,1232,865,1281
6th Jan 26 2026,43,28,13,1,1022,1123,878,1267,852,1293
5th Jan 26 2026,63,39,12,1,1144,1004,939,1209,878,1270
2nd Jan 26 2026,101,10,11,1,1317,827,959,1185,882,1262
1st Jan 26 2026,62,17,9,2,1075,1069,828,1316,824,1320
31st Dec 25 2025,82,15,9,2,1043,1099,808,1334,821,1321
30th Dec 25 2025,57,33,11,1,771,1369,690,1450,771,1369
29th Dec 25 2025,46,46,15,0,756,1388,720,1424,777,1367
26th Dec 25 2025,65,21,20,0,933,1208,770,1371,806,1335
24th Dec 25 2025,58,14,14,0,1090,1050,810,1330,825,1315
23rd Dec 25 2025,67,16,9,2,1137,1002,817,1322,829,1310
22nd Dec 25 2025,117,13,8,1,1021,1120,757,1384,815,1326
19th Dec 25 2025,89,15,9,0,708,1430,644,1494,773,1365
18th Dec 25 2025,40,30,11,0,493,1643,538,1598,727,1409
17th Dec 25 2025,33,55,12,0,498,1637,572,1563,736,1399
16th Dec 25 2025,37,29,13,0,628,1507,620,1515,769,1366
15th Dec 25 2025,79,20,15,0,750,1384,677,1457,791,1343
12th Dec 25 2025,98,11,8,2,699,1430,656,1474,772,1358
11th Dec 25 2025,76,15,6,3,509,1619,565,1563,738,1391
10th Dec 25 2025,55,29,8,2,390,1734,483,1641,721,1404
9th Dec 25 2025,129,12,1,2,429,1694,518,1605,726,1398
8th Dec 25 2025,19,240,3,3,326,1800,468,1658,700,1427
5th Dec 25 2025,32,37,3,2,544,1576,624,1496,793,1328
4th Dec 25 2025,29,27,3,3,540,1581,645,1476,802,1320
3rd Dec 25 2025,17,38,1,3,545,1575,644,1476,819,1302
2nd Dec 25 2025,29,32,5,2,654,1466,717,1403,840,1281
1st Dec 25 2025,69,36,7,2,742,1381,755,1369,869,1255
28th Nov 25 2025,60,18,4,2,760,1356,768,1349,870,1247
27th Nov 25 2025,56,18,4,3,742,1372,756,1359,863,1252
26th Nov 25 2025,81,13,5,2,744,1369,759,1355,876,1238
25th Nov 25 2025,71,13,6,3,555,1558,647,1467,825,1289
24th Nov 25 2025,36,137,6,6,518,1598,627,1490,805,1312
21st Nov 25 2025,33,39,5,4,609,1500,698,1413,859,1252
20th Nov 25 2025,41,23,9,3,764,1345,826,1284,897,1213
19th Nov 25 2025,43,41,7,2,793,1314,832,1276,917,1191
18th Nov 25 2025,39,37,12,3,781,1324,839,1267,919,1187
17th Nov 25 2025,98,47,12,3,953,1157,919,1192,965,1146
14th Nov 25 2025,77,42,13,3,877,1225,882,1221,939,1164
13th Nov 25 2025,72,47,13,4,859,1241,875,1226,967,1134
12th Nov 25 2025,108,31,9,4,898,1200,911,1188,975,1124
11th Nov 25 2025,71,56,9,8,751,1348,820,1280,933,1167
10th Nov 25 2025,88,92,12,7,753,1349,821,1282,934,1169
7th Nov 25 2025,74,43,13,3,670,1426,809,1287,931,1165
6th Nov 25 2025,47,148,15,3,607,1488,809,1286,918,1177
4th Nov 25 2025,43,30,17,1,880,1214,970,1124,1021,1073
3rd Nov 25 2025,102,39,19,2,1103,996,1087,1012,1066,1033
31st Oct 25 2025,45,31,13,1,981,1109,1017,1073,1034,1056
30th Oct 25 2025,55,24,11,1,1133,956,1100,989,1063,1026
29th Oct 25 2025,90,26,13,0,1164,924,1102,986,1073,1015
28th Oct 25 2025,64,31,14,1,1006,1087,999,1094,1034,1059
27th Oct 25 2025,82,37,21,2,1032,1068,1014,1086,1056,1044
24th Oct 25 2025,55,26,18,3,992,1100,982,1110,1020,1072
23rd Oct 25 2025,82,48,20,3,1074,1018,1020,1072,1045,1047
21st Oct 25 2025,59,1,24,0,1124,966,1033,1057,1051,1039
20th Oct 25 2025,98,43,15,3,944,1155,923,1176,1007,1092
17th Oct 25 2025,46,43,12,1,851,1238,866,1223,970,1119
16th Oct 25 2025,80,33,15,2,936,1150,925,1161,1002,1084
15th Oct 25 2025,91,28,14,2,833,1253,879,1207,969,1117
14th Oct 25 2025,42,65,24,3,677,1407,783,1301,928,1156
13th Oct 25 2025,56,42,17,4,863,1226,910,1179,995,1094
10th Oct 25 2025,84,25,19,3,1011,1070,980,1101,1032,1049
9th Oct 25 2025,91,41,30,5,911,1172,931,1152,1009,1074
8th Oct 25 2025,77,26,29,2,820,1260,878,1202,992,1088
7th Oct 25 2025,60,33,22,1,909,1169,934,1144,1009,1069
6th Oct 25 2025,82,35,19,1,943,1137,950,1130,1012,1068
3rd Oct 25 2025,127,13,11,1,920,1153,933,1140,1024,1050
1st Oct 25 2025,127,8,12,1,698,1371,795,1274,967,1103
30th Sep 25 2025,45,26,8,2,490,1573,623,1440,887,1177
29th Sep 25 2025,65,63,15,3,459,1609,631,1437,883,1186
26th Sep 25 2025,15,115,19,1,451,1606,619,1438,888,1170
25th Sep 25 2025,40,34,22,1,751,1305,893,1163,1013,1044
24th Sep 25 2025,53,31,21,2,942,1113,1059,996,1077,979
23rd Sep 25 2025,70,24,23,2,1117,937,1161,893,1119,936
22nd Sep 25 2025,85,39,27,2,1220,841,1208,854,1158,904
19th Sep 25 2025,71,19,20,1,1405,648,1307,748,1180,875
18th Sep 25 2025,60,20,20,1,1448,604,1311,742,1171,882
17th Sep 25 2025,72,20,24,1,1460,589,1303,747,1170,880
16th Sep 25 2025,82,13,19,1,1398,651,1249,801,1142,908
15th Sep 25 2025,91,20,18,1,1315,740,1131,925,1096,960
12th Sep 25 2025,59,12,18,0,1219,831,1080,971,1061,990
11th Sep 25 2025,58,21,25,0,1225,825,1067,984,1048,1003
10th Sep 25 2025,95,20,18,0,1211,839,1057,994,1051,1000
9th Sep 25 2025,70,30,24,0,1024,1025,920,1130,996,1054
8th Sep 25 2025,129,19,32,1,1012,1041,903,1151,1002,1052
5th Sep 25 2025,90,12,27,1,910,1139,870,1180,960,1090
4th Sep 25 2025,53,29,20,2,945,1103,863,1186,979,1070
3rd Sep 25 2025,114,12,16,0,1052,995,917,1131,993,1055
2nd Sep 25 2025,120,24,11,1,878,1168,792,1256,951,1097
1st Sep 25 2025,129,18,11,3,738,1311,714,1336,915,1135
29th Aug 25 2025,52,24,8,2,518,1524,580,1463,830,1213
28th Aug 25 2025,29,62,6,2,527,1516,595,1449,847,1197
26th Aug 25 2025,29,60,11,3,634,1404,691,1348,908,1131
25th Aug 25 2025,70,36,22,1,944,1098,895,1148,1003,1040
22nd Aug 25 2025,51,17,21,0,918,1119,900,1138,989,1049
21st Aug 25 2025,61,21,21,0,1029,1009,964,1075,1007,1032
20th Aug 25 2025,106,11,21,1,1012,1023,955,1081,1003,1033
19th Aug 25 2025,125,15,21,1,955,1079,904,1131,995,1040
18th Aug 25 2025,152,32,20,2,786,1252,808,1231,950,1089
14th Aug 25 2025,49,76,17,3,550,1481,645,1386,881,1151
13th Aug 25 2025,114,47,11,5,601,1429,684,1346,918,1113
12th Aug 25 2025,78,51,6,5,505,1525,617,1414,887,1144
11th Aug 25 2025,88,64,6,4,441,1590,602,1430,875,1157
8th Aug 25 2025,50,74,8,4,375,1657,549,1483,845,1187
7th Aug 25 2025,55,54,8,5,444,1587,633,1398,924,1107
6th Aug 25 2025,40,73,8,5,459,1570,638,1391,939,1090
5th Aug 25 2025,50,39,9,5,571,1456,730,1297,998,1029
4th Aug 25 2025,96,49,13,4,577,1452,774,1255,1019,1010
1st Aug 25 2025,35,117,10,0,443,1581,707,1317,974,1050
31st Jul 25 2025,54,49,10,1,579,1442,861,1160,1072,949
30th Jul 25 2025,91,31,10,1,680,1338,980,1038,1108,910
29th Jul 25 2025,115,17,10,1,612,1407,950,1068,1103,916
28th Jul 25 2025,37,116,10,4,490,1533,802,1221,1042,981
25th Jul 25 2025,24,86,9,3,629,1388,1002,1016,1130,888
24th Jul 25 2025,46,36,11,2,959,1059,1302,716,1263,754
23rd Jul 25 2025,50,28,15,2,1082,934,1354,662,1277,739
22nd Jul 25 2025,57,20,16,2,1037,978,1367,649,1276,740
21st Jul 25 2025,69,34,15,3,1130,888,1424,594,1285,733
18th Jul 25 2025,51,19,14,1,1154,858,1465,547,1303,709
17th Jul 25 2025,63,14,15,1,1321,690,1549,462,1332,679
16th Jul 25 2025,88,13,12,0,1329,682,1550,461,1319,692
15th Jul 25 2025,99,8,9,0,1256,755,1490,521,1284,727
14th Jul 25 2025,70,20,16,1,999,1014,1358,655,1208,805
11th Jul 25 2025,40,15,7,0,989,1021,1394,616,1206,804
10th Jul 25 2025,68,9,12,1,1213,793,1500,506,1258,748
9th Jul 25 2025,73,8,10,1,1246,759,1504,502,1248,758
8th Jul 25 2025,58,16,12,1,1222,785,1493,514,1244,763
7th Jul 25 2025,68,25,19,1,1274,736,1521,489,1257,753
4th Jul 25 2025,70,15,18,1,1373,635,1568,440,1270,738
3rd Jul 25 2025,74,14,19,1,1356,650,1538,468,1252,754
2nd Jul 25 2025,57,19,20,1,1339,664,1527,476,1226,777
1st Jul 25 2025,84,23,27,0,1438,561,1561,438,1241,758
30th Jun 25 2025,117,17,30,0,1472,528,1566,434,1252,748
27th Jun 25 2025,88,13,23,0,1421,575,1529,467,1235,761
26th Jun 25 2025,63,11,22,0,1358,639,1510,487,1202,795
25th Jun 25 2025,155,7,10,0,1354,642,1506,490,1200,796
24th Jun 25 2025,97,15,5,1,1045,952,1344,652,1104,894
23rd Jun 25 2025,71,20,6,1,830,1169,1194,805,1054,946
20th Jun 25 2025,82,12,8,1,831,1164,1230,765,1040,956
19th Jun 25 2025,17,83,5,0,594,1400,1117,877,995,1000
18th Jun 25 2025,41,23,4,0,936,1056,1354,638,1112,881
17th Jun 25 2025,49,39,7,1,1018,974,1406,586,1142,851
16th Jun 25 2025,73,16,10,1,1246,749,1506,489,1189,807
13th Jun 25 2025,38,24,16,1,1190,801,1522,469,1161,831
12th Jun 25 2025,40,47,24,0,1425,565,1596,394,1218,773
11th Jun 25 2025,112,20,25,0,1642,346,1704,284,1293,696
10th Jun 25 2025,105,11,31,1,1639,349,1682,306,1274,715
9th Jun 25 2025,157,10,24,0,1626,365,1667,324,1251,741
6th Jun 25 2025,114,17,21,0,1490,499,1573,416,1174,816
5th Jun 25 2025,115,4,16,0,1451,538,1504,485,1124,866
4th Jun 25 2025,98,19,13,0,1369,619,1483,505,1091,898
3rd Jun 25 2025,68,23,17,0,1310,677,1475,512,1067,921
2nd Jun 25 2025,123,49,24,0,1422,565,1509,478,1067,921
30th May 25 2025,91,58,27,0,1440,543,1517,466,1063,921
29th May 25 2025,102,41,33,0,1504,478,1536,446,1100,883
28th May 25 2025,99,32,24,1,1540,441,1549,432,1081,901
29th May 26 2026,116,159,33,2,1112,1067,1266,914,1015,1165
27th May 26 2026,145,43,47,1,1361,825,1403,784,1079,1108
26th May 26 2026,110,41,47,1,1349,836,1392,794,1054,1132
25th May 26 2026,177,34,45,2,1374,813,1416,771,1044,1143
22nd May 26 2026,83,45,22,3,1088,1098,1247,939,969,1217
21st May 26 2026,131,26,21,3,1051,1135,1234,952,958,1228
20th May 26 2026,97,28,14,5,948,1238,1165,1021,918,1268
19th May 26 2026,138,27,12,5,890,1297,1166,1021,905,1282
18th May 26 2026,62,140,7,14,698,1490,1051,1137,849,1339
15th May 26 2026,66,87,8,10,932,1255,1270,917,926,1261
14th May 26 2026,80,48,5,6,1058,1129,1318,869,958,1229
13th May 26 2026,138,51,16,2,1005,1183,1321,867,947,1241
12th May 26 2026,33,496,14,1,890,1298,1280,908,911,1277
11th May 26 2026,73,138,33,3,1525,665,1631,559,1117,1073
8th May 26 2026,116,42,60,1,1851,338,1826,363,1210,979
7th May 26 2026,216,9,40,3,1947,241,1883,305,1204,984
6th May 26 2026,206,21,28,3,1895,294,1810,379,1125,1064
5th May 26 2026,108,38,21,4,1640,548,1609,579,1048,1140
4th May 26 2026,192,39,29,3,1727,463,1644,546,1024,1166
30th Apr 26 2026,54,46,13,2,1635,553,1565,623,974,1214
29th Apr 26 2026,83,34,15,1,1752,436,1649,539,982,1206
28th Apr 26 2026,83,24,20,1,1764,424,1646,542,985,1203
27th Apr 26 2026,248,12,22,1,1914,276,1716,474,985,1205
24th Apr 26 2026,36,99,20,1,1696,492,1541,647,889,1299
23rd Apr 26 2026,89,38,30,1,1937,251,1743,445,972,1216
22nd Apr 26 2026,134,22,28,0,2032,156,1857,331,1011,1177
21st Apr 26 2026,118,24,40,1,2058,130,1836,352,968,1220
20th Apr 26 2026,73,50,43,0,2065,124,1796,393,916,1273
17th Apr 26 2026,187,8,78,0,2110,78,1881,307,948,1240
16th Apr 26 2026,137,15,58,0,2071,117,1761,427,858,1330
15th Apr 26 2026,386,8,124,0,2074,113,1686,501,811,1376
13th Apr 26 2026,101,34,89,0,1906,283,1284,905,669,1520
10th Apr 26 2026,241,7,129,0,1974,213,1364,823,670,1517
9th Apr 26 2026,96,30,106,0,1845,344,1027,1162,574,1615
8th Apr 26 2026,914,12,414,0,1929,260,1043,1146,564,1625
7th Apr 26 2026,126,10,60,2,1109,1080,539,1650,433,1756
6th Apr 26 2026,222,11,25,2,955,1234,467,1722,421,1768
2nd Apr 26 2026,183,23,18,3,655,1535,377,1813,381,1809
1st Apr 26 2026,1158,7,12,3,492,1697,338,1851,388,1801
30th Mar 26 2026,34,761,6,38,203,1987,212,1978,318,1872
27th Mar 26 2026,35,654,8,10,298,1889,255,1932,367,1820
25th Mar 26 2026,224,19,6,6,499,1688,334,1853,400,1787
24th Mar 26 2026,302,30,7,7,282,1904,250,1936,356,1830
23rd Mar 26 2026,7,988,5,3,149,2036,169,2016,302,1883
20th Mar 26 2026,102,27,16,3,377,1807,328,1856,401,1783
19th Mar 26 2026,19,305,7,2,270,1913,253,1930,382,1801
18th Mar 26 2026,334,6,7,2,511,1672,396,1787,453,1730
17th Mar 26 2026,102,16,6,6,263,1920,303,1880,410,1773
16th Mar 26 2026,42,121,5,4,192,1991,255,1928,382,1801
13th Mar 26 2026,18,386,8,6,219,1963,297,1885,388,1794
12th Mar 26 2026,60,47,11,5,436,1746,423,1759,455,1727
11th Mar 26 2026,81,53,8,4,443,1738,431,1750,471,1710
10th Mar 26 2026,282,15,8,5,449,1731,442,1739,483,1698
9th Mar 26 2026,25,292,5,11,273,1906,333,1847,417,1763
6th Mar 26 2026,61,43,2,6,394,1784,453,1726,507,1672
5th Mar 26 2026,113,19,7,1,403,1772,469,1707,516,1660
4th Mar 26 2026,48,265,7,3,296,1879,403,1773,474,1702
2nd Mar 26 2026,62,266,5,3,448,1725,493,1681,569,1605
27th Feb 26 2026,44,60,8,1,696,1475,688,1484,675,1497
26th Feb 26 2026,68,21,9,5,838,1333,765,1407,713,1459
25th Feb 26 2026,55,42,5,5,794,1375,748,1422,705,1465
24th Feb 26 2026,24,96,8,4,701,1467,677,1492,689,1480
23rd Feb 26 2026,64,48,5,2,868,1302,791,1380,723,1448
20th Feb 26 2026,51,29,9,5,842,1326,780,1389,715,1454
19th Feb 26 2026,38,54,8,5,808,1358,762,1405,713,1454
18th Feb 26 2026,71,17,4,5,1102,1062,932,1233,779,1386
17th Feb 26 2026,113,19,7,3,1038,1125,867,1297,753,1411
16th Feb 26 2026,52,107,11,3,929,1232,777,1385,731,1431
13th Feb 26 2026,34,166,19,0,958,1202,786,1375,726,1435
12th Feb 26 2026,60,104,25,1,1313,847,1022,1139,795,1365
11th Feb 26 2026,90,66,14,2,1494,665,1118,1042,826,1334
10th Feb 26 2026,139,37,31,1,1582,577,1151,1009,826,1334
9th Feb 26 2026,391,18,51,1,1519,641,1069,1092,812,1349
6th Feb 26 2026,59,76,29,3,1123,1036,768,1392,691,1469
5th Feb 26 2026,55,94,34,6,1160,999,779,1381,700,1460
4th Feb 26 2026,241,55,45,18,1353,806,846,1314,733,1427
3rd Feb 26 2026,527,12,28,18,1148,1012,749,1411,713,1447
2nd Feb 26 2026,78,74,16,19,456,1705,373,1788,539,1622
1st Feb 26 2026,62,237,8,4,436,1724,360,1800,500,1660
30th Jan 26 2026,172,100,14,6,672,1486,501,1657,609,1549
29th Jan 26 2026,140,64,23,5,536,1622,436,1722,577,1581
28th Jan 26 2026,355,21,12,6,542,1615,429,1728,565,1592
27th Jan 26 2026,98,75,3,11,306,1854,323,1837,490,1670
23rd Jan 26 2026,58,210,2,6,274,1883,295,1862,486,1671
22nd Jan 26 2026,183,55,2,4,360,1797,373,1784,555,1602
21st Jan 26 2026,57,149,20,2,229,1927,292,1864,494,1662
20th Jan 26 2026,28,384,24,1,253,1902,317,1838,530,1625
19th Jan 26 2026,41,91,28,2,456,1701,480,1677,633,1524
16th Jan 26 2026,71,32,26,2,537,1616,541,1612,684,1469
14th Jan 26 2026,82,19,6,1,523,1629,560,1592,697,1455
13th Jan 26 2026,71,17,5,1,487,1665,530,1622,687,1465
12th Jan 26 2026,62,71,6,4,426,1728,510,1644,678,1476
9th Jan 26 2026,17,100,4,4,425,1725,540,1610,697,1453
8th Jan 26 2026,14,141,6,4,669,1482,703,1448,783,1368
7th Jan 26 2026,66,17,13,3,1062,1089,918,1233,870,1281
6th Jan 26 2026,43,29,14,1,1029,1121,884,1266,856,1294
5th Jan 26 2026,63,38,13,1,1149,1003,943,1209,883,1269
2nd Jan 26 2026,102,11,11,1,1322,827,963,1186,887,1262
1st Jan 26 2026,62,17,9,2,1079,1071,833,1317,829,1321
31st Dec 25 2025,83,15,9,2,1048,1100,812,1336,824,1324
30th Dec 25 2025,58,35,11,1,773,1373,694,1452,773,1373
29th Dec 25 2025,45,45,15,0,757,1393,723,1427,779,1371
26th Dec 25 2025,65,22,20,0,933,1214,773,1374,807,1340
24th Dec 25 2025,58,14,14,0,1093,1053,813,1333,828,1318
23rd Dec 25 2025,67,15,9,2,1139,1007,819,1327,832,1314
22nd Dec 25 2025,118,13,8,1,1023,1125,758,1390,819,1329
19th Dec 25 2025,90,15,9,0,709,1436,647,1498,775,1370
18th Dec 25 2025,40,29,11,0,492,1651,542,1601,731,1412
17th Dec 25 2025,31,55,12,0,494,1648,573,1569,740,1402
16th Dec 25 2025,37,29,13,0,628,1514,623,1519,773,1369
15th Dec 25 2025,79,19,15,0,751,1390,682,1459,796,1345
12th Dec 25 2025,100,11,8,2,702,1434,659,1478,777,1360
11th Dec 25 2025,75,15,5,3,508,1627,568,1567,742,1394
10th Dec 25 2025,54,29,8,2,392,1739,487,1644,726,1406
9th Dec 25 2025,129,12,1,2,431,1700,525,1606,732,1400
8th Dec 25 2025,19,240,3,2,328,1805,471,1662,704,1430
5th Dec 25 2025,32,37,3,2,549,1579,629,1499,798,1331
4th Dec 25 2025,28,26,3,3,545,1584,651,1478,809,1321
3rd Dec 25 2025,18,38,1,3,551,1577,651,1477,826,1303
2nd Dec 25 2025,30,31,5,2,659,1469,724,1404,845,1284
1st Dec 25 2025,66,34,7,3,742,1388,759,1372,872,1259
28th Nov 25 2025,57,19,4,3,765,1359,775,1350,875,1250
27th Nov 25 2025,54,19,4,3,747,1375,765,1358,868,1255
26th Nov 25 2025,82,13,5,2,753,1368,768,1354,882,1240
25th Nov 25 2025,73,12,7,3,564,1557,655,1467,831,1291
24th Nov 25 2025,36,136,7,6,524,1599,635,1489,810,1314
21st Nov 25 2025,34,38,6,4,616,1501,707,1412,865,1254
20th Nov 25 2025,42,23,10,3,771,1345,834,1283,905,1212
19th Nov 25 2025,44,41,7,2,802,1312,841,1274,923,1192
18th Nov 25 2025,39,35,12,3,788,1324,846,1267,923,1190
17th Nov 25 2025,97,48,12,3,958,1158,924,1193,971,1146
14th Nov 25 2025,77,42,13,3,883,1226,888,1222,945,1165
13th Nov 25 2025,74,46,13,4,866,1241,884,1224,973,1135
12th Nov 25 2025,106,31,9,4,904,1201,917,1189,981,1125
11th Nov 25 2025,70,56,9,8,758,1349,829,1279,939,1169
10th Nov 25 2025,85,92,12,7,759,1350,829,1281,939,1171
7th Nov 25 2025,74,41,13,2,674,1430,818,1286,936,1168
6th Nov 25 2025,47,147,15,2,613,1490,817,1286,924,1179
4th Nov 25 2025,43,30,17,0,888,1214,979,1123,1028,1074
3rd Nov 25 2025,102,38,19,1,1112,994,1096,1010,1071,1035
31st Oct 25 2025,48,31,13,1,992,1106,1028,1070,1040,1058
30th Oct 25 2025,54,24,11,1,1142,957,1110,989,1070,1029
29th Oct 25 2025,92,25,13,0,1177,921,1113,985,1080,1018
28th Oct 25 2025,65,30,14,1,1012,1091,1009,1094,1041,1062
27th Oct 25 2025,82,38,21,1,1038,1071,1021,1088,1062,1047
24th Oct 25 2025,53,27,18,3,1000,1103,989,1114,1027,1076
23rd Oct 25 2025,82,48,20,3,1083,1020,1029,1074,1053,1050
21st Oct 25 2025,58,2,24,0,1137,964,1041,1060,1059,1042
20th Oct 25 2025,99,43,16,2,953,1155,930,1178,1014,1094
17th Oct 25 2025,47,42,13,1,860,1240,874,1226,978,1122
16th Oct 25 2025,81,33,16,2,943,1154,931,1166,1010,1087
15th Oct 25 2025,92,28,15,2,841,1256,884,1213,977,1120
14th Oct 25 2025,44,64,24,3,685,1410,791,1304,936,1159
13th Oct 25 2025,56,43,17,4,871,1227,916,1182,1002,1096
10th Oct 25 2025,87,26,19,3,1020,1072,987,1105,1040,1052
9th Oct 25 2025,92,41,31,5,918,1176,938,1156,1017,1077
8th Oct 25 2025,78,26,30,2,827,1264,884,1207,999,1092
7th Oct 25 2025,60,33,22,1,914,1175,940,1149,1015,1074
6th Oct 25 2025,82,35,19,1,949,1140,955,1134,1017,1072
3rd Oct 25 2025,128,13,11,1,926,1160,940,1146,1030,1057
1st Oct 25 2025,127,9,12,1,700,1383,797,1286,973,1111
30th Sep 25 2025,45,28,8,2,493,1584,626,1451,892,1186
29th Sep 25 2025,66,63,14,3,461,1619,632,1448,887,1194
26th Sep 25 2025,15,116,19,1,452,1619,619,1452,894,1178
25th Sep 25 2025,41,34,22,1,755,1315,898,1172,1020,1051
24th Sep 25 2025,55,30,21,2,949,1120,1066,1003,1085,985
23rd Sep 25 2025,70,25,23,2,1122,946,1167,901,1127,942
22nd Sep 25 2025,84,40,26,2,1223,851,1213,862,1168,907
19th Sep 25 2025,73,21,21,1,1411,657,1312,758,1190,880
18th Sep 25 2025,60,20,20,1,1456,611,1317,751,1181,887
17th Sep 25 2025,75,18,24,1,1471,593,1310,755,1178,887
16th Sep 25 2025,82,12,18,1,1408,656,1254,811,1149,916
15th Sep 25 2025,90,20,16,1,1321,747,1135,934,1101,968
12th Sep 25 2025,57,12,17,0,1223,840,1083,981,1067,997
11th Sep 25 2025,56,22,24,0,1228,835,1068,996,1052,1012
10th Sep 25 2025,92,20,18,0,1216,847,1058,1006,1054,1010
9th Sep 25 2025,65,30,24,0,1027,1035,921,1142,998,1065
8th Sep 25 2025,129,18,32,1,1017,1049,903,1164,1005,1062
5th Sep 25 2025,91,13,26,1,915,1147,871,1192,965,1098
4th Sep 25 2025,52,27,19,2,951,1110,866,1196,983,1079
3rd Sep 25 2025,113,11,15,0,1056,1004,918,1143,996,1065
2nd Sep 25 2025,121,24,10,1,880,1179,792,1269,955,1106
1st Sep 25 2025,127,17,11,2,741,1321,714,1349,919,1144
29th Aug 25 2025,52,23,8,2,519,1537,582,1475,836,1221
28th Aug 25 2025,30,61,6,2,530,1527,597,1461,852,1206
26th Aug 25 2025,30,62,11,3,636,1416,693,1360,913,1140
25th Aug 25 2025,72,34,22,0,952,1103,901,1155,1009,1047
22nd Aug 25 2025,53,17,21,0,922,1129,905,1147,995,1057
21st Aug 25 2025,59,21,20,0,1032,1020,968,1085,1012,1041
20th Aug 25 2025,107,11,20,1,1017,1032,959,1091,1008,1042
19th Aug 25 2025,126,15,20,1,962,1086,909,1140,1000,1049
18th Aug 25 2025,152,32,19,1,788,1263,813,1239,955,1097
14th Aug 25 2025,49,76,16,3,553,1492,648,1397,886,1160
13th Aug 25 2025,115,48,11,5,602,1442,685,1359,924,1121
12th Aug 25 2025,80,51,6,5,504,1540,621,1424,893,1152
11th Aug 25 2025,89,65,6,3,442,1602,604,1441,881,1164
8th Aug 25 2025,50,75,8,4,376,1670,549,1497,851,1195
7th Aug 25 2025,55,54,8,5,444,1602,635,1411,933,1113
6th Aug 25 2025,39,74,8,5,459,1585,639,1405,946,1098
5th Aug 25 2025,50,40,9,5,573,1468,734,1307,1004,1037
4th Aug 25 2025,95,48,13,4,581,1461,779,1263,1027,1015
1st Aug 25 2025,35,118,10,0,448,1591,715,1324,982,1057
31st Jul 25 2025,54,49,10,1,582,1453,866,1169,1080,955
30th Jul 25 2025,92,31,10,1,687,1346,987,1046,1117,916
29th Jul 25 2025,118,17,10,1,617,1416,955,1077,1112,921
28th Jul 25 2025,37,117,10,4,495,1541,806,1230,1053,983
25th Jul 25 2025,25,86,9,3,634,1397,1009,1023,1141,891
24th Jul 25 2025,46,36,11,2,963,1069,1310,722,1274,757
23rd Jul 25 2025,51,28,15,2,1091,939,1361,669,1288,742
22nd Jul 25 2025,59,20,16,2,1043,986,1376,654,1286,744
21st Jul 25 2025,70,36,15,4,1137,894,1432,599,1296,735
18th Jul 25 2025,50,20,14,1,1162,864,1472,554,1314,712
17th Jul 25 2025,64,15,15,1,1332,693,1557,468,1343,682
16th Jul 25 2025,88,13,12,0,1337,688,1557,468,1330,695
15th Jul 25 2025,99,10,9,0,1261,764,1500,525,1296,729
14th Jul 25 2025,72,19,17,1,1003,1023,1369,657,1220,806
11th Jul 25 2025,42,15,8,0,999,1025,1404,620,1219,805
10th Jul 25 2025,69,10,13,1,1221,799,1510,510,1271,749
9th Jul 25 2025,74,8,10,1,1253,766,1514,506,1261,759
8th Jul 25 2025,57,16,12,1,1226,795,1503,518,1256,765
7th Jul 25 2025,69,25,19,1,1278,745,1530,493,1269,754
4th Jul 25 2025,66,15,17,1,1378,643,1576,445,1282,739
3rd Jul 25 2025,72,13,19,1,1364,655,1548,471,1264,755
2nd Jul 25 2025,55,19,20,1,1348,668,1537,479,1238,778
1st Jul 25 2025,82,22,27,0,1447,565,1571,441,1253,759
30th Jun 25 2025,116,17,30,0,1481,532,1578,435,1264,749
27th Jun 25 2025,88,13,23,0,1431,578,1541,468,1247,762
26th Jun 25 2025,64,11,22,0,1369,641,1523,487,1214,796
25th Jun 25 2025,156,7,10,0,1366,643,1518,491,1213,796
24th Jun 25 2025,98,15,5,1,1057,953,1356,653,1117,894
23rd Jun 25 2025,71,21,6,1,840,1172,1205,807,1067,946
20th Jun 25 2025,81,12,8,1,839,1169,1242,766,1053,956
19th Jun 25 2025,18,83,6,0,600,1407,1129,878,1008,1000
18th Jun 25 2025,43,24,5,0,944,1061,1365,640,1125,881
17th Jun 25 2025,50,38,8,1,1027,978,1418,587,1155,851
16th Jun 25 2025,76,16,10,1,1257,751,1517,491,1201,808
13th Jun 25 2025,40,23,17,1,1199,805,1532,472,1173,832
12th Jun 25 2025,40,48,23,0,1434,569,1605,398,1229,775
11th Jun 25 2025,113,20,26,0,1651,350,1715,286,1305,697
10th Jun 25 2025,105,11,31,1,1649,352,1692,309,1285,717
9th Jun 25 2025,158,10,24,0,1636,368,1676,328,1262,743
6th Jun 25 2025,115,18,21,0,1498,504,1583,419,1183,820
5th Jun 25 2025,116,5,15,0,1457,545,1513,489,1134,869
4th Jun 25 2025,98,20,13,0,1374,627,1491,510,1101,901
3rd Jun 25 2025,67,23,17,0,1319,681,1486,514,1076,925
2nd Jun 25 2025,123,49,24,0,1430,570,1520,480,1076,925
30th May 25 2025,91,58,28,0,1450,547,1529,468,1072,926
29th May 25 2025,103,42,34,0,1516,480,1548,448,1110,887
28th May 25 2025,99,32,24,1,1553,442,1562,433,1090,906
27th May 25 2025,80,27,26,1,1596,398,1588,407,1097,898
26th May 25 2025,115,40,19,0,1639,358,1623,375,1079,919
23rd May 25 2025,83,29,22,1,1644,348,1613,380,1059,934
22nd May 26 2026,81,49,21,3,1094,1085,1248,931,968,1211
21st May 26 2026,130,26,21,3,1051,1134,1232,953,956,1229
20th May 26 2026,98,28,14,5,950,1235,1164,1021,917,1268
19th May 26 2026,139,27,12,5,889,1297,1165,1021,904,1282
18th May 26 2026,62,139,7,14,696,1491,1051,1136,848,1339
15th May 26 2026,65,87,8,10,932,1254,1268,918,924,1262
14th May 26 2026,80,48,5,6,1057,1129,1316,870,956,1230
13th May 26 2026,137,52,16,2,1003,1184,1318,869,944,1243
12th May 26 2026,33,496,14,1,888,1299,1277,910,908,1279
11th May 26 2026,72,138,33,3,1525,664,1630,559,1115,1074
8th May 26 2026,116,42,60,1,1850,338,1826,362,1207,981
7th May 26 2026,217,8,40,3,1945,242,1882,305,1201,986
6th May 26 2026,207,20,28,3,1894,294,1809,379,1123,1065
5th May 26 2026,109,37,20,4,1642,545,1610,577,1045,1142
4th May 26 2026,191,40,28,3,1729,460,1645,544,1022,1167
30th Apr 26 2026,53,46,13,2,1635,552,1566,621,972,1215
29th Apr 26 2026,85,34,16,1,1753,434,1648,539,980,1207
28th Apr 26 2026,84,24,21,1,1765,422,1645,542,982,1205
27th Apr 26 2026,250,12,23,1,1913,276,1715,474,984,1205
24th Apr 26 2026,37,99,21,1,1695,492,1540,647,887,1300
23rd Apr 26 2026,90,38,31,1,1934,253,1742,445,970,1217
22nd Apr 26 2026,135,22,28,0,2029,158,1856,331,1009,1178
21st Apr 26 2026,118,24,40,1,2056,131,1836,351,965,1222
20th Apr 26 2026,73,50,42,0,2065,123,1797,391,913,1275
17th Apr 26 2026,187,8,77,0,2109,78,1881,306,945,1242
16th Apr 26 2026,137,15,57,0,2070,117,1760,427,855,1332
15th Apr 26 2026,386,8,122,0,2073,113,1686,500,809,1377
13th Apr 26 2026,101,35,88,0,1906,282,1281,907,664,1524
10th Apr 26 2026,241,7,129,1,1974,212,1362,824,667,1519
9th Apr 26 2026,96,30,106,1,1844,344,1023,1165,570,1618
8th Apr 26 2026,911,13,415,1,1927,261,1039,1149,562,1626
7th Apr 26 2026,128,11,60,3,1108,1080,538,1650,432,1756
6th Apr 26 2026,222,12,25,3,953,1235,462,1726,418,1770
2nd Apr 26 2026,183,22,18,3,652,1537,375,1814,379,1810
1st Apr 26 2026,1159,7,12,3,488,1700,336,1852,386,1802
30th Mar 26 2026,34,761,6,38,201,1988,210,1979,316,1873
27th Mar 26 2026,36,651,8,10,297,1892,254,1935,366,1823
25th Mar 26 2026,223,19,6,6,497,1692,331,1858,399,1790
24th Mar 26 2026,303,29,7,7,281,1908,249,1940,356,1833
23rd Mar 26 2026,7,988,5,3,149,2040,170,2019,302,1887
20th Mar 26 2026,102,27,16,3,377,1811,327,1861,401,1787
19th Mar 26 2026,19,306,7,2,269,1918,251,1936,382,1805
18th Mar 26 2026,333,6,7,2,510,1677,395,1792,453,1734
17th Mar 26 2026,102,17,6,7,263,1924,302,1885,410,1777
16th Mar 26 2026,42,122,5,4,191,1996,254,1933,382,1805
13th Mar 26 2026,18,387,8,6,219,1967,296,1890,388,1798
12th Mar 26 2026,60,47,11,5,437,1749,424,1762,456,1730
11th Mar 26 2026,81,53,8,4,445,1740,432,1753,472,1713
10th Mar 26 2026,283,15,8,5,451,1733,443,1742,484,1701
9th Mar 26 2026,25,293,5,11,272,1911,333,1851,418,1766
6th Mar 26 2026,61,43,2,6,396,1786,453,1730,508,1675
5th Mar 26 2026,114,19,7,1,406,1773,469,1711,518,1662
4th Mar 26 2026,48,266,7,3,296,1883,402,1778,475,1705
2nd Mar 26 2026,62,266,5,3,449,1728,494,1684,571,1607
27th Feb 26 2026,42,61,8,1,694,1481,689,1487,677,1499
26th Feb 26 2026,68,21,9,5,841,1334,766,1410,715,1461
25th Feb 26 2026,55,43,5,5,796,1377,750,1424,707,1467
24th Feb 26 2026,25,97,8,4,704,1468,679,1494,691,1482
23rd Feb 26 2026,65,48,5,2,870,1304,792,1383,725,1450
20th Feb 26 2026,51,29,9,5,842,1330,781,1392,717,1456
19th Feb 26 2026,38,54,8,5,810,1360,763,1408,714,1457
18th Feb 26 2026,72,17,4,5,1103,1065,933,1236,780,1389
17th Feb 26 2026,113,19,7,3,1040,1127,868,1300,754,1414
16th Feb 26 2026,52,108,11,3,930,1234,778,1387,731,1434
13th Feb 26 2026,35,166,19,0,960,1203,787,1377,726,1438
12th Feb 26 2026,61,103,24,1,1316,847,1025,1139,796,1367
11th Feb 26 2026,92,66,14,2,1498,664,1120,1043,828,1335
10th Feb 26 2026,138,37,30,1,1583,579,1152,1011,828,1335
9th Feb 26 2026,391,18,51,1,1521,642,1071,1093,814,1350
6th Feb 26 2026,58,76,28,3,1124,1038,770,1393,693,1470
5th Feb 26 2026,55,93,34,6,1162,1000,780,1383,701,1462
4th Feb 26 2026,239,55,45,18,1351,811,847,1316,734,1429
3rd Feb 26 2026,528,12,28,18,1149,1014,751,1412,714,1449
2nd Feb 26 2026,77,74,16,19,455,1709,373,1791,540,1624
1st Feb 26 2026,62,237,8,4,437,1726,361,1802,501,1662
30th Jan 26 2026,173,98,14,6,672,1489,501,1660,611,1550
29th Jan 26 2026,140,63,23,5,536,1625,435,1726,579,1582
28th Jan 26 2026,353,21,12,6,542,1618,429,1731,567,1593
27th Jan 26 2026,98,76,3,11,306,1857,323,1840,492,1671
23rd Jan 26 2026,57,210,2,6,274,1886,295,1865,488,1672
22nd Jan 26 2026,184,56,2,4,361,1799,374,1786,557,1603
21st Jan 26 2026,57,150,20,2,229,1930,292,1867,496,1663
20th Jan 26 2026,28,385,24,1,253,1905,318,1840,532,1626
19th Jan 26 2026,42,92,28,2,458,1702,484,1676,636,1524
16th Jan 26 2026,71,32,26,2,540,1616,544,1612,687,1469
14th Jan 26 2026,82,19,6,1,526,1629,562,1593,699,1456
13th Jan 26 2026,72,17,5,1,489,1666,533,1622,689,1466
12th Jan 26 2026,63,71,6,3,429,1728,513,1644,681,1476
9th Jan 26 2026,17,102,4,3,427,1726,543,1610,699,1454
8th Jan 26 2026,14,140,6,3,675,1479,708,1446,786,1368
7th Jan 26 2026,67,16,13,3,1068,1085,924,1230,874,1280
6th Jan 26 2026,44,28,15,1,1034,1119,888,1265,858,1295
5th Jan 26 2026,63,37,14,1,1153,1002,948,1207,885,1270
2nd Jan 26 2026,103,11,12,1,1328,824,968,1184,888,1264
1st Jan 26 2026,63,17,9,2,1083,1070,837,1316,830,1323
31st Dec 25 2025,84,16,9,2,1053,1098,815,1336,825,1326
30th Dec 25 2025,60,35,11,1,779,1370,698,1451,775,1374
29th Dec 25 2025,46,45,15,0,761,1392,726,1427,780,1373
26th Dec 25 2025,66,22,20,0,933,1217,776,1374,808,1342
24th Dec 25 2025,58,14,14,0,1096,1053,817,1332,830,1319
23rd Dec 25 2025,68,15,9,2,1142,1007,822,1327,834,1315
22nd Dec 25 2025,119,12,8,1,1026,1125,762,1389,821,1330
19th Dec 25 2025,90,15,9,0,712,1436,651,1497,777,1371
18th Dec 25 2025,40,29,11,0,493,1653,545,1601,733,1413
17th Dec 25 2025,33,56,12,0,496,1649,576,1569,742,1403
16th Dec 25 2025,37,29,13,0,628,1517,625,1520,774,1371
15th Dec 25 2025,79,19,15,0,754,1390,684,1460,796,1348
12th Dec 25 2025,99,11,8,2,704,1435,661,1479,777,1363
11th Dec 25 2025,75,15,5,3,511,1627,571,1567,743,1396
10th Dec 25 2025,54,29,8,2,393,1741,487,1647,726,1409
9th Dec 25 2025,131,13,1,2,434,1700,525,1609,733,1402
8th Dec 25 2025,19,241,3,2,329,1807,473,1663,704,1433
5th Dec 25 2025,32,37,3,2,550,1582,631,1501,799,1334
4th Dec 25 2025,28,26,3,3,546,1587,653,1480,810,1324
3rd Dec 25 2025,18,38,1,3,553,1579,653,1479,827,1306
2nd Dec 25 2025,30,32,5,2,661,1471,726,1406,846,1287
1st Dec 25 2025,66,33,7,3,745,1388,760,1374,873,1261
28th Nov 25 2025,57,19,4,3,768,1360,778,1351,877,1252
27th Nov 25 2025,54,19,4,3,750,1376,768,1359,870,1257
26th Nov 25 2025,82,13,5,2,756,1369,771,1355,884,1242
25th Nov 25 2025,73,13,7,3,566,1559,657,1469,832,1294
24th Nov 25 2025,37,135,7,6,525,1601,637,1490,810,1317
21st Nov 25 2025,35,37,6,4,618,1503,709,1414,868,1255
20th Nov 25 2025,41,23,9,3,772,1348,835,1286,908,1213
19th Nov 25 2025,43,41,7,2,802,1316,842,1277,925,1194
18th Nov 25 2025,39,35,12,3,790,1326,849,1268,927,1190
17th Nov 25 2025,97,48,12,3,958,1161,925,1195,973,1147
14th Nov 25 2025,77,43,13,3,883,1230,890,1224,947,1167
13th Nov 25 2025,74,48,13,4,867,1244,887,1225,976,1136
12th Nov 25 2025,106,31,9,4,905,1204,920,1190,984,1126
11th Nov 25 2025,70,56,9,8,758,1353,832,1280,942,1170
10th Nov 25 2025,85,92,12,7,759,1353,832,1281,941,1172
7th Nov 25 2025,74,41,13,2,676,1432,822,1286,940,1168
6th Nov 25 2025,47,148,15,2,615,1492,821,1286,928,1179
4th Nov 25 2025,44,30,17,0,892,1214,984,1122,1031,1075
3rd Nov 25 2025,102,38,19,1,1114,995,1100,1009,1072,1037
31st Oct 25 2025,48,31,13,1,994,1108,1033,1069,1042,1060
30th Oct 25 2025,53,24,11,1,1144,958,1114,988,1071,1031
29th Oct 25 2025,91,25,13,0,1179,922,1117,984,1082,1019
28th Oct 25 2025,64,30,14,1,1016,1090,1013,1093,1042,1064
27th Oct 25 2025,82,40,21,1,1039,1073,1025,1087,1064,1048
24th Oct 25 2025,53,27,18,3,1003,1103,994,1112,1029,1077
23rd Oct 25 2025,84,48,20,3,1088,1018,1033,1073,1055,1051
21st Oct 25 2025,58,2,24,0,1142,962,1045,1059,1060,1044
20th Oct 25 2025,99,44,16,2,956,1155,934,1177,1015,1096
17th Oct 25 2025,47,42,13,1,864,1239,877,1226,979,1124
16th Oct 25 2025,82,35,16,2,948,1152,935,1165,1012,1088
15th Oct 25 2025,91,29,15,2,845,1255,888,1212,979,1121
14th Oct 25 2025,46,64,24,3,689,1409,795,1303,938,1160
13th Oct 25 2025,57,43,19,4,875,1226,920,1181,1003,1098
10th Oct 25 2025,88,26,21,3,1022,1074,991,1105,1043,1053
9th Oct 25 2025,93,41,33,5,921,1177,942,1156,1020,1078
8th Oct 25 2025,79,26,32,2,831,1264,888,1207,1000,1095
7th Oct 25 2025,62,33,23,1,918,1175,944,1149,1016,1077
6th Oct 25 2025,84,35,19,1,953,1139,957,1135,1017,1075
3rd Oct 25 2025,129,13,11,1,926,1164,942,1148,1031,1060
1st Oct 25 2025,127,9,12,1,701,1386,799,1288,974,1114
30th Sep 25 2025,45,28,8,2,493,1588,627,1454,894,1188
29th Sep 25 2025,66,62,14,3,460,1623,633,1450,888,1196
26th Sep 25 2025,16,116,19,1,452,1623,620,1455,896,1180
25th Sep 25 2025,41,34,22,1,755,1319,900,1174,1021,1054
24th Sep 25 2025,55,30,21,2,951,1122,1068,1005,1086,988
23rd Sep 25 2025,70,25,23,2,1124,948,1169,903,1128,945
22nd Sep 25 2025,83,40,26,2,1224,853,1214,864,1168,910
19th Sep 25 2025,73,21,21,1,1414,658,1315,759,1191,883
18th Sep 25 2025,60,20,20,1,1458,613,1320,752,1182,890
17th Sep 25 2025,75,18,24,1,1471,597,1312,757,1179,890
16th Sep 25 2025,82,13,18,1,1410,658,1256,813,1150,919
15th Sep 25 2025,90,19,16,1,1322,749,1137,935,1101,971
12th Sep 25 2025,57,12,18,0,1225,842,1086,982,1068,1000
11th Sep 25 2025,56,22,25,0,1230,837,1071,997,1053,1015
10th Sep 25 2025,92,20,18,0,1218,849,1060,1008,1055,1013
9th Sep 25 2025,66,31,25,0,1029,1037,922,1145,999,1068
8th Sep 25 2025,129,17,32,1,1019,1050,904,1166,1005,1065
5th Sep 25 2025,90,13,26,1,915,1150,871,1195,965,1101
4th Sep 25 2025,52,27,18,2,952,1112,867,1198,983,1082
3rd Sep 25 2025,113,11,15,0,1056,1007,919,1145,995,1069
2nd Sep 25 2025,121,24,10,1,882,1180,793,1271,955,1109
1st Sep 25 2025,125,17,11,2,741,1324,714,1352,918,1148
29th Aug 25 2025,52,23,8,2,519,1540,583,1477,834,1226
28th Aug 25 2025,29,62,6,2,531,1529,599,1462,850,1211
26th Aug 25 2025,30,62,11,3,637,1418,695,1361,912,1144
25th Aug 25 2025,72,34,22,0,955,1103,903,1156,1010,1049
22nd Aug 25 2025,52,17,21,0,925,1129,908,1147,996,1059
21st Aug 25 2025,59,21,20,0,1035,1020,971,1085,1012,1044
20th Aug 25 2025,109,11,20,1,1020,1032,962,1091,1008,1045
19th Aug 25 2025,126,15,20,1,964,1087,913,1139,1000,1052
18th Aug 25 2025,152,32,19,1,789,1265,814,1241,956,1099
14th Aug 25 2025,50,76,16,3,554,1494,648,1400,886,1163
13th Aug 25 2025,115,48,11,5,602,1445,684,1363,922,1126
12th Aug 25 2025,80,51,6,5,504,1543,622,1426,892,1156
11th Aug 25 2025,89,66,6,3,443,1604,605,1443,881,1167
8th Aug 25 2025,50,75,8,4,376,1673,549,1500,850,1199
7th Aug 25 2025,54,54,8,5,445,1604,636,1413,933,1116
6th Aug 25 2025,39,74,8,5,460,1587,641,1406,946,1101
5th Aug 25 2025,50,40,9,5,575,1469,737,1307,1004,1040
4th Aug 25 2025,95,48,13,4,583,1462,782,1263,1028,1017
1st Aug 25 2025,35,118,10,0,449,1593,716,1326,982,1060
31st Jul 25 2025,54,49,10,1,585,1453,868,1170,1080,958
30th Jul 25 2025,93,31,10,1,689,1347,989,1047,1116,920
29th Jul 25 2025,117,17,10,1,618,1418,957,1078,1112,924
28th Jul 25 2025,37,116,10,4,498,1541,808,1231,1053,986
25th Jul 25 2025,25,86,9,3,637,1397,1010,1025,1140,895
24th Jul 25 2025,45,36,11,2,965,1070,1312,723,1274,760
23rd Jul 25 2025,51,28,15,2,1093,940,1365,668,1289,744
22nd Jul 25 2025,60,21,16,2,1047,985,1379,654,1286,747
21st Jul 25 2025,71,36,15,3,1140,894,1436,598,1296,738
18th Jul 25 2025,51,20,15,1,1166,863,1476,553,1314,715
17th Jul 25 2025,65,15,16,1,1337,691,1561,467,1343,685
16th Jul 25 2025,88,13,13,0,1343,685,1561,467,1330,698
15th Jul 25 2025,101,9,9,0,1266,762,1504,524,1295,733
14th Jul 25 2025,73,19,16,1,1007,1022,1370,659,1218,811
11th Jul 25 2025,43,15,7,0,999,1028,1406,621,1217,810
10th Jul 25 2025,70,10,12,1,1222,801,1511,512,1269,754
9th Jul 25 2025,74,8,10,1,1253,768,1512,510,1258,764
8th Jul 25 2025,57,17,12,1,1226,798,1502,522,1254,770
7th Jul 25 2025,68,26,18,1,1278,748,1529,497,1267,759
4th Jul 25 2025,66,15,17,1,1379,645,1576,448,1280,744
3rd Jul 25 2025,73,13,19,1,1364,658,1548,474,1263,759
2nd Jul 25 2025,55,19,20,1,1349,670,1537,482,1237,782
1st Jul 25 2025,83,22,28,0,1447,568,1571,444,1252,763
30th Jun 25 2025,117,17,30,0,1481,535,1578,438,1263,753
27th Jun 25 2025,89,13,23,0,1430,582,1540,472,1245,767
26th Jun 25 2025,65,11,22,0,1369,644,1522,491,1212,801
25th Jun 25 2025,157,8,10,0,1366,646,1517,495,1211,801
24th Jun 25 2025,99,16,5,1,1057,956,1355,657,1116,898
23rd Jun 25 2025,71,23,6,2,840,1175,1204,811,1065,951
20th Jun 25 2025,81,14,9,2,838,1172,1240,770,1050,961
19th Jun 25 2025,19,84,7,1,599,1411,1126,884,1006,1005
18th Jun 25 2025,44,25,6,1,942,1066,1363,645,1122,887
17th Jun 25 2025,51,39,9,1,1024,984,1417,591,1152,857
16th Jun 25 2025,77,16,11,1,1257,754,1517,494,1199,813
13th Jun 25 2025,40,24,18,1,1197,810,1532,475,1170,838
12th Jun 25 2025,39,49,23,0,1434,572,1605,401,1226,781
11th Jun 25 2025,113,20,27,0,1652,352,1715,289,1304,701
10th Jun 25 2025,106,11,32,1,1650,354,1693,311,1284,721
9th Jun 25 2025,159,10,24,0,1636,371,1676,331,1260,748
6th Jun 25 2025,115,19,21,0,1499,506,1583,422,1179,827
5th Jun 25 2025,117,5,15,0,1457,548,1513,492,1131,875
4th Jun 25 2025,99,20,13,0,1374,630,1490,514,1098,907
3rd Jun 25 2025,68,23,17,0,1319,684,1485,518,1074,930
2nd Jun 25 2025,123,49,24,0,1428,575,1518,485,1074,930
30th May 25 2025,93,59,28,0,1449,551,1527,473,1071,930
29th May 25 2025,103,42,34,0,1515,484,1546,453,1108,892
28th May 25 2025,100,33,24,1,1552,446,1560,438,1089,910
27th May 25 2025,80,27,26,1,1596,401,1587,411,1096,902
26th May 25 2025,116,40,19,0,1639,361,1623,378,1078,923
23rd May 25 2025,82,30,22,1,1644,351,1612,384,1058,938
22nd May 25 2025,73,38,25,1,1625,371,1581,416,1019,978
21st May 25 2025,84,37,29,1,1686,309,1607,389,1025,971
20th May 25 2025,57,74,53,1,1657,338,1591,405,992,1004
19th May 25 2025,180,28,81,0,1777,221,1697,302,1059,940
20th May 26 2026,103,28,14,5,960,1222,1176,1006,912,1270
19th May 26 2026,139,27,12,5,888,1299,1165,1022,902,1285
18th May 26 2026,62,139,7,14,697,1491,1052,1136,847,1341
15th May 26 2026,66,87,8,10,934,1253,1270,917,923,1264
14th May 26 2026,80,48,5,6,1057,1130,1316,871,955,1232
13th May 26 2026,137,52,16,2,1002,1186,1318,870,942,1246
12th May 26 2026,33,497,14,1,889,1299,1279,909,907,1281
11th May 26 2026,72,138,33,3,1527,663,1631,559,1113,1077
8th May 26 2026,116,42,60,1,1853,336,1828,361,1206,983
7th May 26 2026,217,8,40,3,1946,242,1883,305,1199,989
6th May 26 2026,207,20,28,3,1896,293,1811,378,1122,1067
5th May 26 2026,109,37,20,4,1642,546,1611,577,1044,1144
4th May 26 2026,191,40,28,3,1728,462,1645,545,1021,1169
30th Apr 26 2026,53,46,13,2,1634,554,1565,623,970,1218
29th Apr 26 2026,84,34,16,1,1752,436,1648,540,977,1211
28th Apr 26 2026,85,24,21,1,1766,422,1647,541,981,1207
27th Apr 26 2026,250,12,23,1,1914,276,1717,473,983,1207
24th Apr 26 2026,37,99,21,1,1697,491,1541,647,886,1302
23rd Apr 26 2026,90,39,31,1,1935,253,1743,445,968,1220
22nd Apr 26 2026,135,22,28,0,2031,157,1857,331,1008,1180
21st Apr 26 2026,118,25,41,1,2057,131,1836,352,964,1224
20th Apr 26 2026,73,50,43,0,2066,123,1798,391,911,1278
17th Apr 26 2026,189,8,78,0,2112,76,1883,305,945,1243
16th Apr 26 2026,137,15,57,0,2072,116,1762,426,853,1335
15th Apr 26 2026,388,8,123,0,2075,112,1687,500,807,1380
13th Apr 26 2026,101,35,89,0,1908,281,1281,908,662,1527
10th Apr 26 2026,242,7,130,1,1976,211,1361,826,666,1521
9th Apr 26 2026,96,30,106,1,1847,342,1022,1167,569,1620
8th Apr 26 2026,912,13,418,1,1929,260,1039,1150,560,1629
7th Apr 26 2026,128,11,62,3,1110,1079,537,1652,431,1758
6th Apr 26 2026,224,12,25,3,954,1235,462,1727,416,1773
2nd Apr 26 2026,184,23,19,3,652,1538,375,1815,377,1813
1st Apr 26 2026,1162,7,12,3,488,1701,335,1854,384,1805
30th Mar 26 2026,34,761,6,38,201,1989,210,1980,315,1875
27th Mar 26 2026,36,654,8,10,297,1893,254,1936,365,1825
25th Mar 26 2026,224,19,6,6,496,1694,330,1860,398,1792
24th Mar 26 2026,303,29,7,7,280,1910,248,1942,355,1835
23rd Mar 26 2026,7,990,5,3,149,2041,169,2021,301,1889
20th Mar 26 2026,102,27,16,3,375,1814,325,1864,400,1789
19th Mar 26 2026,19,306,7,2,268,1920,250,1938,381,1807
18th Mar 26 2026,333,6,7,2,510,1678,394,1794,452,1736
17th Mar 26 2026,102,17,6,7,262,1926,301,1887,409,1779
16th Mar 26 2026,42,122,5,4,190,1998,253,1935,381,1807
13th Mar 26 2026,18,386,8,6,219,1968,296,1891,387,1800
12th Mar 26 2026,60,47,11,5,436,1751,423,1764,455,1732
11th Mar 26 2026,81,53,8,4,443,1743,430,1756,471,1715
10th Mar 26 2026,284,15,8,5,449,1736,441,1745,483,1703
9th Mar 26 2026,25,296,5,11,271,1913,332,1853,417,1768
6th Mar 26 2026,61,43,2,6,393,1790,451,1733,507,1677
5th Mar 26 2026,113,19,7,1,404,1776,468,1713,517,1664
4th Mar 26 2026,48,266,7,3,295,1885,401,1780,474,1707
2nd Mar 26 2026,62,267,5,3,447,1731,492,1687,570,1609
27th Feb 26 2026,43,62,8,1,694,1482,687,1490,676,1501
26th Feb 26 2026,69,21,9,5,840,1336,765,1412,714,1463
25th Feb 26 2026,55,43,5,5,795,1379,749,1426,706,1469
24th Feb 26 2026,25,97,8,4,702,1471,677,1497,690,1484
23rd Feb 26 2026,65,49,5,2,869,1306,791,1385,724,1452
20th Feb 26 2026,51,29,9,5,842,1331,780,1394,716,1458
19th Feb 26 2026,38,54,8,5,809,1362,763,1409,713,1459
18th Feb 26 2026,73,17,4,5,1102,1067,933,1237,779,1391
17th Feb 26 2026,113,19,7,3,1039,1129,867,1302,753,1416
16th Feb 26 2026,53,108,11,3,931,1234,778,1388,730,1436
13th Feb 26 2026,35,166,19,0,959,1205,787,1378,725,1440
12th Feb 26 2026,61,103,24,1,1316,848,1024,1141,795,1369
11th Feb 26 2026,91,66,14,2,1497,666,1121,1043,827,1337
10th Feb 26 2026,139,37,30,1,1585,578,1152,1012,827,1337
9th Feb 26 2026,392,18,51,1,1521,643,1070,1095,813,1352
6th Feb 26 2026,58,76,28,3,1125,1038,769,1395,692,1472
5th Feb 26 2026,55,93,34,6,1161,1002,779,1385,700,1464
4th Feb 26 2026,240,55,45,18,1350,813,846,1318,733,1431
3rd Feb 26 2026,529,12,28,18,1148,1016,749,1415,713,1451
2nd Feb 26 2026,77,75,16,19,455,1710,372,1793,539,1626
1st Feb 26 2026,62,237,8,4,438,1726,360,1804,500,1664
30th Jan 26 2026,173,98,14,6,673,1489,501,1661,610,1552
29th Jan 26 2026,141,63,23,5,537,1625,435,1727,578,1584
28th Jan 26 2026,354,21,12,6,542,1619,428,1733,566,1595
27th Jan 26 2026,98,78,3,11,304,1860,322,1842,491,1673
23rd Jan 26 2026,57,211,2,6,274,1887,294,1867,487,1674
22nd Jan 26 2026,184,56,2,4,361,1800,373,1788,556,1605
21st Jan 26 2026,57,150,20,2,229,1931,292,1868,495,1665
20th Jan 26 2026,28,385,24,1,253,1906,317,1842,531,1628
19th Jan 26 2026,41,92,28,2,457,1704,482,1679,634,1527
16th Jan 26 2026,71,32,26,2,539,1618,543,1614,686,1471
14th Jan 26 2026,82,19,6,1,524,1632,561,1595,698,1458
13th Jan 26 2026,72,17,5,1,488,1668,532,1624,688,1468
12th Jan 26 2026,63,71,6,3,428,1730,512,1646,680,1478
9th Jan 26 2026,17,101,4,3,426,1728,542,1612,698,1456
8th Jan 26 2026,14,140,6,3,673,1482,707,1448,785,1370
7th Jan 26 2026,67,17,13,3,1067,1087,922,1233,872,1283
6th Jan 26 2026,43,28,15,1,1032,1122,886,1268,857,1297
5th Jan 26 2026,63,37,14,1,1152,1004,946,1210,883,1273
2nd Jan 26 2026,103,11,12,1,1327,826,967,1186,887,1266
1st Jan 26 2026,63,17,9,2,1082,1072,836,1318,829,1325
31st Dec 25 2025,85,16,9,2,1052,1100,814,1338,824,1328
30th Dec 25 2025,59,35,11,1,777,1373,697,1453,774,1376
29th Dec 25 2025,45,46,15,0,759,1395,725,1429,779,1375
26th Dec 25 2025,66,22,20,0,932,1219,774,1377,807,1344
24th Dec 25 2025,58,14,14,0,1095,1055,815,1335,829,1321
23rd Dec 25 2025,67,15,9,2,1141,1009,821,1329,833,1317
22nd Dec 25 2025,118,13,8,1,1025,1127,761,1391,820,1332
19th Dec 25 2025,90,15,9,0,711,1437,649,1499,776,1372
18th Dec 25 2025,40,30,11,0,491,1655,543,1603,732,1414
17th Dec 25 2025,34,57,12,0,497,1648,575,1570,741,1404
16th Dec 25 2025,37,29,13,0,628,1517,624,1521,773,1372
15th Dec 25 2025,79,19,15,0,753,1391,682,1462,795,1349
12th Dec 25 2025,99,11,8,2,702,1437,659,1481,776,1364
11th Dec 25 2025,75,15,5,3,510,1628,570,1568,742,1397
10th Dec 25 2025,54,29,8,2,393,1741,487,1647,725,1410
9th Dec 25 2025,131,12,1,2,435,1699,525,1609,732,1403
8th Dec 25 2025,19,242,3,3,330,1806,472,1664,703,1434
5th Dec 25 2025,32,37,3,2,551,1581,631,1501,798,1335
4th Dec 25 2025,29,27,3,3,547,1586,653,1480,809,1325
3rd Dec 25 2025,18,39,1,3,552,1580,652,1480,826,1307
2nd Dec 25 2025,30,33,5,2,660,1472,725,1407,845,1288
1st Dec 25 2025,67,34,7,3,745,1388,760,1374,871,1263
28th Nov 25 2025,57,19,4,3,768,1360,778,1351,875,1254
27th Nov 25 2025,54,19,4,3,749,1377,766,1361,868,1259
26th Nov 25 2025,83,13,5,2,755,1370,770,1356,882,1244
25th Nov 25 2025,73,13,7,3,564,1561,655,1471,831,1295
24th Nov 25 2025,36,135,7,6,523,1603,635,1492,809,1318
21st Nov 25 2025,35,37,6,4,617,1504,707,1416,866,1257
20th Nov 25 2025,41,24,9,3,771,1349,834,1287,905,1216
19th Nov 25 2025,43,41,7,2,801,1317,841,1278,922,1197
18th Nov 25 2025,39,35,12,3,789,1327,847,1270,925,1192
17th Nov 25 2025,97,48,12,3,957,1162,924,1196,971,1149
14th Nov 25 2025,77,43,13,3,882,1231,888,1226,945,1169
13th Nov 25 2025,74,48,13,4,866,1245,885,1227,974,1138
12th Nov 25 2025,106,31,9,4,905,1204,918,1192,982,1128
11th Nov 25 2025,70,56,9,8,757,1354,830,1282,940,1172
10th Nov 25 2025,85,92,12,7,758,1354,829,1284,938,1175
7th Nov 25 2025,74,41,13,2,676,1432,820,1288,938,1170
6th Nov 25 2025,47,148,15,2,614,1493,818,1289,926,1181
4th Nov 25 2025,44,30,17,0,890,1216,981,1125,1029,1077
3rd Nov 25 2025,102,38,19,1,1112,997,1097,1012,1070,1039
31st Oct 25 2025,48,31,13,1,992,1110,1030,1072,1040,1062
30th Oct 25 2025,53,24,11,1,1142,960,1111,991,1069,1033
29th Oct 25 2025,91,25,13,0,1177,924,1114,987,1080,1021
28th Oct 25 2025,64,30,14,1,1013,1093,1010,1096,1040,1066
27th Oct 25 2025,82,40,21,1,1037,1075,1022,1090,1062,1050
24th Oct 25 2025,53,27,18,3,1001,1105,992,1114,1027,1079
23rd Oct 25 2025,84,48,20,3,1085,1021,1031,1075,1053,1053
21st Oct 25 2025,58,2,24,0,1141,963,1044,1060,1058,1046
20th Oct 25 2025,99,44,16,2,954,1157,932,1179,1013,1098
17th Oct 25 2025,47,42,13,1,862,1241,875,1228,977,1126
16th Oct 25 2025,82,34,16,2,946,1154,933,1167,1010,1090
15th Oct 25 2025,91,28,15,2,843,1257,886,1214,977,1123
14th Oct 25 2025,45,64,24,3,687,1411,793,1305,936,1162
13th Oct 25 2025,57,42,18,4,873,1228,918,1183,1001,1100
10th Oct 25 2025,86,26,20,3,1020,1076,989,1107,1041,1055
9th Oct 25 2025,93,41,32,5,919,1179,940,1158,1018,1080
8th Oct 25 2025,79,26,31,2,829,1266,886,1209,998,1097
7th Oct 25 2025,61,33,22,1,916,1177,942,1151,1014,1079
6th Oct 25 2025,83,34,19,1,951,1141,956,1136,1015,1077
3rd Oct 25 2025,129,13,11,1,925,1165,940,1150,1029,1062
1st Oct 25 2025,127,9,12,1,700,1387,797,1290,972,1116
30th Sep 25 2025,45,28,8,2,492,1589,625,1456,892,1190
29th Sep 25 2025,66,62,14,3,459,1624,631,1452,886,1198
26th Sep 25 2025,16,116,19,1,451,1624,618,1457,894,1182
25th Sep 25 2025,41,34,22,1,754,1320,899,1175,1019,1056
24th Sep 25 2025,55,30,21,2,950,1123,1067,1006,1084,990
23rd Sep 25 2025,70,25,23,2,1124,948,1169,903,1126,947
22nd Sep 25 2025,83,40,26,2,1224,853,1214,864,1166,912
19th Sep 25 2025,73,21,21,1,1413,659,1315,759,1189,885
18th Sep 25 2025,60,20,20,1,1458,613,1320,752,1180,892
17th Sep 25 2025,75,19,24,1,1471,597,1312,757,1177,892
16th Sep 25 2025,82,15,18,1,1410,658,1257,812,1148,921
15th Sep 25 2025,91,19,16,1,1322,749,1137,935,1099,973
12th Sep 25 2025,57,12,17,0,1224,843,1086,982,1065,1003
11th Sep 25 2025,56,22,24,0,1229,838,1071,997,1050,1018
10th Sep 25 2025,93,20,18,0,1218,849,1060,1008,1053,1015
9th Sep 25 2025,65,31,24,0,1028,1038,921,1146,997,1070
8th Sep 25 2025,128,17,32,1,1019,1050,905,1165,1004,1066
5th Sep 25 2025,90,13,26,1,916,1149,872,1194,963,1103
4th Sep 25 2025,52,27,18,2,952,1112,868,1197,981,1084
3rd Sep 25 2025,114,11,15,0,1058,1005,921,1143,994,1070
2nd Sep 25 2025,121,24,10,1,881,1181,793,1271,953,1111
1st Sep 25 2025,126,17,11,2,741,1324,713,1353,916,1150
29th Aug 25 2025,52,24,8,2,519,1540,582,1478,832,1228
28th Aug 25 2025,29,63,6,2,532,1528,600,1461,849,1212
26th Aug 25 2025,30,62,11,3,639,1416,696,1360,911,1145
25th Aug 25 2025,73,34,22,0,957,1101,905,1154,1008,1051
22nd Aug 25 2025,52,18,21,0,926,1128,909,1146,994,1061
21st Aug 25 2025,60,21,20,0,1036,1019,971,1085,1010,1046
20th Aug 25 2025,108,11,20,1,1020,1032,962,1091,1006,1047
19th Aug 25 2025,125,15,20,1,964,1087,912,1140,998,1054
18th Aug 25 2025,154,32,19,1,791,1263,816,1239,954,1101
14th Aug 25 2025,50,76,16,3,555,1493,649,1399,884,1165
13th Aug 25 2025,115,48,11,5,603,1444,685,1362,921,1127
12th Aug 25 2025,80,51,6,5,504,1543,622,1426,890,1158
11th Aug 25 2025,89,66,6,3,444,1603,606,1442,879,1169
8th Aug 25 2025,50,75,8,4,377,1672,549,1500,849,1200
7th Aug 25 2025,54,54,8,5,444,1605,636,1413,930,1119
6th Aug 25 2025,39,74,8,5,461,1586,641,1406,944,1103
5th Aug 25 2025,50,41,9,5,576,1468,737,1307,1002,1042
4th Aug 25 2025,96,48,13,4,584,1461,782,1263,1026,1019
1st Aug 25 2025,36,118,10,0,450,1592,717,1325,979,1063
31st Jul 25 2025,55,49,10,1,584,1454,867,1171,1077,961
30th Jul 25 2025,93,31,10,1,688,1348,988,1048,1114,922
29th Jul 25 2025,117,17,10,1,616,1420,955,1080,1109,927
28th Jul 25 2025,37,116,10,4,496,1543,806,1233,1050,989
25th Jul 25 2025,25,85,9,3,636,1398,1008,1027,1137,898
24th Jul 25 2025,45,36,11,2,963,1072,1310,725,1271,763
23rd Jul 25 2025,51,28,15,2,1091,942,1363,670,1286,747
22nd Jul 25 2025,60,20,16,2,1045,987,1377,656,1283,750
21st Jul 25 2025,71,36,15,3,1138,896,1434,600,1293,741
18th Jul 25 2025,50,20,15,1,1164,865,1474,555,1311,718
17th Jul 25 2025,65,15,16,1,1336,692,1559,469,1340,688
16th Jul 25 2025,88,13,13,0,1342,686,1560,468,1327,701
15th Jul 25 2025,101,9,9,0,1265,763,1502,526,1293,735
14th Jul 25 2025,73,19,16,1,1005,1024,1369,660,1216,813
11th Jul 25 2025,42,15,7,0,998,1029,1405,622,1215,812
10th Jul 25 2025,70,10,12,1,1221,802,1510,513,1267,756
9th Jul 25 2025,74,8,10,1,1254,767,1511,511,1256,766
8th Jul 25 2025,57,17,12,1,1225,799,1501,523,1252,772
7th Jul 25 2025,68,26,18,1,1278,748,1528,498,1265,761
4th Jul 25 2025,66,15,17,1,1378,646,1575,449,1278,746
3rd Jul 25 2025,73,13,19,1,1364,658,1547,475,1261,761
2nd Jul 25 2025,55,19,20,1,1349,670,1536,483,1235,784
1st Jul 25 2025,82,22,27,0,1446,569,1570,445,1250,765
30th Jun 25 2025,116,17,30,0,1481,535,1577,439,1261,755
27th Jun 25 2025,88,13,23,0,1429,583,1539,473,1244,768
26th Jun 25 2025,65,11,22,0,1368,645,1521,492,1211,802
25th Jun 25 2025,157,8,10,0,1365,647,1516,496,1210,802
24th Jun 25 2025,99,16,5,1,1057,956,1354,658,1115,899
23rd Jun 25 2025,71,23,6,2,841,1174,1203,812,1064,952
20th Jun 25 2025,81,14,9,2,837,1173,1239,771,1049,962
19th Jun 25 2025,19,84,7,1,599,1411,1126,884,1005,1006
18th Jun 25 2025,44,25,6,1,942,1066,1362,646,1121,888
17th Jun 25 2025,51,39,9,1,1024,984,1416,592,1151,858
16th Jun 25 2025,77,16,11,1,1256,755,1516,495,1198,814
13th Jun 25 2025,40,24,18,1,1198,809,1531,476,1169,839
12th Jun 25 2025,39,49,23,0,1434,572,1605,401,1225,782
11th Jun 25 2025,113,20,27,0,1652,352,1714,290,1302,703
10th Jun 25 2025,106,11,32,1,1649,355,1691,313,1282,723
9th Jun 25 2025,158,10,24,0,1635,372,1675,332,1258,750
6th Jun 25 2025,115,19,21,0,1499,506,1583,422,1179,827
5th Jun 25 2025,117,5,15,0,1456,549,1512,493,1130,876
4th Jun 25 2025,99,20,13,0,1373,631,1490,514,1097,908
3rd Jun 25 2025,68,23,17,0,1318,685,1485,518,1073,931
2nd Jun 25 2025,123,49,24,0,1429,574,1517,486,1073,931
30th May 25 2025,92,59,28,0,1450,550,1527,473,1069,932
29th May 25 2025,103,42,34,0,1514,485,1546,453,1106,894
28th May 25 2025,100,33,24,1,1553,445,1560,438,1088,911
27th May 25 2025,80,27,26,1,1596,401,1588,410,1094,904
26th May 25 2025,115,40,19,0,1639,361,1624,377,1076,925
23rd May 25 2025,82,30,22,1,1644,351,1613,383,1056,940
22nd May 25 2025,73,38,25,1,1626,370,1583,414,1018,979
21st May 25 2025,84,37,29,1,1686,309,1609,387,1024,972
20th May 25 2025,57,74,53,1,1657,338,1592,404,991,1005
19th May 25 2025,180,28,81,0,1778,220,1698,301,1058,941
16th May 25 2025,192,26,157,0,1765,230,1653,343,1005,991
15th May 25 2025,150,25,86,0,1724,270,1559,436,940,1055
13th May 26 2026,146,54,15,2,1012,1172,1325,859,939,1245
12th May 26 2026,33,496,14,1,892,1300,1283,909,908,1284
11th May 26 2026,71,139,33,3,1530,665,1635,560,1114,1081
8th May 26 2026,115,42,60,1,1856,337,1830,363,1206,987
7th May 26 2026,217,8,40,3,1949,243,1886,306,1200,992
6th May 26 2026,207,21,28,3,1897,296,1813,380,1121,1072
5th May 26 2026,109,37,20,4,1644,548,1613,579,1044,1148
4th May 26 2026,193,41,29,3,1730,465,1647,548,1019,1176
30th Apr 26 2026,54,46,13,2,1638,554,1569,623,970,1222
29th Apr 26 2026,86,33,16,1,1756,436,1651,541,979,1213
28th Apr 26 2026,86,23,20,1,1769,423,1650,542,981,1211
27th Apr 26 2026,248,13,22,1,1919,276,1719,476,982,1213
24th Apr 26 2026,36,99,20,1,1700,492,1546,646,886,1306
23rd Apr 26 2026,90,39,31,1,1938,254,1747,445,969,1223
22nd Apr 26 2026,136,23,29,0,2034,158,1860,332,1008,1184
21st Apr 26 2026,120,24,42,1,2062,130,1841,351,966,1226
20th Apr 26 2026,73,52,44,0,2071,123,1801,393,912,1282
17th Apr 26 2026,190,8,79,0,2114,78,1884,308,945,1247
16th Apr 26 2026,139,16,58,0,2076,117,1765,428,854,1339
15th Apr 26 2026,391,8,126,0,2080,112,1690,502,807,1385
13th Apr 26 2026,104,34,91,0,1912,282,1284,910,664,1530
10th Apr 26 2026,244,7,131,1,1981,211,1363,829,665,1527
9th Apr 26 2026,99,30,108,1,1849,345,1024,1170,569,1625
8th Apr 26 2026,915,13,419,1,1932,261,1040,1153,559,1634
7th Apr 26 2026,130,11,63,3,1112,1082,541,1653,431,1763
6th Apr 26 2026,226,12,26,3,957,1237,464,1730,417,1777
2nd Apr 26 2026,185,22,20,3,653,1542,375,1820,379,1816
1st Apr 26 2026,1165,7,13,3,490,1704,336,1858,386,1808
30th Mar 26 2026,35,763,6,39,201,1994,211,1984,316,1879
27th Mar 26 2026,37,658,8,10,298,1896,255,1939,365,1829
25th Mar 26 2026,225,19,6,6,498,1696,332,1862,398,1796
24th Mar 26 2026,305,29,7,7,281,1913,249,1945,355,1839
23rd Mar 26 2026,7,992,5,4,149,2046,170,2025,302,1893
20th Mar 26 2026,103,27,16,3,376,1817,326,1867,400,1793
19th Mar 26 2026,19,308,7,2,269,1925,251,1943,382,1812
18th Mar 26 2026,333,6,7,2,511,1683,396,1798,453,1741
17th Mar 26 2026,104,17,6,7,263,1931,303,1891,410,1784
16th Mar 26 2026,42,124,5,5,193,2002,255,1940,382,1813
13th Mar 26 2026,18,389,8,6,221,1972,297,1896,388,1805
12th Mar 26 2026,61,49,11,5,437,1756,424,1769,455,1738
11th Mar 26 2026,81,53,9,4,445,1746,433,1758,471,1720
10th Mar 26 2026,284,15,9,5,451,1739,443,1748,483,1708
9th Mar 26 2026,25,296,6,12,274,1916,334,1857,417,1774
6th Mar 26 2026,62,43,3,6,397,1791,454,1735,507,1682
5th Mar 26 2026,115,19,7,1,406,1779,470,1716,516,1670
4th Mar 26 2026,48,269,7,3,297,1888,403,1783,473,1713
2nd Mar 26 2026,62,270,5,3,448,1736,493,1692,569,1616
27th Feb 26 2026,42,63,8,1,695,1486,688,1494,674,1508
26th Feb 26 2026,69,21,9,5,840,1341,766,1416,712,1470
25th Feb 26 2026,55,43,5,5,794,1385,748,1432,704,1476
24th Feb 26 2026,25,97,8,4,702,1476,677,1502,688,1491
23rd Feb 26 2026,65,50,5,2,870,1311,792,1390,722,1460
20th Feb 26 2026,51,30,9,5,842,1336,780,1399,714,1465
19th Feb 26 2026,38,54,8,5,811,1365,763,1414,712,1465
18th Feb 26 2026,73,17,4,5,1103,1071,933,1242,778,1397
17th Feb 26 2026,112,19,6,3,1040,1133,867,1307,752,1422
16th Feb 26 2026,52,109,11,3,932,1240,780,1393,730,1443
13th Feb 26 2026,34,166,19,0,962,1208,789,1382,725,1446
12th Feb 26 2026,60,104,24,1,1319,851,1026,1145,794,1376
11th Feb 26 2026,92,66,14,2,1501,668,1121,1049,825,1345
10th Feb 26 2026,139,37,30,1,1584,585,1153,1017,826,1344
9th Feb 26 2026,390,19,51,1,1524,647,1071,1101,811,1361
6th Feb 26 2026,58,76,28,3,1125,1044,770,1400,690,1480
5th Feb 26 2026,55,93,34,6,1164,1005,780,1390,699,1471
4th Feb 26 2026,240,55,45,18,1353,816,847,1323,732,1438
3rd Feb 26 2026,529,12,28,18,1149,1021,751,1419,712,1458
2nd Feb 26 2026,77,75,16,19,455,1716,373,1798,538,1633
1st Feb 26 2026,64,237,9,4,440,1731,363,1808,500,1671
30th Jan 26 2026,174,98,15,6,675,1494,500,1669,609,1560
29th Jan 26 2026,142,65,24,5,537,1632,434,1735,577,1592
28th Jan 26 2026,354,21,12,6,542,1626,428,1740,565,1603
27th Jan 26 2026,100,77,3,11,306,1865,322,1849,490,1681
23rd Jan 26 2026,58,213,2,6,275,1893,295,1873,486,1682
22nd Jan 26 2026,186,56,2,4,362,1806,373,1795,555,1613
21st Jan 26 2026,57,151,20,2,229,1938,292,1875,494,1673
20th Jan 26 2026,28,386,24,1,253,1913,317,1849,530,1636
19th Jan 26 2026,42,93,28,2,457,1711,482,1686,634,1534
16th Jan 26 2026,71,33,26,2,539,1625,541,1623,684,1480
14th Jan 26 2026,83,19,6,1,526,1637,560,1603,697,1466
13th Jan 26 2026,72,17,5,1,488,1675,531,1632,687,1476
12th Jan 26 2026,62,72,6,3,427,1738,510,1655,678,1487
9th Jan 26 2026,17,102,4,3,427,1734,542,1619,697,1464
8th Jan 26 2026,14,140,6,3,673,1489,706,1456,783,1379
7th Jan 26 2026,66,17,13,3,1067,1094,921,1241,871,1291
6th Jan 26 2026,44,28,15,1,1034,1127,887,1274,856,1305
5th Jan 26 2026,63,37,14,1,1151,1012,945,1218,883,1280
2nd Jan 26 2026,103,11,12,1,1327,833,965,1195,886,1274
1st Jan 26 2026,63,17,9,2,1084,1077,836,1325,828,1333
31st Dec 25 2025,85,15,9,2,1055,1104,814,1345,823,1336
30th Dec 25 2025,60,36,11,1,778,1379,695,1462,772,1385
29th Dec 25 2025,47,46,15,0,761,1400,724,1437,778,1383
26th Dec 25 2025,66,22,20,0,934,1224,775,1383,807,1351
24th Dec 25 2025,58,14,14,0,1097,1060,815,1342,827,1330
23rd Dec 25 2025,69,15,9,2,1143,1014,820,1337,833,1324
22nd Dec 25 2025,120,13,8,1,1025,1134,760,1399,819,1340
19th Dec 25 2025,90,15,9,0,711,1444,649,1506,775,1380
18th Dec 25 2025,40,30,11,0,493,1660,542,1611,730,1423
17th Dec 25 2025,32,57,12,0,497,1655,573,1579,739,1413
16th Dec 25 2025,37,28,13,0,629,1523,623,1529,772,1380
15th Dec 25 2025,79,19,15,0,753,1398,681,1470,794,1357
12th Dec 25 2025,99,11,8,2,703,1443,660,1487,775,1372
11th Dec 25 2025,76,15,5,3,510,1635,569,1576,741,1405
10th Dec 25 2025,55,29,7,2,394,1747,485,1656,724,1418
9th Dec 25 2025,131,13,1,2,433,1708,523,1618,730,1412
8th Dec 25 2025,18,243,3,2,328,1815,471,1672,702,1442
5th Dec 25 2025,31,37,3,2,550,1589,631,1508,798,1342
4th Dec 25 2025,31,26,3,3,545,1595,652,1488,808,1333
3rd Dec 25 2025,18,41,1,3,552,1587,651,1488,825,1315
2nd Dec 25 2025,30,32,5,2,661,1478,725,1414,845,1295
1st Dec 25 2025,66,35,7,3,744,1396,759,1382,872,1269
28th Nov 25 2025,58,19,4,3,768,1367,777,1359,876,1260
27th Nov 25 2025,56,19,4,3,751,1382,766,1368,869,1265
26th Nov 25 2025,83,13,5,2,756,1376,770,1363,883,1250
25th Nov 25 2025,73,13,7,3,565,1567,656,1477,831,1302
24th Nov 25 2025,37,136,7,6,525,1608,635,1499,809,1325
21st Nov 25 2025,35,37,6,4,617,1511,707,1423,866,1264
20th Nov 25 2025,41,24,9,3,770,1357,833,1295,906,1222
19th Nov 25 2025,43,41,7,2,801,1324,840,1286,924,1202
18th Nov 25 2025,39,36,12,3,788,1335,847,1277,925,1199
17th Nov 25 2025,97,48,12,3,957,1169,923,1204,971,1156
14th Nov 25 2025,77,43,13,3,884,1236,889,1232,947,1174
13th Nov 25 2025,74,47,13,3,867,1251,885,1234,974,1145
12th Nov 25 2025,107,30,9,4,903,1213,917,1200,982,1135
11th Nov 25 2025,71,55,9,8,755,1363,829,1290,940,1179
10th Nov 25 2025,86,91,12,7,756,1363,829,1291,940,1180
7th Nov 25 2025,75,41,12,3,677,1438,821,1294,938,1177
6th Nov 25 2025,46,149,14,3,614,1500,818,1296,925,1189
4th Nov 25 2025,42,30,16,1,891,1222,982,1131,1030,1083
3rd Nov 25 2025,101,39,18,2,1112,1004,1099,1017,1072,1044
31st Oct 25 2025,47,31,13,1,992,1116,1032,1076,1042,1066
30th Oct 25 2025,53,25,11,1,1142,966,1113,995,1072,1036
29th Oct 25 2025,91,25,13,0,1179,928,1117,990,1083,1024
28th Oct 25 2025,64,30,14,1,1017,1095,1013,1099,1043,1069
27th Oct 25 2025,82,40,21,2,1040,1079,1025,1094,1065,1054
24th Oct 25 2025,53,27,18,3,1003,1109,993,1119,1029,1083
23rd Oct 25 2025,84,49,20,3,1089,1023,1032,1080,1055,1057
21st Oct 25 2025,57,2,24,0,1143,967,1046,1064,1061,1049
20th Oct 25 2025,99,45,16,3,957,1161,934,1184,1016,1102
17th Oct 25 2025,47,43,13,1,863,1246,877,1232,980,1129
16th Oct 25 2025,82,35,16,2,948,1158,936,1170,1013,1093
15th Oct 25 2025,92,28,15,2,844,1262,888,1218,979,1127
14th Oct 25 2025,46,65,24,3,688,1416,793,1311,938,1166
13th Oct 25 2025,56,44,19,4,874,1234,919,1189,1005,1103
10th Oct 25 2025,88,26,21,3,1022,1080,992,1110,1044,1058
9th Oct 25 2025,93,40,33,5,921,1183,942,1162,1021,1083
8th Oct 25 2025,79,26,32,2,833,1268,889,1212,1003,1098
7th Oct 25 2025,62,33,23,1,919,1180,944,1155,1018,1081
6th Oct 25 2025,84,36,19,1,954,1145,960,1139,1019,1080
3rd Oct 25 2025,129,13,11,1,928,1168,944,1152,1032,1065
1st Oct 25 2025,127,9,12,1,701,1392,801,1292,975,1119
30th Sep 25 2025,46,28,8,2,494,1593,628,1459,895,1193
29th Sep 25 2025,66,63,14,3,460,1630,634,1456,889,1202
26th Sep 25 2025,16,118,19,1,452,1629,621,1460,896,1186
25th Sep 25 2025,41,35,22,1,757,1323,904,1176,1022,1059
24th Sep 25 2025,55,30,21,2,953,1126,1070,1009,1087,993
23rd Sep 25 2025,69,25,22,2,1129,949,1174,904,1129,950
22nd Sep 25 2025,82,41,26,2,1231,853,1219,866,1170,915
19th Sep 25 2025,72,22,21,1,1418,660,1320,760,1193,887
18th Sep 25 2025,60,20,20,1,1463,614,1325,753,1185,893
17th Sep 25 2025,76,19,24,1,1476,598,1319,756,1182,893
16th Sep 25 2025,83,14,19,1,1415,659,1263,812,1153,922
15th Sep 25 2025,92,19,18,1,1329,749,1143,936,1104,975
12th Sep 25 2025,59,12,19,0,1233,841,1092,983,1072,1003
11th Sep 25 2025,58,22,26,0,1237,837,1077,998,1057,1018
10th Sep 25 2025,94,21,18,0,1223,851,1067,1008,1059,1016
9th Sep 25 2025,70,30,25,0,1033,1040,928,1146,1003,1071
8th Sep 25 2025,131,18,32,1,1022,1054,909,1168,1009,1068
5th Sep 25 2025,90,13,26,1,918,1154,874,1199,968,1105
4th Sep 25 2025,52,29,18,2,953,1118,870,1202,986,1086
3rd Sep 25 2025,113,13,15,0,1058,1012,922,1149,998,1073
2nd Sep 25 2025,121,24,10,1,883,1186,797,1274,958,1113
1st Sep 25 2025,125,18,11,3,744,1328,716,1357,921,1152
29th Aug 25 2025,52,24,8,2,521,1544,584,1482,837,1229
28th Aug 25 2025,29,62,6,2,536,1530,602,1465,853,1214
26th Aug 25 2025,30,63,11,3,642,1419,698,1364,916,1146
25th Aug 25 2025,74,35,23,1,958,1107,908,1158,1013,1053
22nd Aug 25 2025,51,18,22,0,927,1133,910,1151,999,1062
21st Aug 25 2025,60,21,22,0,1040,1021,974,1088,1016,1046
20th Aug 25 2025,110,11,21,1,1025,1033,966,1093,1012,1047
19th Aug 25 2025,127,15,21,1,966,1091,915,1143,1004,1054
18th Aug 25 2025,153,33,20,2,790,1271,816,1246,958,1104
14th Aug 25 2025,50,76,17,3,555,1499,650,1404,889,1166
13th Aug 25 2025,115,48,11,5,604,1449,687,1366,925,1129
12th Aug 25 2025,80,52,6,5,506,1547,621,1433,895,1159
11th Aug 25 2025,89,67,6,4,446,1608,607,1448,883,1172
8th Aug 25 2025,50,76,8,4,378,1677,553,1502,852,1203
7th Aug 25 2025,54,54,8,5,447,1608,641,1414,935,1120
6th Aug 25 2025,40,75,8,5,464,1589,646,1407,948,1105
5th Aug 25 2025,51,42,9,5,579,1471,740,1310,1005,1045
4th Aug 25 2025,95,48,13,4,583,1469,784,1268,1029,1023
1st Aug 25 2025,36,119,10,0,452,1596,717,1331,983,1065
31st Jul 25 2025,55,50,10,1,586,1458,869,1175,1081,963
30th Jul 25 2025,93,32,11,1,690,1352,990,1052,1118,924
29th Jul 25 2025,119,18,11,1,621,1421,958,1083,1113,929
28th Jul 25 2025,38,118,10,4,501,1545,811,1235,1054,992
25th Jul 25 2025,25,89,10,3,640,1400,1012,1029,1140,901
24th Jul 25 2025,48,36,12,2,970,1071,1315,726,1276,764
23rd Jul 25 2025,53,28,16,2,1097,942,1368,671,1290,749
22nd Jul 25 2025,60,21,17,2,1049,989,1380,659,1287,752
21st Jul 25 2025,71,37,16,3,1141,900,1436,605,1296,745
18th Jul 25 2025,52,20,16,1,1166,869,1476,559,1315,720
17th Jul 25 2025,66,15,17,1,1339,695,1563,471,1342,692
16th Jul 25 2025,89,13,13,0,1344,690,1564,470,1329,705
15th Jul 25 2025,103,9,9,0,1266,768,1501,533,1295,739
14th Jul 25 2025,73,20,16,1,1007,1029,1369,667,1218,818
11th Jul 25 2025,43,15,7,0,998,1035,1407,626,1216,817
10th Jul 25 2025,69,11,12,1,1222,807,1512,517,1269,760
9th Jul 25 2025,74,9,10,1,1254,773,1513,515,1258,770
8th Jul 25 2025,57,16,12,1,1225,805,1504,526,1253,777
7th Jul 25 2025,69,25,19,1,1282,751,1533,500,1266,767
4th Jul 25 2025,68,15,18,1,1383,648,1579,452,1279,752
3rd Jul 25 2025,73,14,19,1,1368,661,1550,479,1263,766
2nd Jul 25 2025,56,20,20,1,1352,674,1540,486,1236,790
1st Jul 25 2025,84,22,28,0,1450,572,1574,448,1251,771
30th Jun 25 2025,118,17,30,0,1485,538,1580,443,1263,760
27th Jun 25 2025,90,13,23,0,1434,585,1544,475,1245,774
26th Jun 25 2025,65,12,22,0,1370,650,1525,495,1211,809
25th Jun 25 2025,156,7,10,0,1367,652,1520,499,1210,809
24th Jun 25 2025,99,16,5,1,1058,962,1358,661,1115,906
23rd Jun 25 2025,72,21,5,1,842,1180,1206,816,1065,958
20th Jun 25 2025,81,13,8,1,838,1179,1241,776,1050,968
19th Jun 25 2025,18,84,7,0,598,1419,1128,889,1005,1013
18th Jun 25 2025,43,24,6,0,945,1070,1366,649,1121,895
17th Jun 25 2025,52,39,9,1,1027,988,1419,596,1153,863
16th Jun 25 2025,77,15,11,1,1259,759,1519,499,1199,820
13th Jun 25 2025,40,23,17,1,1201,813,1534,480,1169,846
12th Jun 25 2025,40,49,24,0,1438,575,1609,404,1227,787
11th Jun 25 2025,111,20,26,0,1656,355,1720,291,1303,709
10th Jun 25 2025,106,12,31,1,1655,356,1697,314,1283,729
9th Jun 25 2025,159,10,24,0,1638,376,1679,335,1260,755
6th Jun 25 2025,117,18,21,0,1500,512,1586,426,1180,833
5th Jun 25 2025,116,6,15,0,1457,555,1515,497,1132,881
4th Jun 25 2025,98,20,13,0,1376,635,1493,518,1098,914
3rd Jun 25 2025,67,25,17,0,1320,690,1488,522,1075,936
2nd Jun 25 2025,124,49,24,0,1433,577,1523,487,1074,937
30th May 25 2025,94,59,28,0,1453,554,1531,476,1072,936
29th May 25 2025,103,42,34,0,1518,488,1550,456,1109,898
28th May 25 2025,99,33,24,1,1557,448,1563,442,1090,916
27th May 25 2025,81,27,27,1,1603,401,1592,413,1097,908
26th May 25 2025,117,40,19,0,1645,362,1630,378,1079,929
23rd May 25 2025,82,29,22,1,1650,352,1618,385,1059,944
22nd May 25 2025,73,38,25,1,1631,372,1587,417,1019,985
21st May 25 2025,84,37,29,1,1691,311,1612,391,1026,977
20th May 25 2025,57,75,54,1,1663,339,1597,406,992,1011
19th May 25 2025,181,28,82,0,1783,222,1703,303,1060,946
16th May 25 2025,194,26,160,0,1771,231,1659,344,1007,996
15th May 25 2025,154,26,87,0,1729,272,1563,439,941,1061
14th May 25 2025,208,10,43,1,1714,286,1495,506,873,1128
13th May 25 2025,166,17,33,1,1605,395,1309,692,786,1215
12th May 25 2025,984,9,14,2,1465,537,1176,827,741,1262
9th May 25 2025,44,49,8,5,543,1457,652,1349,527,1474
8th May 25 2025,49,41,5,3,638,1364,686,1316,541,1461
8th May 26 2026,115,41,59,1,1851,329,1832,348,1191,989
7th May 26 2026,215,8,40,4,1943,244,1879,308,1192,995
6th May 26 2026,206,21,28,4,1890,297,1805,382,1114,1073
5th May 26 2026,109,37,20,5,1637,549,1605,581,1036,1150
4th May 26 2026,192,40,29,4,1723,466,1639,550,1012,1177
30th Apr 26 2026,54,45,13,3,1630,554,1559,625,962,1222
29th Apr 26 2026,86,33,16,1,1749,436,1644,541,973,1212
28th Apr 26 2026,85,23,20,1,1762,423,1642,543,975,1210
27th Apr 26 2026,247,13,22,1,1912,276,1713,475,976,1212
24th Apr 26 2026,36,98,20,1,1694,491,1540,645,880,1305
23rd Apr 26 2026,90,38,31,1,1931,254,1740,445,963,1222
22nd Apr 26 2026,133,23,29,0,2027,158,1853,332,1001,1184
21st Apr 26 2026,119,24,42,1,2057,128,1834,351,960,1225
20th Apr 26 2026,72,51,43,0,2065,122,1794,393,905,1282
17th Apr 26 2026,188,8,77,0,2108,77,1877,308,939,1246
16th Apr 26 2026,138,16,57,0,2069,117,1758,428,847,1339
15th Apr 26 2026,390,8,124,0,2073,112,1680,505,801,1384
13th Apr 26 2026,102,34,90,0,1906,282,1277,911,658,1530
10th Apr 26 2026,243,7,130,1,1975,211,1356,830,660,1526
9th Apr 26 2026,97,30,108,1,1843,345,1016,1172,564,1624
8th Apr 26 2026,912,13,418,1,1926,261,1032,1155,553,1634
7th Apr 26 2026,129,10,64,3,1108,1080,537,1651,427,1761
6th Apr 26 2026,225,12,25,3,952,1236,461,1727,412,1776
2nd Apr 26 2026,184,23,19,3,649,1540,372,1817,375,1814
1st Apr 26 2026,1161,7,12,3,488,1700,334,1854,382,1806
30th Mar 26 2026,33,762,6,40,199,1990,209,1980,312,1877
27th Mar 26 2026,36,655,8,10,296,1892,253,1935,362,1826
25th Mar 26 2026,224,19,6,6,496,1692,331,1857,395,1793
24th Mar 26 2026,300,29,7,7,280,1908,247,1941,352,1836
23rd Mar 26 2026,7,990,5,4,149,2040,169,2020,299,1890
20th Mar 26 2026,102,26,16,3,374,1813,322,1865,396,1791
19th Mar 26 2026,19,307,7,2,268,1920,250,1938,379,1809
18th Mar 26 2026,332,6,7,2,506,1682,391,1797,449,1739
17th Mar 26 2026,103,17,6,7,261,1927,301,1887,407,1781
16th Mar 26 2026,42,124,5,5,192,1997,253,1936,379,1810
13th Mar 26 2026,18,389,8,6,219,1969,295,1893,385,1803
12th Mar 26 2026,61,49,11,5,435,1753,422,1766,452,1736
11th Mar 26 2026,81,53,9,4,443,1745,431,1757,468,1720
10th Mar 26 2026,284,15,9,5,449,1738,440,1748,480,1708
9th Mar 26 2026,25,295,6,12,273,1915,333,1856,415,1774
6th Mar 26 2026,62,43,3,6,396,1790,453,1734,505,1682
5th Mar 26 2026,115,19,7,1,405,1778,468,1716,514,1670
4th Mar 26 2026,49,269,7,3,296,1887,402,1782,471,1713
2nd Mar 26 2026,62,272,5,3,447,1735,491,1692,567,1616
27th Feb 26 2026,43,63,8,1,694,1485,686,1494,673,1507
26th Feb 26 2026,69,21,9,5,839,1340,764,1416,711,1469
25th Feb 26 2026,55,43,5,5,793,1384,746,1432,703,1475
24th Feb 26 2026,25,97,8,4,699,1477,675,1502,687,1490
23rd Feb 26 2026,65,50,5,2,869,1310,791,1389,721,1459
20th Feb 26 2026,51,30,9,5,841,1335,779,1398,713,1464
19th Feb 26 2026,38,54,8,5,809,1365,760,1415,711,1464
18th Feb 26 2026,73,17,4,5,1100,1072,930,1243,777,1396
17th Feb 26 2026,111,19,6,3,1038,1133,865,1307,751,1421
16th Feb 26 2026,53,109,11,3,931,1239,777,1394,729,1442
13th Feb 26 2026,34,166,19,0,961,1207,786,1383,724,1445
12th Feb 26 2026,60,104,24,1,1319,849,1024,1145,792,1376
11th Feb 26 2026,91,65,13,2,1501,666,1121,1047,823,1345
10th Feb 26 2026,138,37,30,1,1584,583,1152,1016,824,1344
9th Feb 26 2026,390,19,50,1,1524,645,1071,1099,809,1361
6th Feb 26 2026,57,76,28,3,1126,1041,768,1400,688,1480
5th Feb 26 2026,55,93,34,6,1162,1005,778,1390,698,1470
4th Feb 26 2026,241,55,45,18,1352,815,844,1324,731,1437
3rd Feb 26 2026,528,12,28,18,1146,1022,747,1421,711,1457
2nd Feb 26 2026,77,76,16,19,454,1715,370,1799,537,1632
1st Feb 26 2026,64,237,9,4,438,1731,361,1808,498,1671
30th Jan 26 2026,174,98,15,6,673,1494,497,1670,608,1559
29th Jan 26 2026,142,65,24,5,536,1631,432,1735,576,1591
28th Jan 26 2026,354,21,12,6,539,1627,426,1740,563,1603
27th Jan 26 2026,100,78,3,11,305,1864,321,1848,489,1680
23rd Jan 26 2026,57,212,2,6,275,1891,293,1873,484,1682
22nd Jan 26 2026,185,56,2,4,361,1805,371,1795,553,1613
21st Jan 26 2026,57,152,20,2,229,1936,291,1874,493,1672
20th Jan 26 2026,28,386,24,1,252,1912,316,1848,529,1635
19th Jan 26 2026,42,93,28,2,456,1710,480,1686,633,1533
16th Jan 26 2026,71,33,26,2,538,1624,541,1621,682,1480
14th Jan 26 2026,83,19,6,1,525,1636,559,1602,695,1466
13th Jan 26 2026,71,17,5,1,487,1674,530,1631,686,1475
12th Jan 26 2026,61,72,6,3,427,1736,510,1653,676,1487
9th Jan 26 2026,17,102,4,3,427,1732,542,1617,695,1464
8th Jan 26 2026,14,140,6,3,673,1487,705,1455,781,1379
7th Jan 26 2026,67,17,13,3,1067,1092,921,1239,869,1291
6th Jan 26 2026,44,28,15,1,1032,1127,885,1274,854,1305
5th Jan 26 2026,63,37,14,1,1150,1011,943,1218,881,1280
2nd Jan 26 2026,103,11,12,1,1325,833,963,1195,884,1274
1st Jan 26 2026,63,17,9,2,1083,1076,834,1325,826,1333
31st Dec 25 2025,85,15,9,2,1054,1103,813,1344,821,1336
30th Dec 25 2025,59,36,11,1,776,1379,693,1462,770,1385
29th Dec 25 2025,47,47,15,0,760,1399,722,1437,776,1383
26th Dec 25 2025,65,22,20,0,933,1223,773,1383,805,1351
24th Dec 25 2025,58,14,14,0,1096,1059,814,1341,825,1330
23rd Dec 25 2025,69,15,9,2,1141,1014,818,1337,831,1324
22nd Dec 25 2025,119,13,8,1,1023,1134,758,1399,817,1340
19th Dec 25 2025,90,15,9,0,710,1443,648,1505,773,1380
18th Dec 25 2025,40,31,11,0,493,1659,542,1610,728,1424
17th Dec 25 2025,34,57,12,0,499,1651,574,1576,737,1413
16th Dec 25 2025,37,28,13,0,628,1522,623,1527,770,1380
15th Dec 25 2025,79,19,15,0,753,1396,681,1468,792,1357
12th Dec 25 2025,99,11,8,2,702,1442,659,1486,773,1372
11th Dec 25 2025,76,15,5,3,508,1635,569,1574,739,1405
10th Dec 25 2025,54,29,7,2,393,1746,485,1654,722,1418
9th Dec 25 2025,131,13,1,2,432,1707,523,1616,728,1412
8th Dec 25 2025,18,243,3,3,328,1813,471,1670,700,1442
5th Dec 25 2025,31,37,3,2,550,1587,631,1506,796,1342
4th Dec 25 2025,31,27,3,3,544,1594,651,1487,806,1333
3rd Dec 25 2025,18,41,1,3,550,1587,650,1487,823,1315
2nd Dec 25 2025,29,33,5,2,660,1477,724,1413,843,1295
1st Dec 25 2025,67,35,7,3,744,1394,759,1380,870,1269
28th Nov 25 2025,58,19,3,3,767,1366,776,1358,874,1260
27th Nov 25 2025,56,19,3,3,751,1380,765,1367,867,1265
26th Nov 25 2025,83,13,4,2,756,1374,770,1361,881,1250
25th Nov 25 2025,73,13,6,3,565,1565,656,1475,829,1302
24th Nov 25 2025,36,136,6,6,525,1606,635,1497,807,1325
21st Nov 25 2025,35,37,6,4,617,1509,706,1422,864,1264
20th Nov 25 2025,41,24,9,3,768,1357,831,1295,903,1223
19th Nov 25 2025,43,41,7,2,799,1324,838,1286,921,1203
18th Nov 25 2025,39,37,12,3,787,1334,845,1277,922,1200
17th Nov 25 2025,97,48,12,3,955,1169,921,1204,968,1157
14th Nov 25 2025,77,43,13,3,882,1236,886,1233,944,1175
13th Nov 25 2025,73,47,13,3,866,1250,884,1233,971,1146
12th Nov 25 2025,107,30,9,4,900,1214,914,1201,980,1135
11th Nov 25 2025,71,55,9,8,752,1364,826,1291,938,1179
10th Nov 25 2025,84,91,12,7,753,1364,826,1292,938,1180
7th Nov 25 2025,74,41,12,3,676,1437,820,1293,936,1177
6th Nov 25 2025,46,149,14,3,613,1499,818,1294,924,1188
4th Nov 25 2025,42,30,16,1,890,1221,982,1129,1029,1082
3rd Nov 25 2025,101,39,18,2,1111,1003,1098,1016,1071,1043
31st Oct 25 2025,47,31,13,1,992,1114,1032,1074,1041,1065
30th Oct 25 2025,53,25,11,1,1142,964,1114,992,1071,1035
29th Oct 25 2025,91,25,13,0,1179,926,1118,987,1082,1023
28th Oct 25 2025,64,30,14,1,1018,1092,1013,1097,1042,1068
27th Oct 25 2025,82,40,21,2,1041,1076,1026,1091,1064,1053
24th Oct 25 2025,53,27,18,3,1003,1107,993,1117,1028,1082
23rd Oct 25 2025,84,48,20,3,1090,1020,1032,1078,1054,1056
21st Oct 25 2025,58,2,24,0,1142,966,1045,1063,1060,1048
20th Oct 25 2025,99,45,16,3,956,1160,933,1183,1015,1101
17th Oct 25 2025,46,43,13,1,861,1246,875,1232,979,1128
16th Oct 25 2025,82,35,16,2,947,1157,936,1168,1012,1092
15th Oct 25 2025,92,28,15,2,844,1260,888,1216,978,1126
14th Oct 25 2025,46,65,24,3,687,1415,793,1309,937,1165
13th Oct 25 2025,56,44,19,4,873,1233,918,1188,1004,1102
10th Oct 25 2025,88,26,21,3,1021,1079,992,1108,1043,1057
9th Oct 25 2025,93,40,33,5,920,1182,942,1160,1020,1082
8th Oct 25 2025,79,26,32,2,831,1268,887,1212,1002,1097
7th Oct 25 2025,62,33,23,1,918,1179,945,1152,1017,1080
6th Oct 25 2025,84,36,19,1,952,1145,959,1138,1018,1079
3rd Oct 25 2025,129,13,11,1,926,1168,942,1152,1031,1064
1st Oct 25 2025,126,9,12,1,700,1391,800,1291,974,1118
30th Sep 25 2025,46,28,8,2,494,1591,627,1458,894,1192
29th Sep 25 2025,66,63,14,3,460,1628,633,1455,888,1201
26th Sep 25 2025,16,118,19,1,451,1628,621,1458,895,1185
25th Sep 25 2025,40,35,22,1,756,1322,904,1174,1021,1058
24th Sep 25 2025,55,30,21,2,952,1125,1070,1007,1086,992
23rd Sep 25 2025,69,24,22,2,1130,946,1174,902,1128,949
22nd Sep 25 2025,82,41,26,2,1230,852,1219,864,1169,914
19th Sep 25 2025,72,22,21,1,1418,658,1320,758,1192,886
18th Sep 25 2025,60,19,20,1,1463,612,1325,751,1184,892
17th Sep 25 2025,76,20,24,1,1475,597,1319,754,1182,891
16th Sep 25 2025,82,15,19,1,1416,656,1264,809,1153,920
15th Sep 25 2025,93,19,18,1,1330,746,1144,933,1105,972
12th Sep 25 2025,59,12,19,0,1235,837,1092,981,1071,1002
11th Sep 25 2025,58,22,26,0,1238,834,1077,996,1057,1016
10th Sep 25 2025,94,21,18,0,1224,848,1067,1006,1059,1014
9th Sep 25 2025,70,30,25,0,1034,1037,928,1144,1003,1069
8th Sep 25 2025,131,18,32,1,1024,1050,911,1164,1009,1066
5th Sep 25 2025,90,13,27,1,920,1150,875,1196,967,1104
4th Sep 25 2025,52,29,19,2,955,1114,871,1199,985,1085
3rd Sep 25 2025,114,13,16,0,1059,1009,923,1146,999,1070
2nd Sep 25 2025,122,24,11,1,883,1184,797,1272,958,1111
1st Sep 25 2025,127,18,11,3,745,1325,716,1355,920,1151
29th Aug 25 2025,52,25,8,2,521,1542,583,1481,836,1228
28th Aug 25 2025,29,63,6,2,534,1530,602,1463,853,1212
26th Aug 25 2025,30,63,11,3,643,1416,698,1362,916,1144
25th Aug 25 2025,74,35,23,1,958,1105,907,1157,1013,1051
22nd Aug 25 2025,51,18,22,0,928,1130,910,1149,999,1060
21st Aug 25 2025,60,21,22,0,1041,1018,975,1085,1016,1044
20th Aug 25 2025,110,11,21,1,1025,1031,965,1092,1012,1045
19th Aug 25 2025,126,15,21,1,966,1089,915,1141,1003,1053
18th Aug 25 2025,154,33,20,2,791,1268,817,1243,957,1103
14th Aug 25 2025,50,76,17,3,554,1498,650,1402,888,1165
13th Aug 25 2025,114,48,11,5,604,1447,688,1363,924,1128
12th Aug 25 2025,80,52,6,5,506,1545,620,1432,894,1158
11th Aug 25 2025,89,67,6,4,445,1607,606,1447,881,1172
8th Aug 25 2025,50,76,8,4,376,1677,551,1502,850,1203
7th Aug 25 2025,54,54,8,5,445,1608,638,1415,932,1121
6th Aug 25 2025,40,75,8,5,462,1589,643,1408,946,1105
5th Aug 25 2025,50,42,9,5,577,1471,738,1310,1003,1045
4th Aug 25 2025,96,48,13,4,581,1469,782,1268,1027,1023
1st Aug 25 2025,36,119,10,0,450,1596,715,1331,980,1066
31st Jul 25 2025,55,50,10,1,583,1459,866,1176,1078,964
30th Jul 25 2025,93,32,11,1,686,1354,987,1053,1115,925
29th Jul 25 2025,119,18,11,1,617,1423,955,1084,1111,929
28th Jul 25 2025,38,117,10,4,498,1546,807,1237,1052,992
25th Jul 25 2025,25,88,10,3,638,1400,1008,1031,1138,901
24th Jul 25 2025,47,36,12,2,966,1073,1312,727,1274,764
23rd Jul 25 2025,53,28,16,2,1095,942,1366,671,1288,749
22nd Jul 25 2025,60,21,17,2,1046,990,1378,659,1285,752
21st Jul 25 2025,71,37,16,3,1139,900,1434,605,1294,745
18th Jul 25 2025,52,20,16,1,1164,869,1474,559,1313,720
17th Jul 25 2025,66,15,17,1,1337,695,1561,471,1340,692
16th Jul 25 2025,89,13,13,0,1342,690,1562,470,1327,705
15th Jul 25 2025,103,9,9,0,1267,765,1500,532,1293,739
14th Jul 25 2025,73,20,16,1,1006,1028,1367,667,1216,818
11th Jul 25 2025,43,15,7,0,997,1034,1405,626,1214,817
10th Jul 25 2025,69,11,12,1,1222,805,1510,517,1267,760
9th Jul 25 2025,74,9,10,1,1256,769,1512,514,1256,770
8th Jul 25 2025,58,16,12,1,1224,804,1502,526,1251,777
7th Jul 25 2025,69,25,19,1,1281,750,1531,500,1264,767
4th Jul 25 2025,68,15,18,1,1381,648,1576,453,1277,752
3rd Jul 25 2025,73,13,19,1,1367,660,1548,479,1261,766
2nd Jul 25 2025,56,20,20,1,1352,672,1538,486,1234,790
1st Jul 25 2025,85,21,28,0,1450,570,1573,447,1249,771
30th Jun 25 2025,116,17,30,0,1484,537,1577,444,1261,760
27th Jun 25 2025,89,13,23,0,1432,585,1541,476,1243,774
26th Jun 25 2025,65,12,22,0,1370,648,1522,496,1209,809
25th Jun 25 2025,156,7,10,0,1367,650,1518,499,1208,809
24th Jun 25 2025,98,16,5,1,1057,961,1355,662,1113,906
23rd Jun 25 2025,72,21,5,1,840,1180,1204,816,1063,958
20th Jun 25 2025,81,13,8,1,837,1178,1239,776,1048,968
19th Jun 25 2025,18,84,7,0,597,1418,1126,889,1004,1012
18th Jun 25 2025,43,24,6,0,944,1069,1364,649,1119,895
17th Jun 25 2025,52,39,9,1,1026,987,1417,596,1151,863
16th Jun 25 2025,76,15,11,1,1256,760,1515,501,1196,821
13th Jun 25 2025,40,23,17,1,1196,816,1530,482,1166,847
12th Jun 25 2025,39,49,24,0,1435,576,1606,405,1224,788
11th Jun 25 2025,111,20,26,0,1653,356,1717,292,1300,710
10th Jun 25 2025,106,11,31,1,1652,357,1694,315,1280,730
9th Jun 25 2025,158,10,24,0,1635,377,1677,335,1257,756
6th Jun 25 2025,116,18,21,0,1499,511,1584,426,1178,833
5th Jun 25 2025,116,6,15,0,1456,554,1513,497,1130,881
4th Jun 25 2025,98,19,13,0,1374,635,1492,517,1096,914
3rd Jun 25 2025,67,25,17,0,1317,691,1487,521,1072,937
2nd Jun 25 2025,124,48,24,0,1432,576,1522,486,1072,937
30th May 25 2025,94,59,27,0,1451,554,1530,475,1070,936
29th May 25 2025,102,42,34,0,1515,489,1549,455,1106,899
28th May 25 2025,98,32,24,1,1555,448,1562,441,1088,916
27th May 25 2025,81,27,27,1,1601,401,1591,412,1094,909
26th May 25 2025,116,40,19,0,1643,362,1629,377,1076,930
23rd May 25 2025,82,29,22,1,1647,353,1617,384,1056,945
22nd May 25 2025,72,38,25,1,1630,371,1586,416,1017,985
21st May 25 2025,84,36,29,1,1690,310,1611,390,1024,977
20th May 25 2025,57,73,54,1,1662,338,1596,405,990,1011
19th May 25 2025,181,28,81,0,1781,222,1701,303,1058,946
16th May 25 2025,193,26,158,0,1769,231,1657,344,1005,996
15th May 25 2025,152,26,86,0,1727,272,1560,440,939,1061
14th May 25 2025,207,10,42,1,1712,286,1492,507,871,1128
13th May 25 2025,164,17,32,1,1603,395,1307,692,785,1214
12th May 25 2025,981,9,14,2,1465,535,1174,827,741,1260
9th May 25 2025,44,48,8,4,542,1456,652,1347,526,1473
8th May 25 2025,49,39,5,3,638,1362,685,1315,541,1459
7th May 25 2025,86,23,4,4,790,1209,806,1193,587,1412
6th May 25 2025,14,319,5,2,678,1320,711,1287,537,1461
5th May 25 2025,133,23,11,2,1078,921,947,1052,654,1345
6th May 26 2026,209,21,28,4,1900,281,1819,362,1122,1059
5th May 26 2026,109,37,21,5,1640,546,1608,578,1038,1148
4th May 26 2026,193,40,30,4,1725,464,1642,547,1014,1175
30th Apr 26 2026,55,45,13,3,1633,551,1562,622,964,1220
29th Apr 26 2026,87,33,16,1,1750,435,1647,538,975,1210
28th Apr 26 2026,85,23,20,1,1764,421,1644,541,976,1209
27th Apr 26 2026,247,13,22,1,1913,275,1716,472,977,1211
24th Apr 26 2026,36,98,20,1,1694,491,1542,643,881,1304
23rd Apr 26 2026,90,38,31,1,1931,254,1740,445,965,1220
22nd Apr 26 2026,133,23,30,0,2027,158,1854,331,1002,1183
21st Apr 26 2026,119,24,43,1,2057,128,1835,350,960,1225
20th Apr 26 2026,72,51,44,0,2065,122,1795,392,906,1281
17th Apr 26 2026,188,8,78,0,2108,77,1878,307,940,1245
16th Apr 26 2026,139,16,58,0,2069,117,1759,427,848,1338
15th Apr 26 2026,391,8,124,0,2073,112,1681,504,802,1383
13th Apr 26 2026,103,34,91,0,1906,282,1278,910,659,1529
10th Apr 26 2026,244,7,130,1,1975,211,1358,828,660,1526
9th Apr 26 2026,97,30,108,1,1843,345,1018,1170,564,1624
8th Apr 26 2026,912,13,419,1,1926,261,1034,1153,553,1634
7th Apr 26 2026,129,10,64,3,1110,1078,538,1650,427,1761
6th Apr 26 2026,224,12,25,3,954,1234,463,1725,412,1776
2nd Apr 26 2026,186,23,19,3,651,1538,373,1816,375,1814
1st Apr 26 2026,1161,7,12,3,489,1699,335,1853,382,1806
30th Mar 26 2026,33,761,6,40,200,1989,209,1980,312,1877
27th Mar 26 2026,36,657,8,10,297,1891,253,1935,362,1826
25th Mar 26 2026,226,19,6,6,497,1691,331,1857,395,1793
24th Mar 26 2026,300,29,7,7,280,1908,247,1941,352,1836
23rd Mar 26 2026,7,992,5,4,149,2040,169,2020,299,1890
20th Mar 26 2026,102,26,16,3,375,1812,322,1865,396,1791
19th Mar 26 2026,19,307,7,2,268,1920,250,1938,379,1809
18th Mar 26 2026,332,6,7,2,507,1681,391,1797,449,1739
17th Mar 26 2026,103,17,6,7,261,1927,301,1887,407,1781
16th Mar 26 2026,42,123,5,5,193,1996,253,1936,379,1810
13th Mar 26 2026,18,389,8,6,219,1969,295,1893,385,1803
12th Mar 26 2026,61,50,11,5,436,1752,422,1766,452,1736
11th Mar 26 2026,82,53,9,4,445,1743,431,1757,468,1720
10th Mar 26 2026,285,15,9,5,450,1737,440,1748,480,1708
9th Mar 26 2026,25,296,6,12,274,1914,333,1856,415,1774
6th Mar 26 2026,62,43,3,6,396,1790,453,1734,505,1682
5th Mar 26 2026,115,19,7,1,406,1777,468,1716,513,1671
4th Mar 26 2026,50,269,7,3,297,1886,403,1781,470,1714
2nd Mar 26 2026,62,272,5,3,447,1735,491,1692,566,1617
27th Feb 26 2026,44,62,8,1,696,1483,686,1494,672,1508
26th Feb 26 2026,69,21,9,5,838,1341,763,1417,710,1470
25th Feb 26 2026,55,43,5,5,792,1385,745,1433,702,1476
24th Feb 26 2026,25,97,8,4,698,1478,674,1503,686,1491
23rd Feb 26 2026,65,51,5,2,868,1311,790,1390,720,1460
20th Feb 26 2026,51,30,9,5,840,1336,778,1399,712,1465
19th Feb 26 2026,38,54,8,5,809,1365,759,1416,710,1465
18th Feb 26 2026,73,17,4,5,1099,1073,929,1244,776,1397
17th Feb 26 2026,111,19,6,3,1037,1134,864,1308,750,1422
16th Feb 26 2026,53,110,11,3,930,1240,776,1395,728,1443
13th Feb 26 2026,34,167,19,0,962,1206,785,1384,723,1446
12th Feb 26 2026,60,105,24,1,1320,848,1023,1146,791,1377
11th Feb 26 2026,91,64,13,2,1501,666,1120,1048,822,1346
10th Feb 26 2026,138,37,29,1,1584,583,1151,1017,823,1345
9th Feb 26 2026,391,19,49,1,1524,645,1070,1100,808,1362
6th Feb 26 2026,57,76,27,3,1126,1041,767,1401,687,1481
5th Feb 26 2026,55,94,33,6,1161,1006,777,1391,697,1471
4th Feb 26 2026,242,55,45,18,1352,815,843,1325,730,1438
3rd Feb 26 2026,528,12,28,18,1145,1023,746,1422,710,1458
2nd Feb 26 2026,77,77,16,19,454,1715,370,1799,536,1633
1st Feb 26 2026,64,237,9,4,438,1731,360,1809,497,1672
30th Jan 26 2026,175,99,15,6,672,1495,496,1671,607,1560
29th Jan 26 2026,142,64,24,5,535,1632,431,1736,575,1592
28th Jan 26 2026,354,21,12,6,538,1628,425,1741,562,1604
27th Jan 26 2026,100,77,3,10,305,1864,321,1848,488,1681
23rd Jan 26 2026,57,212,2,6,275,1891,293,1873,483,1683
22nd Jan 26 2026,185,56,2,4,361,1805,371,1795,552,1614
21st Jan 26 2026,57,152,20,2,229,1936,291,1874,492,1673
20th Jan 26 2026,28,386,24,1,252,1912,316,1848,528,1636
19th Jan 26 2026,42,93,28,2,455,1711,479,1687,632,1534
16th Jan 26 2026,71,33,26,2,537,1625,540,1622,681,1481
14th Jan 26 2026,83,19,6,1,524,1637,558,1603,694,1467
13th Jan 26 2026,71,17,5,1,487,1674,529,1632,685,1476
12th Jan 26 2026,61,71,6,4,427,1736,509,1654,675,1488
9th Jan 26 2026,17,103,4,4,427,1732,540,1619,694,1465
8th Jan 26 2026,14,141,6,4,671,1489,703,1457,780,1380
7th Jan 26 2026,67,18,13,3,1065,1094,919,1241,868,1292
6th Jan 26 2026,44,29,15,1,1030,1129,883,1276,853,1306
5th Jan 26 2026,63,38,14,1,1149,1012,942,1219,880,1281
2nd Jan 26 2026,103,11,12,1,1323,835,961,1197,884,1274
1st Jan 26 2026,63,17,9,2,1081,1078,832,1327,826,1333
31st Dec 25 2025,85,15,9,2,1053,1104,812,1345,821,1336
30th Dec 25 2025,60,36,11,1,776,1379,692,1463,770,1385
29th Dec 25 2025,47,47,15,0,759,1400,720,1439,776,1383
26th Dec 25 2025,65,23,20,0,932,1224,771,1385,805,1351
24th Dec 25 2025,58,14,14,0,1095,1060,812,1343,825,1330
23rd Dec 25 2025,69,16,9,2,1140,1015,816,1339,830,1325
22nd Dec 25 2025,119,14,8,1,1023,1134,757,1400,817,1340
19th Dec 25 2025,90,15,9,0,710,1443,647,1506,773,1380
18th Dec 25 2025,40,31,11,0,493,1659,540,1612,728,1424
17th Dec 25 2025,34,57,12,0,499,1651,573,1577,737,1413
16th Dec 25 2025,37,28,13,0,627,1523,621,1529,770,1380
15th Dec 25 2025,79,19,15,0,751,1398,680,1469,792,1357
12th Dec 25 2025,99,11,8,2,700,1444,658,1487,773,1372
11th Dec 25 2025,76,15,5,3,507,1636,569,1574,739,1405
10th Dec 25 2025,54,29,7,2,393,1746,485,1654,722,1418
9th Dec 25 2025,131,13,1,2,431,1708,523,1616,728,1412
8th Dec 25 2025,18,244,3,3,327,1814,471,1670,700,1442
5th Dec 25 2025,31,37,3,2,548,1588,629,1507,795,1342
4th Dec 25 2025,31,27,3,3,542,1595,649,1488,805,1333
3rd Dec 25 2025,18,41,1,3,549,1587,649,1487,822,1315
2nd Dec 25 2025,29,32,5,2,659,1477,723,1413,842,1295
1st Dec 25 2025,67,36,7,3,741,1397,757,1382,870,1269
28th Nov 25 2025,57,19,3,3,766,1366,774,1359,873,1260
27th Nov 25 2025,56,19,3,3,750,1380,764,1367,866,1265
26th Nov 25 2025,83,13,4,2,754,1375,768,1362,880,1250
25th Nov 25 2025,73,13,6,3,563,1566,654,1476,828,1302
24th Nov 25 2025,36,137,6,6,525,1606,635,1497,807,1325
21st Nov 25 2025,35,37,6,4,616,1509,705,1422,863,1264
20th Nov 25 2025,41,24,9,3,767,1357,830,1295,902,1223
19th Nov 25 2025,43,41,7,2,797,1325,836,1287,920,1203
18th Nov 25 2025,39,37,12,3,785,1335,843,1278,920,1201
17th Nov 25 2025,97,48,12,3,954,1170,920,1205,968,1157
14th Nov 25 2025,77,43,13,3,881,1236,885,1233,943,1175
13th Nov 25 2025,73,47,13,3,865,1250,883,1233,970,1146
12th Nov 25 2025,107,30,9,4,899,1214,913,1201,979,1135
11th Nov 25 2025,71,55,9,8,751,1364,825,1291,937,1179
10th Nov 25 2025,84,91,12,7,752,1365,825,1293,938,1180
7th Nov 25 2025,74,41,12,3,675,1437,818,1294,935,1177
6th Nov 25 2025,46,149,14,3,613,1498,817,1294,923,1188
4th Nov 25 2025,42,30,16,1,892,1218,983,1127,1028,1082
3rd Nov 25 2025,101,39,18,2,1112,1002,1099,1015,1071,1043
31st Oct 25 2025,47,31,13,1,992,1113,1031,1074,1040,1065
30th Oct 25 2025,54,25,11,1,1142,964,1114,992,1071,1035
29th Oct 25 2025,92,25,13,0,1179,926,1118,987,1082,1023
28th Oct 25 2025,65,30,14,1,1018,1092,1013,1097,1042,1068
27th Oct 25 2025,82,40,21,2,1041,1076,1026,1091,1064,1053
24th Oct 25 2025,53,27,18,3,1002,1108,992,1118,1028,1082
23rd Oct 25 2025,84,48,20,3,1090,1020,1032,1078,1054,1056
21st Oct 25 2025,58,2,24,0,1143,965,1045,1063,1060,1048
20th Oct 25 2025,98,45,16,3,956,1160,932,1184,1015,1101
17th Oct 25 2025,46,43,13,1,861,1246,875,1232,979,1128
16th Oct 25 2025,82,35,16,2,948,1156,936,1168,1012,1092
15th Oct 25 2025,93,28,15,2,845,1259,888,1216,978,1126
14th Oct 25 2025,46,65,24,3,687,1415,793,1309,937,1165
13th Oct 25 2025,56,44,19,4,873,1233,918,1188,1004,1102
10th Oct 25 2025,88,26,21,3,1020,1079,991,1108,1042,1057
9th Oct 25 2025,93,40,33,5,920,1181,941,1160,1019,1082
8th Oct 25 2025,79,26,32,2,831,1267,886,1212,1001,1097
7th Oct 25 2025,63,33,23,1,918,1178,943,1153,1016,1080
6th Oct 25 2025,84,36,19,1,950,1147,959,1138,1018,1079
3rd Oct 25 2025,129,13,11,1,925,1168,940,1153,1030,1064
1st Oct 25 2025,126,9,12,1,699,1391,799,1291,973,1118
30th Sep 25 2025,46,28,8,2,495,1589,627,1457,893,1192
29th Sep 25 2025,66,64,14,3,461,1627,633,1455,888,1201
26th Sep 25 2025,16,117,19,1,452,1626,622,1456,894,1185
25th Sep 25 2025,40,34,22,1,754,1323,903,1174,1019,1059
24th Sep 25 2025,55,30,21,2,950,1126,1068,1008,1084,993
23rd Sep 25 2025,69,23,22,2,1128,947,1172,903,1126,950
22nd Sep 25 2025,82,41,26,2,1230,852,1218,865,1168,915
19th Sep 25 2025,71,22,21,1,1417,658,1318,759,1190,887
18th Sep 25 2025,60,19,20,1,1462,612,1323,752,1184,891
17th Sep 25 2025,77,20,24,1,1475,596,1318,754,1181,891
16th Sep 25 2025,83,15,18,1,1415,656,1263,809,1151,921
15th Sep 25 2025,93,20,17,1,1331,745,1144,933,1104,973
12th Sep 25 2025,58,12,18,0,1234,837,1090,982,1070,1002
11th Sep 25 2025,57,22,25,0,1236,835,1075,997,1056,1016
10th Sep 25 2025,94,21,18,0,1222,849,1066,1006,1058,1014
9th Sep 25 2025,70,30,25,0,1034,1036,927,1144,1002,1069
8th Sep 25 2025,131,19,32,1,1024,1050,911,1164,1009,1066
5th Sep 25 2025,90,13,27,1,919,1150,874,1196,966,1104
4th Sep 25 2025,53,29,20,2,955,1114,871,1199,985,1085
3rd Sep 25 2025,114,13,16,0,1059,1009,923,1146,1000,1069
2nd Sep 25 2025,123,24,11,1,883,1184,797,1272,959,1110
1st Sep 25 2025,128,18,11,3,745,1325,716,1355,921,1150
29th Aug 25 2025,52,25,8,2,521,1542,583,1481,837,1227
28th Aug 25 2025,29,63,6,2,534,1530,602,1463,854,1211
26th Aug 25 2025,30,62,11,3,643,1416,698,1362,916,1144
25th Aug 25 2025,74,35,23,1,958,1105,907,1157,1012,1052
22nd Aug 25 2025,51,18,22,0,928,1130,910,1149,998,1061
21st Aug 25 2025,59,21,22,0,1041,1018,976,1084,1016,1044
20th Aug 25 2025,110,11,21,1,1027,1029,967,1090,1012,1045
19th Aug 25 2025,127,15,21,1,966,1089,916,1140,1003,1053
18th Aug 25 2025,154,33,20,2,792,1267,818,1242,957,1103
14th Aug 25 2025,50,76,17,3,555,1497,651,1401,888,1165
13th Aug 25 2025,114,48,11,5,605,1446,689,1362,924,1128
12th Aug 25 2025,80,52,6,5,507,1544,621,1431,894,1158
11th Aug 25 2025,89,67,6,4,445,1607,606,1447,881,1172
8th Aug 25 2025,50,76,8,4,376,1677,551,1502,850,1203
7th Aug 25 2025,55,53,8,5,446,1607,639,1414,932,1121
6th Aug 25 2025,40,75,8,5,462,1589,643,1408,946,1105
5th Aug 25 2025,50,42,9,5,577,1471,738,1310,1003,1045
4th Aug 25 2025,96,48,13,4,581,1469,782,1268,1026,1024
1st Aug 25 2025,36,119,10,0,450,1596,715,1331,980,1066
31st Jul 25 2025,55,50,10,1,583,1459,866,1176,1078,964
30th Jul 25 2025,93,32,11,1,686,1354,987,1053,1115,925
29th Jul 25 2025,119,18,11,1,617,1423,955,1084,1111,929
28th Jul 25 2025,38,118,10,4,498,1546,807,1237,1052,992
25th Jul 25 2025,25,88,10,3,638,1400,1008,1031,1138,901
24th Jul 25 2025,47,36,12,2,967,1072,1312,727,1274,764
23rd Jul 25 2025,53,28,16,2,1095,942,1366,671,1288,749
22nd Jul 25 2025,60,21,17,2,1047,989,1378,659,1285,752
21st Jul 25 2025,71,37,16,3,1140,899,1434,605,1294,745
18th Jul 25 2025,52,20,16,1,1165,868,1476,557,1314,719
17th Jul 25 2025,66,15,17,1,1338,694,1560,472,1341,691
16th Jul 25 2025,90,13,13,0,1342,690,1562,470,1328,704
15th Jul 25 2025,103,9,9,0,1267,765,1499,533,1294,738
14th Jul 25 2025,73,20,16,1,1006,1028,1367,667,1217,817
11th Jul 25 2025,43,15,7,0,997,1034,1404,627,1215,816
10th Jul 25 2025,69,11,12,1,1222,805,1509,518,1268,759
9th Jul 25 2025,74,9,10,1,1257,768,1512,514,1257,769
8th Jul 25 2025,58,16,12,1,1224,804,1502,526,1252,776
7th Jul 25 2025,69,25,19,1,1280,751,1531,500,1265,766
4th Jul 25 2025,67,15,18,1,1380,649,1576,453,1278,751
3rd Jul 25 2025,73,13,19,0,1366,661,1548,479,1261,766
2nd Jul 25 2025,57,19,20,0,1351,673,1538,486,1234,790
1st Jul 25 2025,85,20,28,0,1451,569,1574,446,1248,772
30th Jun 25 2025,116,16,30,0,1485,536,1578,443,1259,762
27th Jun 25 2025,90,13,23,0,1432,585,1541,476,1241,776
26th Jun 25 2025,65,12,22,0,1370,648,1522,496,1207,811
25th Jun 25 2025,156,7,10,0,1366,651,1517,500,1206,811
24th Jun 25 2025,98,16,5,1,1055,963,1354,663,1111,908
23rd Jun 25 2025,72,20,5,1,838,1182,1203,817,1061,960
20th Jun 25 2025,80,13,7,1,835,1180,1238,777,1046,970
19th Jun 25 2025,18,83,6,0,595,1420,1124,891,1003,1013
18th Jun 25 2025,43,24,5,0,942,1071,1363,650,1117,897
17th Jun 25 2025,51,38,8,1,1024,989,1417,596,1149,865
16th Jun 25 2025,75,16,10,1,1256,760,1515,501,1194,823
13th Jun 25 2025,40,23,17,1,1197,815,1530,482,1165,848
12th Jun 25 2025,40,49,24,0,1435,576,1606,405,1223,789
11th Jun 25 2025,112,20,26,0,1653,356,1717,292,1299,711
10th Jun 25 2025,106,11,31,1,1652,357,1694,315,1279,731
9th Jun 25 2025,158,10,24,0,1635,377,1677,335,1256,757
6th Jun 25 2025,116,18,21,0,1499,511,1584,426,1177,834
5th Jun 25 2025,116,6,15,0,1457,553,1513,497,1129,882
4th Jun 25 2025,98,19,13,0,1375,634,1492,517,1095,915
3rd Jun 25 2025,67,25,17,0,1318,690,1487,521,1071,938
2nd Jun 25 2025,124,48,23,0,1432,576,1522,486,1071,938
30th May 25 2025,94,59,26,0,1451,554,1530,475,1069,937
29th May 25 2025,103,42,34,0,1515,489,1549,455,1105,900
28th May 25 2025,97,32,24,1,1555,448,1562,441,1087,917
27th May 25 2025,80,27,27,1,1601,401,1591,412,1093,910
26th May 25 2025,116,40,19,0,1643,362,1629,377,1076,930
23rd May 25 2025,82,29,22,1,1647,353,1618,383,1056,945
22nd May 25 2025,73,38,25,1,1631,370,1587,415,1017,985
21st May 25 2025,84,36,29,1,1691,309,1612,389,1024,977
20th May 25 2025,57,73,54,1,1663,337,1597,404,990,1011
19th May 25 2025,182,28,81,0,1781,222,1702,302,1058,946
16th May 25 2025,194,26,160,0,1769,231,1658,343,1005,996
15th May 25 2025,152,26,86,0,1727,272,1560,440,939,1061
14th May 25 2025,208,10,42,1,1713,285,1491,508,871,1128
13th May 25 2025,165,17,32,1,1603,395,1306,693,784,1215
12th May 25 2025,984,9,14,2,1464,536,1172,829,740,1261
9th May 25 2025,44,48,8,4,541,1457,650,1349,525,1474
8th May 25 2025,49,39,5,3,637,1363,684,1316,540,1460
7th May 25 2025,86,23,4,4,789,1210,804,1195,586,1413
6th May 25 2025,14,319,5,2,677,1321,710,1288,536,1462
5th May 25 2025,133,23,11,2,1075,924,945,1054,653,1346
2nd May 25 2025,38,33,6,4,826,1173,829,1170,606,1393
30th Apr 25 2025,17,107,7,5,880,1117,837,1160,609,1388
27th Apr 26 2026,251,13,20,1,1908,267,1713,462,971,1204
24th Apr 26 2026,35,98,18,1,1687,490,1534,643,876,1301
23rd Apr 26 2026,88,38,30,1,1923,254,1736,441,959,1218
22nd Apr 26 2026,130,23,28,0,2019,158,1847,330,997,1180
21st Apr 26 2026,119,24,41,1,2049,128,1830,347,955,1222
20th Apr 26 2026,73,51,43,0,2058,121,1789,390,902,1277
17th Apr 26 2026,187,8,78,0,2100,77,1872,305,936,1241
16th Apr 26 2026,136,16,58,0,2062,116,1755,423,846,1332
15th Apr 26 2026,391,8,124,0,2068,109,1677,500,800,1377
13th Apr 26 2026,103,33,90,0,1901,279,1278,902,657,1523
10th Apr 26 2026,244,7,129,1,1969,209,1356,822,660,1518
9th Apr 26 2026,97,30,107,1,1836,344,1016,1164,564,1616
8th Apr 26 2026,908,13,418,1,1919,260,1033,1146,554,1625
7th Apr 26 2026,130,10,64,3,1105,1075,536,1644,428,1752
6th Apr 26 2026,223,12,24,3,950,1230,460,1720,413,1767
2nd Apr 26 2026,183,23,19,3,649,1532,372,1809,376,1805
1st Apr 26 2026,1160,7,11,3,487,1693,333,1847,383,1797
30th Mar 26 2026,34,761,6,41,198,1983,208,1973,313,1868
27th Mar 26 2026,34,656,8,10,295,1885,252,1928,363,1817
25th Mar 26 2026,223,19,6,6,494,1686,331,1849,396,1784
24th Mar 26 2026,297,30,7,7,278,1902,247,1933,353,1827
23rd Mar 26 2026,7,984,5,4,149,2032,168,2013,300,1881
20th Mar 26 2026,101,26,16,3,372,1807,322,1857,396,1783
19th Mar 26 2026,18,306,7,2,266,1914,250,1930,379,1801
18th Mar 26 2026,329,6,8,2,503,1677,392,1788,449,1731
17th Mar 26 2026,102,16,7,6,261,1919,302,1878,406,1774
16th Mar 26 2026,43,121,6,5,192,1989,255,1926,380,1801
13th Mar 26 2026,19,387,8,5,218,1962,296,1884,385,1795
12th Mar 26 2026,60,49,11,4,436,1744,423,1757,451,1729
11th Mar 26 2026,82,52,9,3,445,1735,433,1747,469,1711
10th Mar 26 2026,284,15,9,4,450,1729,442,1738,480,1700
9th Mar 26 2026,25,294,6,12,275,1905,334,1847,418,1763
6th Mar 26 2026,60,41,3,6,396,1783,454,1726,505,1675
5th Mar 26 2026,115,17,7,1,407,1771,472,1707,515,1664
4th Mar 26 2026,48,269,7,3,298,1881,406,1774,472,1708
2nd Mar 26 2026,62,272,5,3,450,1730,494,1687,568,1613
27th Feb 26 2026,44,64,8,1,697,1480,688,1490,673,1505
26th Feb 26 2026,70,20,9,5,839,1338,765,1413,711,1467
25th Feb 26 2026,55,43,5,5,794,1381,746,1430,703,1473
24th Feb 26 2026,25,96,8,4,700,1474,676,1499,687,1488
23rd Feb 26 2026,65,50,5,2,868,1309,792,1386,721,1457
20th Feb 26 2026,51,30,9,5,840,1334,780,1395,713,1462
19th Feb 26 2026,39,54,8,5,810,1362,762,1411,711,1462
18th Feb 26 2026,72,17,4,5,1101,1069,932,1239,777,1394
17th Feb 26 2026,111,19,6,3,1040,1129,868,1302,751,1419
16th Feb 26 2026,55,108,12,3,932,1236,779,1390,729,1440
13th Feb 26 2026,33,166,21,0,964,1202,788,1379,724,1443
12th Feb 26 2026,60,103,26,1,1321,845,1027,1140,793,1373
11th Feb 26 2026,91,66,14,2,1502,663,1123,1043,823,1343
10th Feb 26 2026,140,37,32,1,1586,579,1154,1012,824,1342
9th Feb 26 2026,391,19,50,1,1524,643,1072,1096,809,1359
6th Feb 26 2026,59,77,28,3,1123,1042,767,1399,687,1479
5th Feb 26 2026,55,92,32,6,1160,1005,776,1390,697,1469
4th Feb 26 2026,242,55,43,18,1350,815,842,1324,730,1436
3rd Feb 26 2026,527,12,27,18,1145,1021,746,1420,711,1455
2nd Feb 26 2026,77,76,15,19,454,1713,373,1794,537,1630
1st Feb 26 2026,63,237,9,4,438,1729,362,1805,498,1669
30th Jan 26 2026,173,99,15,6,676,1489,498,1667,608,1557
29th Jan 26 2026,142,65,24,5,538,1627,434,1731,576,1589
28th Jan 26 2026,354,21,12,6,542,1622,428,1736,563,1601
27th Jan 26 2026,99,77,3,11,309,1858,325,1842,490,1677
23rd Jan 26 2026,59,212,2,6,279,1885,297,1867,485,1679
22nd Jan 26 2026,186,56,2,4,364,1800,374,1790,553,1611
21st Jan 26 2026,57,152,20,2,231,1932,293,1870,493,1670
20th Jan 26 2026,28,385,24,1,254,1908,318,1844,529,1633
19th Jan 26 2026,42,93,29,2,456,1708,481,1683,633,1531
16th Jan 26 2026,71,33,27,2,538,1622,541,1619,682,1478
14th Jan 26 2026,84,19,7,1,525,1634,560,1599,695,1464
13th Jan 26 2026,73,17,5,1,488,1671,531,1628,685,1474
12th Jan 26 2026,60,73,6,3,427,1734,509,1652,676,1485
9th Jan 26 2026,17,101,4,3,427,1730,541,1616,694,1463
8th Jan 26 2026,15,140,6,3,672,1486,704,1454,779,1379
7th Jan 26 2026,68,17,13,3,1067,1091,920,1238,866,1292
6th Jan 26 2026,44,28,15,1,1030,1127,885,1272,851,1306
5th Jan 26 2026,63,37,14,1,1147,1012,941,1218,877,1282
2nd Jan 26 2026,103,11,12,1,1323,833,961,1195,880,1276
1st Jan 26 2026,63,16,9,2,1082,1075,833,1324,823,1334
31st Dec 25 2025,85,14,9,2,1053,1102,811,1344,818,1337
30th Dec 25 2025,59,37,11,1,775,1378,692,1461,768,1385
29th Dec 25 2025,47,46,15,0,759,1398,722,1435,774,1383
26th Dec 25 2025,65,23,20,0,934,1220,773,1381,803,1351
24th Dec 25 2025,58,14,14,0,1097,1056,813,1340,822,1331
23rd Dec 25 2025,69,15,9,2,1143,1010,820,1333,828,1325
22nd Dec 25 2025,119,13,8,1,1023,1132,758,1397,814,1341
19th Dec 25 2025,90,15,9,0,712,1439,649,1502,770,1381
18th Dec 25 2025,40,31,11,0,494,1656,542,1608,725,1425
17th Dec 25 2025,33,57,12,0,499,1649,573,1575,734,1414
16th Dec 25 2025,37,28,13,0,628,1520,623,1525,767,1381
15th Dec 25 2025,79,19,15,0,751,1396,680,1467,788,1359
12th Dec 25 2025,100,11,8,2,700,1442,657,1486,769,1374
11th Dec 25 2025,76,15,5,3,505,1636,567,1574,735,1407
10th Dec 25 2025,54,29,7,2,391,1746,483,1654,718,1420
9th Dec 25 2025,132,14,1,2,429,1708,522,1615,724,1414
8th Dec 25 2025,17,245,3,3,326,1813,469,1670,697,1443
5th Dec 25 2025,31,37,3,2,549,1586,629,1506,792,1344
4th Dec 25 2025,31,27,3,3,542,1594,649,1487,802,1335
3rd Dec 25 2025,18,40,1,3,548,1587,648,1487,819,1317
2nd Dec 25 2025,30,33,5,2,658,1477,721,1414,839,1297
1st Dec 25 2025,67,35,7,3,742,1394,756,1381,866,1271
28th Nov 25 2025,58,19,4,3,765,1366,773,1359,870,1262
27th Nov 25 2025,55,19,4,3,750,1380,765,1366,864,1267
26th Nov 25 2025,84,13,5,2,754,1375,770,1360,878,1252
25th Nov 25 2025,73,13,7,3,564,1565,654,1476,826,1304
24th Nov 25 2025,37,134,7,6,524,1606,633,1498,804,1327
21st Nov 25 2025,34,36,6,4,614,1511,703,1424,861,1266
20th Nov 25 2025,41,24,9,3,768,1356,828,1297,901,1224
19th Nov 25 2025,43,41,7,2,798,1324,836,1287,919,1204
18th Nov 25 2025,39,38,12,3,787,1333,844,1277,920,1201
17th Nov 25 2025,97,48,12,3,954,1169,921,1203,966,1158
14th Nov 25 2025,77,43,13,3,883,1234,885,1233,942,1176
13th Nov 25 2025,75,45,13,3,867,1248,884,1232,969,1147
12th Nov 25 2025,107,30,9,4,900,1213,912,1202,977,1137
11th Nov 25 2025,72,55,9,8,751,1364,824,1292,935,1181
10th Nov 25 2025,86,91,12,7,751,1365,824,1293,935,1182
7th Nov 25 2025,75,42,12,3,673,1439,817,1295,933,1179
6th Nov 25 2025,44,149,14,3,610,1501,813,1298,918,1193
4th Nov 25 2025,42,28,16,1,887,1223,978,1132,1025,1085
3rd Nov 25 2025,101,39,18,2,1107,1006,1093,1020,1066,1047
31st Oct 25 2025,47,32,13,1,988,1117,1027,1078,1036,1069
30th Oct 25 2025,52,25,11,1,1139,966,1110,995,1066,1039
29th Oct 25 2025,90,25,12,0,1175,929,1113,991,1077,1027
28th Oct 25 2025,64,30,14,1,1014,1095,1010,1099,1038,1071
27th Oct 25 2025,83,38,21,2,1038,1078,1024,1092,1060,1056
24th Oct 25 2025,53,27,18,3,999,1110,988,1121,1024,1085
23rd Oct 25 2025,81,48,20,3,1085,1024,1028,1081,1050,1059
21st Oct 25 2025,58,2,24,0,1139,968,1042,1065,1056,1051
20th Oct 25 2025,99,44,16,3,953,1162,930,1185,1011,1104
17th Oct 25 2025,46,43,13,1,857,1249,872,1234,975,1131
16th Oct 25 2025,80,35,16,2,942,1161,933,1170,1008,1095
15th Oct 25 2025,92,28,15,2,841,1262,885,1218,974,1129
14th Oct 25 2025,45,65,24,3,684,1417,790,1311,933,1168
13th Oct 25 2025,55,45,18,4,871,1234,916,1189,1000,1105
10th Oct 25 2025,88,26,20,3,1020,1079,990,1109,1039,1060
9th Oct 25 2025,93,40,32,5,919,1182,939,1162,1016,1085
8th Oct 25 2025,78,26,31,2,830,1268,884,1214,998,1100
7th Oct 25 2025,61,33,23,1,916,1180,942,1154,1013,1083
6th Oct 25 2025,82,37,19,1,950,1146,956,1140,1014,1082
3rd Oct 25 2025,127,13,11,1,924,1169,940,1153,1027,1067
1st Oct 25 2025,126,9,12,1,700,1390,798,1292,970,1121
30th Sep 25 2025,46,28,8,2,493,1591,626,1458,890,1195
29th Sep 25 2025,66,62,13,3,460,1627,633,1454,884,1204
26th Sep 25 2025,14,117,18,1,451,1627,619,1459,891,1188
25th Sep 25 2025,40,35,21,1,754,1323,902,1175,1017,1061
24th Sep 25 2025,55,31,20,2,950,1126,1067,1009,1082,995
23rd Sep 25 2025,69,24,21,2,1128,947,1172,903,1124,952
22nd Sep 25 2025,81,42,25,2,1227,854,1215,867,1165,917
19th Sep 25 2025,71,22,21,1,1414,661,1315,762,1188,889
18th Sep 25 2025,60,19,20,1,1460,614,1322,753,1180,895
17th Sep 25 2025,75,20,24,1,1475,596,1318,754,1178,894
16th Sep 25 2025,83,15,19,1,1414,657,1264,808,1149,923
15th Sep 25 2025,93,19,18,1,1328,747,1142,934,1101,975
12th Sep 25 2025,59,12,19,0,1232,839,1090,982,1067,1005
11th Sep 25 2025,58,22,26,0,1234,837,1075,997,1053,1019
10th Sep 25 2025,93,21,18,0,1221,850,1065,1007,1055,1017
9th Sep 25 2025,70,31,25,0,1034,1036,927,1144,999,1072
8th Sep 25 2025,132,18,32,1,1023,1050,911,1163,1005,1069
5th Sep 25 2025,90,14,27,1,918,1151,873,1197,963,1107
4th Sep 25 2025,51,29,19,2,952,1116,868,1201,981,1088
3rd Sep 25 2025,114,13,16,0,1057,1010,921,1147,997,1071
2nd Sep 25 2025,121,24,11,1,881,1185,795,1273,956,1112
1st Sep 25 2025,128,19,11,3,745,1324,714,1356,919,1151
29th Aug 25 2025,52,25,8,2,520,1542,582,1481,834,1229
28th Aug 25 2025,29,62,6,2,534,1529,602,1462,851,1213
26th Aug 25 2025,30,63,11,3,643,1415,697,1362,914,1145
25th Aug 25 2025,74,34,23,1,956,1106,905,1158,1010,1053
22nd Aug 25 2025,51,18,22,0,928,1129,909,1149,997,1061
21st Aug 25 2025,59,21,21,0,1040,1018,974,1085,1014,1045
20th Aug 25 2025,108,11,20,1,1025,1030,965,1091,1010,1046
19th Aug 25 2025,125,15,20,1,966,1088,914,1141,1001,1054
18th Aug 25 2025,153,33,20,2,793,1265,817,1242,955,1104
14th Aug 25 2025,49,76,17,3,557,1494,650,1401,886,1166
13th Aug 25 2025,114,47,11,5,606,1444,688,1362,922,1129
12th Aug 25 2025,80,52,6,5,506,1544,619,1432,892,1159
11th Aug 25 2025,89,65,6,4,445,1606,606,1446,880,1172
8th Aug 25 2025,50,75,8,4,377,1675,551,1501,849,1203
7th Aug 25 2025,54,53,8,5,446,1606,638,1414,929,1123
6th Aug 25 2025,40,75,8,5,463,1587,643,1407,943,1107
5th Aug 25 2025,50,42,9,5,578,1469,739,1308,1000,1047
4th Aug 25 2025,96,48,13,4,582,1467,782,1267,1024,1025
1st Aug 25 2025,36,119,10,0,450,1595,714,1331,977,1068
31st Jul 25 2025,55,50,10,1,584,1457,865,1176,1075,966
30th Jul 25 2025,92,32,11,1,685,1354,985,1054,1112,927
29th Jul 25 2025,120,18,11,1,616,1423,954,1084,1108,931
28th Jul 25 2025,37,118,10,4,496,1547,805,1238,1049,994
25th Jul 25 2025,25,88,10,3,637,1400,1008,1030,1136,902
24th Jul 25 2025,48,36,12,2,965,1073,1308,730,1270,767
23rd Jul 25 2025,53,28,16,2,1091,945,1361,675,1284,752
22nd Jul 25 2025,60,21,17,2,1044,991,1375,661,1282,754
21st Jul 25 2025,71,36,16,3,1138,900,1432,606,1291,747
18th Jul 25 2025,52,20,16,1,1162,870,1473,559,1309,723
17th Jul 25 2025,65,15,16,1,1335,696,1558,473,1336,695
16th Jul 25 2025,88,13,13,0,1339,692,1559,472,1322,709
15th Jul 25 2025,102,9,9,0,1262,769,1497,534,1288,743
14th Jul 25 2025,71,20,16,1,1004,1029,1364,669,1212,821
11th Jul 25 2025,42,15,7,0,995,1035,1402,628,1212,818
10th Jul 25 2025,69,10,12,1,1219,807,1508,518,1264,762
9th Jul 25 2025,74,8,10,1,1254,770,1514,511,1254,771
8th Jul 25 2025,58,16,12,1,1224,803,1500,527,1248,779
7th Jul 25 2025,68,25,19,1,1281,749,1528,502,1261,769
4th Jul 25 2025,67,15,18,1,1380,648,1573,455,1274,754
3rd Jul 25 2025,72,14,19,1,1367,659,1545,481,1257,769
2nd Jul 25 2025,56,20,20,1,1351,672,1536,487,1230,793
1st Jul 25 2025,84,21,27,0,1448,571,1571,448,1246,773
30th Jun 25 2025,117,17,29,0,1483,537,1576,444,1258,762
27th Jun 25 2025,91,13,23,0,1430,586,1539,477,1240,776
26th Jun 25 2025,63,12,22,0,1366,651,1521,496,1206,811
25th Jun 25 2025,155,6,10,0,1364,652,1516,500,1206,810
24th Jun 25 2025,97,15,5,1,1053,964,1352,664,1108,910
23rd Jun 25 2025,72,19,5,1,837,1182,1202,817,1060,960
20th Jun 25 2025,81,11,7,1,835,1179,1238,776,1046,969
19th Jun 25 2025,17,83,6,0,595,1419,1125,889,999,1016
18th Jun 25 2025,41,24,4,0,941,1071,1362,650,1115,898
17th Jun 25 2025,50,39,7,1,1023,989,1414,598,1147,866
16th Jun 25 2025,74,15,9,1,1256,759,1513,502,1194,822
13th Jun 25 2025,38,23,16,1,1197,814,1528,483,1166,846
12th Jun 25 2025,38,49,23,0,1435,575,1605,405,1224,787
11th Jun 25 2025,111,20,26,0,1654,354,1716,292,1300,709
10th Jun 25 2025,106,12,31,1,1651,357,1693,315,1279,730
9th Jun 25 2025,158,10,24,0,1636,375,1677,334,1257,755
6th Jun 25 2025,116,18,21,0,1499,510,1583,426,1178,832
5th Jun 25 2025,116,6,15,0,1456,553,1511,498,1129,881
4th Jun 25 2025,98,20,13,0,1373,635,1492,516,1095,914
3rd Jun 25 2025,67,24,17,0,1318,689,1487,520,1071,937
2nd Jun 25 2025,124,48,24,0,1432,575,1523,484,1072,936
30th May 25 2025,94,59,27,0,1450,554,1531,473,1070,935
29th May 25 2025,102,42,34,0,1514,489,1550,453,1106,898
28th May 25 2025,97,32,24,1,1555,447,1563,439,1087,916
27th May 25 2025,80,27,27,1,1602,399,1591,411,1093,909
26th May 25 2025,116,39,19,0,1643,361,1629,376,1075,930
23rd May 25 2025,82,29,22,1,1648,351,1617,383,1055,945
22nd May 25 2025,72,38,25,1,1629,371,1585,416,1016,985
21st May 25 2025,83,37,29,1,1690,309,1612,388,1023,977
20th May 25 2025,56,75,54,1,1663,336,1597,403,989,1011
19th May 25 2025,182,29,82,0,1783,219,1702,301,1057,946
16th May 25 2025,194,26,161,0,1770,229,1658,342,1005,995
15th May 25 2025,153,26,88,0,1728,270,1561,438,938,1061
14th May 25 2025,208,10,44,0,1713,284,1493,505,871,1127
13th May 25 2025,168,16,34,0,1603,394,1308,690,784,1214
12th May 25 2025,985,9,15,1,1463,536,1174,826,739,1261
9th May 25 2025,43,48,8,4,541,1456,649,1349,524,1474
8th May 25 2025,50,39,5,3,637,1362,684,1315,539,1460
7th May 25 2025,85,23,4,4,788,1210,804,1194,585,1413
6th May 25 2025,14,319,5,2,678,1319,710,1287,536,1461
5th May 25 2025,132,23,12,2,1077,921,947,1051,653,1345
2nd May 25 2025,40,32,7,4,826,1172,830,1168,605,1393
30th Apr 25 2025,18,108,7,5,882,1114,838,1158,608,1388
29th Apr 25 2025,57,29,10,2,1240,756,1052,944,665,1331
28th Apr 25 2025,65,37,18,2,1292,706,1082,916,678,1320
25th Apr 25 2025,20,367,18,1,1304,691,1052,943,658,1337
24th Apr 25 2025,87,28,29,2,1766,231,1428,569,780,1217
23rd Apr 25 2025,96,18,44,2,1786,211,1407,590,788,1209
22nd Apr 25 2025,136,16,73,2,1785,211,1395,601,771,1225
24th Apr 26 2026,37,101,18,1,1709,466,1551,623,883,1292
23rd Apr 26 2026,87,39,29,1,1927,253,1740,440,962,1218
22nd Apr 26 2026,129,23,28,0,2022,158,1851,329,1001,1179
21st Apr 26 2026,119,23,41,1,2052,128,1833,347,959,1221
20th Apr 26 2026,74,51,43,0,2062,120,1793,389,905,1277
17th Apr 26 2026,188,7,78,0,2102,78,1876,304,940,1240
16th Apr 26 2026,135,16,57,0,2064,117,1758,423,849,1332
15th Apr 26 2026,390,8,123,0,2069,111,1681,499,803,1377
13th Apr 26 2026,105,34,88,0,1903,280,1280,903,660,1523
10th Apr 26 2026,243,7,127,1,1972,209,1357,824,662,1519
9th Apr 26 2026,96,30,107,1,1840,343,1018,1165,566,1617
8th Apr 26 2026,911,13,417,1,1922,260,1035,1147,557,1625
7th Apr 26 2026,130,10,63,3,1105,1078,540,1643,431,1752
6th Apr 26 2026,223,12,24,3,950,1233,463,1720,416,1767
2nd Apr 26 2026,183,23,19,3,650,1534,375,1809,379,1805
1st Apr 26 2026,1159,7,11,3,488,1695,337,1846,386,1797
30th Mar 26 2026,34,757,6,41,199,1985,211,1973,316,1868
27th Mar 26 2026,34,655,8,10,296,1887,255,1928,366,1817
25th Mar 26 2026,223,19,6,6,496,1687,334,1849,399,1784
24th Mar 26 2026,296,30,7,7,280,1903,250,1933,356,1827
23rd Mar 26 2026,7,984,5,4,151,2033,171,2013,303,1881
20th Mar 26 2026,101,26,16,3,376,1806,326,1856,399,1783
19th Mar 26 2026,18,306,7,2,271,1912,254,1929,382,1801
18th Mar 26 2026,328,7,9,2,507,1676,395,1788,453,1730
17th Mar 26 2026,103,17,8,6,264,1919,305,1878,410,1773
16th Mar 26 2026,43,122,7,5,195,1989,258,1926,383,1801
13th Mar 26 2026,20,388,9,5,221,1962,299,1884,388,1795
12th Mar 26 2026,62,49,11,4,439,1744,426,1757,454,1729
11th Mar 26 2026,80,52,9,3,447,1736,435,1748,472,1711
10th Mar 26 2026,283,15,9,4,453,1729,445,1738,484,1699
9th Mar 26 2026,25,293,6,12,277,1906,338,1846,420,1764
6th Mar 26 2026,60,40,4,6,398,1784,458,1725,508,1675
5th Mar 26 2026,115,17,9,1,409,1772,475,1707,518,1664
4th Mar 26 2026,48,267,8,3,299,1883,408,1775,474,1709
2nd Mar 26 2026,63,273,6,3,451,1732,497,1687,570,1614
27th Feb 26 2026,44,64,8,1,699,1482,693,1489,677,1505
26th Feb 26 2026,71,20,9,5,843,1338,770,1412,715,1467
25th Feb 26 2026,56,44,5,5,798,1383,751,1431,707,1475
24th Feb 26 2026,25,98,9,4,706,1474,681,1500,692,1489
23rd Feb 26 2026,65,50,6,2,873,1310,797,1387,726,1458
20th Feb 26 2026,51,30,10,5,846,1334,786,1395,718,1463
19th Feb 26 2026,40,54,9,5,816,1362,768,1411,716,1463
18th Feb 26 2026,73,17,5,5,1107,1069,938,1239,782,1395
17th Feb 26 2026,114,19,7,3,1046,1129,874,1302,757,1419
16th Feb 26 2026,54,108,13,3,936,1238,784,1391,734,1441
13th Feb 26 2026,34,167,22,0,969,1203,793,1380,729,1444
12th Feb 26 2026,60,104,27,1,1325,847,1031,1142,797,1375
11th Feb 26 2026,93,67,14,2,1506,665,1126,1046,827,1345
10th Feb 26 2026,142,37,33,1,1590,580,1158,1013,828,1343
9th Feb 26 2026,392,19,51,1,1530,643,1076,1098,811,1363
6th Feb 26 2026,59,77,29,3,1129,1042,773,1399,689,1483
5th Feb 26 2026,56,92,34,6,1166,1005,782,1390,700,1472
4th Feb 26 2026,244,55,45,18,1355,816,847,1325,732,1440
3rd Feb 26 2026,531,12,28,18,1150,1022,751,1421,712,1460
2nd Feb 26 2026,78,75,16,19,457,1716,375,1798,538,1635
1st Feb 26 2026,64,238,9,4,440,1733,364,1809,498,1675
30th Jan 26 2026,174,99,15,6,677,1494,500,1671,608,1563
29th Jan 26 2026,143,65,25,5,539,1632,436,1735,576,1595
28th Jan 26 2026,354,21,12,6,543,1627,430,1740,563,1607
27th Jan 26 2026,102,76,4,11,311,1862,327,1846,490,1683
23rd Jan 26 2026,60,212,2,6,279,1891,298,1872,485,1685
22nd Jan 26 2026,186,56,2,4,365,1805,375,1795,553,1617
21st Jan 26 2026,58,152,20,2,233,1936,293,1876,493,1676
20th Jan 26 2026,29,387,24,1,255,1913,318,1850,529,1639
19th Jan 26 2026,42,93,29,2,457,1713,481,1689,633,1537
16th Jan 26 2026,71,33,27,2,538,1628,541,1625,682,1484
14th Jan 26 2026,84,21,7,1,525,1640,560,1605,695,1470
13th Jan 26 2026,73,18,5,1,490,1675,532,1633,685,1480
12th Jan 26 2026,62,74,6,3,429,1738,511,1656,676,1491
9th Jan 26 2026,17,105,4,3,429,1734,543,1620,694,1469
8th Jan 26 2026,16,140,7,3,674,1490,706,1458,780,1384
7th Jan 26 2026,69,18,14,3,1069,1095,922,1242,867,1297
6th Jan 26 2026,45,28,16,1,1032,1131,886,1277,852,1311
5th Jan 26 2026,64,37,15,1,1150,1015,943,1222,878,1287
2nd Jan 26 2026,104,11,13,1,1327,835,962,1200,881,1281
1st Jan 26 2026,64,16,10,2,1086,1077,835,1328,824,1339
31st Dec 25 2025,86,15,9,2,1056,1105,812,1349,819,1342
30th Dec 25 2025,60,37,11,1,778,1381,693,1466,769,1390
29th Dec 25 2025,47,47,15,0,760,1403,722,1441,775,1388
26th Dec 25 2025,65,23,20,0,935,1225,774,1386,804,1356
24th Dec 25 2025,58,15,14,0,1099,1060,814,1345,823,1336
23rd Dec 25 2025,70,15,9,2,1144,1015,820,1339,829,1330
22nd Dec 25 2025,119,14,8,1,1025,1136,759,1402,815,1346
19th Dec 25 2025,90,15,9,0,712,1445,649,1508,771,1386
18th Dec 25 2025,40,30,11,0,494,1662,542,1614,726,1430
17th Dec 25 2025,33,57,12,0,499,1655,574,1580,735,1419
16th Dec 25 2025,37,28,13,0,629,1525,623,1531,768,1386
15th Dec 25 2025,79,20,15,1,752,1401,680,1473,789,1364
12th Dec 25 2025,100,12,8,3,702,1446,657,1492,770,1379
11th Dec 25 2025,77,16,5,4,507,1640,568,1579,736,1412
10th Dec 25 2025,54,29,7,3,393,1750,484,1659,719,1425
9th Dec 25 2025,133,15,1,3,431,1712,522,1621,725,1419
8th Dec 25 2025,18,247,3,3,327,1818,470,1675,698,1448
5th Dec 25 2025,32,38,3,3,550,1591,630,1511,794,1348
4th Dec 25 2025,31,28,3,4,542,1600,649,1493,803,1340
3rd Dec 25 2025,18,42,1,3,549,1592,649,1492,820,1322
2nd Dec 25 2025,30,33,5,2,659,1482,723,1418,840,1302
1st Dec 25 2025,66,38,7,3,743,1399,757,1386,867,1276
28th Nov 25 2025,60,20,4,3,767,1370,776,1362,872,1266
27th Nov 25 2025,56,20,4,3,752,1383,767,1369,866,1270
26th Nov 25 2025,85,13,5,2,756,1378,772,1363,880,1255
25th Nov 25 2025,74,13,7,3,566,1568,656,1479,828,1307
24th Nov 25 2025,37,137,7,6,525,1610,634,1502,805,1331
21st Nov 25 2025,34,37,6,4,616,1514,705,1427,862,1270
20th Nov 25 2025,41,24,9,3,770,1359,831,1299,902,1228
19th Nov 25 2025,43,42,7,2,800,1327,839,1289,920,1208
18th Nov 25 2025,39,38,12,3,788,1337,846,1280,921,1205
17th Nov 25 2025,97,49,12,3,955,1173,922,1207,967,1162
14th Nov 25 2025,77,43,13,3,886,1236,887,1236,943,1180
13th Nov 25 2025,75,48,13,3,869,1251,885,1236,970,1151
12th Nov 25 2025,107,30,9,4,903,1215,914,1205,979,1140
11th Nov 25 2025,72,55,9,8,754,1366,826,1295,937,1184
10th Nov 25 2025,86,91,12,7,754,1367,826,1296,937,1185
7th Nov 25 2025,75,42,12,3,676,1441,821,1296,935,1182
6th Nov 25 2025,46,149,14,3,614,1502,817,1299,922,1194
4th Nov 25 2025,42,29,16,1,891,1224,981,1134,1027,1088
3rd Nov 25 2025,101,39,18,2,1110,1008,1096,1022,1069,1049
31st Oct 25 2025,47,32,13,1,991,1119,1030,1080,1039,1071
30th Oct 25 2025,52,25,11,1,1142,968,1113,997,1069,1041
29th Oct 25 2025,91,25,13,0,1178,931,1116,993,1080,1029
28th Oct 25 2025,65,30,14,1,1016,1098,1012,1102,1040,1074
27th Oct 25 2025,83,39,21,2,1041,1080,1026,1095,1062,1059
24th Oct 25 2025,53,27,18,3,1001,1113,991,1123,1026,1088
23rd Oct 25 2025,82,48,20,3,1088,1026,1031,1083,1052,1062
21st Oct 25 2025,58,2,24,0,1141,971,1044,1068,1058,1054
20th Oct 25 2025,99,45,16,3,955,1165,932,1188,1014,1106
17th Oct 25 2025,46,43,13,1,860,1251,874,1237,978,1133
16th Oct 25 2025,81,35,16,2,946,1162,936,1172,1011,1097
15th Oct 25 2025,92,28,15,2,843,1265,887,1221,977,1131
14th Oct 25 2025,45,67,24,3,686,1420,793,1313,936,1170
13th Oct 25 2025,57,45,18,4,874,1236,919,1191,1003,1107
10th Oct 25 2025,88,26,20,3,1023,1081,993,1111,1042,1062
9th Oct 25 2025,93,40,32,5,922,1184,941,1165,1018,1088
8th Oct 25 2025,78,26,31,2,831,1272,886,1217,1000,1103
7th Oct 25 2025,62,33,23,1,917,1184,944,1157,1015,1086
6th Oct 25 2025,83,37,19,1,951,1150,957,1144,1015,1086
3rd Oct 25 2025,128,13,11,1,926,1172,941,1157,1029,1070
1st Oct 25 2025,126,9,12,1,702,1393,800,1295,972,1124
30th Sep 25 2025,46,29,8,2,496,1593,628,1461,892,1198
29th Sep 25 2025,66,63,14,3,462,1630,635,1457,886,1207
26th Sep 25 2025,15,118,19,1,454,1629,621,1462,893,1191
25th Sep 25 2025,42,35,22,1,757,1325,905,1177,1019,1064
24th Sep 25 2025,56,31,21,2,953,1128,1070,1011,1084,998
23rd Sep 25 2025,70,24,22,2,1132,948,1175,905,1126,955
22nd Sep 25 2025,83,42,26,2,1232,854,1219,868,1167,920
19th Sep 25 2025,72,22,21,1,1419,661,1319,763,1190,892
18th Sep 25 2025,60,19,20,1,1466,613,1326,754,1183,897
17th Sep 25 2025,76,19,24,1,1480,596,1321,756,1180,897
16th Sep 25 2025,83,14,19,1,1417,659,1265,812,1150,927
15th Sep 25 2025,92,19,18,1,1331,749,1143,938,1101,980
12th Sep 25 2025,59,12,19,0,1236,840,1092,985,1068,1009
11th Sep 25 2025,58,22,26,0,1237,839,1077,1000,1054,1023
10th Sep 25 2025,95,21,18,0,1224,852,1067,1010,1056,1021
9th Sep 25 2025,71,31,25,0,1037,1038,928,1148,1000,1076
8th Sep 25 2025,132,18,32,1,1024,1054,911,1168,1005,1074
5th Sep 25 2025,90,14,27,1,920,1154,873,1202,964,1111
4th Sep 25 2025,51,30,19,2,955,1118,868,1206,983,1091
3rd Sep 25 2025,113,13,16,0,1060,1012,923,1150,998,1075
2nd Sep 25 2025,122,24,11,1,884,1187,798,1275,959,1114
1st Sep 25 2025,128,19,11,3,747,1327,716,1359,921,1154
29th Aug 25 2025,52,24,8,2,521,1546,584,1484,835,1233
28th Aug 25 2025,29,61,6,2,535,1533,601,1468,851,1218
26th Aug 25 2025,30,63,11,3,643,1420,699,1365,915,1149
25th Aug 25 2025,74,34,23,1,957,1110,906,1162,1012,1056
22nd Aug 25 2025,51,17,22,0,929,1133,910,1153,998,1065
21st Aug 25 2025,59,21,21,0,1040,1023,976,1088,1015,1049
20th Aug 25 2025,109,11,20,1,1025,1035,965,1096,1010,1051
19th Aug 25 2025,125,15,20,1,966,1093,914,1146,1001,1059
18th Aug 25 2025,152,33,20,2,792,1271,817,1247,955,1109
14th Aug 25 2025,49,76,17,3,556,1500,650,1406,886,1171
13th Aug 25 2025,114,48,11,5,605,1450,688,1367,922,1134
12th Aug 25 2025,80,53,6,5,505,1550,619,1437,892,1164
11th Aug 25 2025,90,66,6,4,445,1611,606,1451,880,1177
8th Aug 25 2025,51,76,8,4,376,1681,552,1505,850,1207
7th Aug 25 2025,54,54,8,5,446,1611,638,1419,931,1126
6th Aug 25 2025,40,75,8,5,463,1592,644,1411,944,1111
5th Aug 25 2025,50,42,9,5,578,1474,740,1312,1002,1050
4th Aug 25 2025,95,48,13,4,582,1472,783,1271,1026,1028
1st Aug 25 2025,36,119,10,0,450,1600,716,1334,979,1071
31st Jul 25 2025,55,50,10,1,585,1461,868,1178,1078,968
30th Jul 25 2025,92,33,11,1,687,1357,988,1056,1115,929
29th Jul 25 2025,120,18,11,1,618,1426,957,1086,1110,934
28th Jul 25 2025,38,119,10,4,498,1550,808,1240,1052,996
25th Jul 25 2025,25,89,10,3,638,1404,1011,1032,1139,904
24th Jul 25 2025,48,36,12,2,968,1075,1312,731,1275,767
23rd Jul 25 2025,53,28,16,2,1094,947,1365,676,1289,752
22nd Jul 25 2025,60,21,17,2,1046,994,1378,663,1286,755
21st Jul 25 2025,71,36,16,3,1141,902,1435,608,1295,748
18th Jul 25 2025,52,20,16,1,1165,872,1476,561,1313,724
17th Jul 25 2025,66,15,17,1,1338,698,1561,475,1340,696
16th Jul 25 2025,89,13,13,0,1342,694,1562,474,1327,709
15th Jul 25 2025,103,9,9,0,1265,771,1500,536,1293,743
14th Jul 25 2025,73,21,16,1,1007,1031,1367,671,1217,821
11th Jul 25 2025,43,15,7,0,999,1036,1406,629,1216,819
10th Jul 25 2025,69,11,12,1,1223,808,1512,519,1269,762
9th Jul 25 2025,74,8,10,1,1256,773,1516,514,1258,772
8th Jul 25 2025,58,16,13,1,1227,805,1503,529,1253,779
7th Jul 25 2025,68,27,20,1,1284,751,1531,504,1266,769
4th Jul 25 2025,67,15,19,1,1384,649,1578,455,1279,754
3rd Jul 25 2025,73,14,20,1,1370,661,1549,482,1262,769
2nd Jul 25 2025,57,21,21,1,1353,675,1540,488,1235,793
1st Jul 25 2025,84,21,27,0,1452,572,1575,449,1249,775
30th Jun 25 2025,117,17,29,0,1486,539,1580,445,1261,764
27th Jun 25 2025,91,13,23,0,1434,587,1543,478,1243,778
26th Jun 25 2025,63,12,22,0,1369,653,1524,498,1209,813
25th Jun 25 2025,155,6,10,0,1366,655,1519,502,1208,813
24th Jun 25 2025,97,15,5,1,1055,967,1356,665,1111,912
23rd Jun 25 2025,72,19,5,1,839,1185,1205,819,1063,962
20th Jun 25 2025,81,11,7,1,837,1182,1241,778,1048,972
19th Jun 25 2025,17,83,6,0,596,1423,1128,891,1002,1018
18th Jun 25 2025,41,24,4,0,943,1074,1366,651,1118,900
17th Jun 25 2025,50,39,7,1,1027,990,1418,599,1150,868
16th Jun 25 2025,74,15,9,1,1259,761,1517,503,1197,824
13th Jun 25 2025,38,24,16,1,1200,816,1532,484,1169,848
12th Jun 25 2025,38,49,23,0,1438,577,1609,406,1227,789
11th Jun 25 2025,111,20,26,0,1657,356,1720,293,1303,711
10th Jun 25 2025,106,12,31,1,1654,359,1697,316,1282,732
9th Jun 25 2025,158,10,24,0,1639,377,1680,336,1260,757
6th Jun 25 2025,117,18,21,0,1501,513,1586,428,1180,835
5th Jun 25 2025,117,6,15,0,1461,553,1516,498,1132,883
4th Jun 25 2025,98,20,13,0,1378,635,1496,517,1098,916
3rd Jun 25 2025,69,24,17,0,1324,688,1491,521,1074,939
2nd Jun 25 2025,124,48,24,0,1435,577,1526,486,1074,939
30th May 25 2025,94,59,27,0,1454,555,1534,475,1072,938
29th May 25 2025,102,44,34,0,1519,489,1553,455,1109,900
28th May 25 2025,98,32,24,1,1558,449,1566,441,1089,919
27th May 25 2025,81,28,27,1,1606,400,1594,413,1096,911
26th May 25 2025,117,40,19,0,1648,361,1632,378,1078,932
23rd May 25 2025,84,29,23,1,1653,351,1620,385,1058,947
22nd May 25 2025,72,38,26,1,1632,373,1588,418,1018,988
21st May 25 2025,85,38,30,1,1693,311,1615,390,1025,980
20th May 25 2025,58,75,55,1,1667,337,1601,404,991,1014
19th May 25 2025,183,29,83,0,1787,220,1706,302,1059,949
16th May 25 2025,195,26,162,0,1774,230,1662,343,1006,999
15th May 25 2025,155,26,88,0,1731,272,1564,440,940,1064
14th May 25 2025,209,10,44,1,1716,286,1496,507,871,1132
13th May 25 2025,169,17,34,1,1606,396,1309,694,784,1219
12th May 25 2025,986,9,15,2,1465,539,1175,830,738,1267
9th May 25 2025,43,49,8,5,541,1461,649,1354,524,1479
8th May 25 2025,50,40,5,3,638,1366,685,1319,539,1465
7th May 25 2025,86,24,4,4,790,1213,805,1198,585,1418
6th May 25 2025,14,321,5,2,678,1324,709,1293,536,1466
5th May 25 2025,132,24,12,2,1078,925,946,1057,653,1350
2nd May 25 2025,40,32,7,4,827,1176,831,1172,606,1397
30th Apr 25 2025,18,108,7,5,883,1118,839,1162,609,1392
29th Apr 25 2025,57,29,10,2,1243,758,1054,947,667,1334
28th Apr 25 2025,65,37,18,2,1294,709,1084,919,680,1323
25th Apr 25 2025,20,367,18,1,1306,694,1053,947,659,1341
24th Apr 25 2025,87,28,29,2,1768,234,1429,573,781,1221
23rd Apr 25 2025,96,18,44,2,1789,213,1407,595,789,1213
22nd Apr 25 2025,136,15,74,2,1789,212,1396,605,772,1229
21st Apr 25 2025,186,13,104,2,1775,227,1310,692,745,1257
23rd Apr 26 2026,90,36,31,0,1920,257,1746,431,972,1205
22nd Apr 26 2026,129,22,28,0,2024,158,1854,328,1003,1179
21st Apr 26 2026,119,23,41,1,2055,127,1836,346,961,1221
20th Apr 26 2026,74,50,44,0,2066,119,1797,388,906,1279
17th Apr 26 2026,189,7,79,0,2105,77,1879,303,941,1241
16th Apr 26 2026,137,16,58,0,2067,116,1762,421,850,1333
15th Apr 26 2026,391,8,124,0,2072,110,1682,500,804,1378
13th Apr 26 2026,106,34,90,0,1906,279,1282,903,661,1524
10th Apr 26 2026,246,7,129,1,1975,208,1360,823,663,1520
9th Apr 26 2026,97,30,109,1,1844,341,1020,1165,567,1618
8th Apr 26 2026,912,13,419,1,1925,258,1034,1149,556,1627
7th Apr 26 2026,131,10,64,3,1107,1077,539,1645,430,1754
6th Apr 26 2026,224,12,24,3,950,1235,463,1722,416,1769
2nd Apr 26 2026,184,24,19,3,649,1536,373,1812,377,1808
1st Apr 26 2026,1160,7,11,3,486,1698,335,1849,384,1800
30th Mar 26 2026,34,759,6,41,198,1988,210,1976,315,1871
27th Mar 26 2026,34,654,8,10,294,1890,253,1931,364,1820
25th Mar 26 2026,221,19,6,6,495,1689,332,1852,397,1787
24th Mar 26 2026,295,29,7,7,278,1906,248,1936,354,1830
23rd Mar 26 2026,7,987,5,4,150,2036,170,2016,302,1884
20th Mar 26 2026,102,26,16,3,375,1808,324,1859,398,1785
19th Mar 26 2026,17,306,7,2,270,1914,252,1932,380,1804
18th Mar 26 2026,329,7,9,2,506,1678,393,1791,451,1733
17th Mar 26 2026,102,17,8,6,263,1921,304,1880,408,1776
16th Mar 26 2026,44,121,7,5,195,1991,257,1929,382,1804
13th Mar 26 2026,20,389,9,5,220,1964,297,1887,386,1798
12th Mar 26 2026,61,49,11,4,439,1745,424,1760,453,1731
11th Mar 26 2026,79,52,9,3,446,1738,434,1750,471,1713
10th Mar 26 2026,283,14,9,4,453,1730,444,1740,483,1701
9th Mar 26 2026,26,294,6,12,278,1907,338,1848,421,1765
6th Mar 26 2026,61,40,4,6,398,1785,456,1728,508,1676
5th Mar 26 2026,114,17,9,1,408,1774,474,1709,518,1665
4th Mar 26 2026,48,269,8,3,298,1885,407,1777,473,1711
2nd Mar 26 2026,63,272,6,3,451,1734,496,1690,571,1615
27th Feb 26 2026,45,64,8,1,699,1483,691,1492,676,1507
26th Feb 26 2026,71,20,9,5,840,1342,767,1416,714,1469
25th Feb 26 2026,56,45,5,5,795,1387,748,1435,706,1477
24th Feb 26 2026,25,97,9,4,705,1477,679,1504,691,1492
23rd Feb 26 2026,65,50,6,2,871,1314,795,1391,726,1460
20th Feb 26 2026,51,30,9,5,843,1338,783,1399,717,1465
19th Feb 26 2026,39,54,9,5,813,1366,765,1415,715,1465
18th Feb 26 2026,72,18,5,5,1104,1073,936,1242,782,1396
17th Feb 26 2026,113,19,7,3,1044,1132,872,1305,757,1420
16th Feb 26 2026,55,108,13,3,937,1239,784,1393,734,1443
13th Feb 26 2026,34,168,22,0,968,1205,792,1382,729,1445
12th Feb 26 2026,60,104,27,1,1326,847,1031,1143,797,1376
11th Feb 26 2026,93,67,14,2,1507,665,1127,1046,828,1345
10th Feb 26 2026,143,37,32,1,1590,581,1158,1014,829,1343
9th Feb 26 2026,393,19,50,1,1530,645,1076,1100,813,1363
6th Feb 26 2026,58,78,28,3,1128,1044,772,1401,690,1483
5th Feb 26 2026,56,93,33,6,1166,1006,781,1392,701,1472
4th Feb 26 2026,244,55,44,18,1355,817,846,1327,733,1440
3rd Feb 26 2026,530,12,28,18,1149,1024,750,1423,714,1459
2nd Feb 26 2026,78,76,16,19,459,1716,376,1799,540,1635
1st Feb 26 2026,64,239,9,4,441,1733,364,1810,499,1675
30th Jan 26 2026,173,99,16,6,678,1494,500,1672,610,1562
29th Jan 26 2026,143,64,26,5,541,1631,436,1736,578,1594
28th Jan 26 2026,356,20,13,6,545,1626,430,1741,565,1606
27th Jan 26 2026,101,77,4,11,312,1863,327,1848,492,1683
23rd Jan 26 2026,60,212,2,6,279,1892,297,1874,486,1685
22nd Jan 26 2026,187,56,2,4,365,1806,374,1797,555,1616
21st Jan 26 2026,58,152,20,2,232,1938,292,1878,495,1675
20th Jan 26 2026,29,388,24,1,254,1915,317,1852,531,1638
19th Jan 26 2026,42,93,29,2,458,1714,482,1690,636,1536
16th Jan 26 2026,70,33,27,2,538,1629,541,1626,684,1483
14th Jan 26 2026,84,20,7,1,525,1641,560,1606,697,1469
13th Jan 26 2026,73,18,5,1,490,1676,532,1634,687,1479
12th Jan 26 2026,61,75,6,3,430,1740,512,1658,679,1491
9th Jan 26 2026,17,104,4,3,429,1735,544,1620,696,1468
8th Jan 26 2026,16,140,7,3,674,1491,707,1458,782,1383
7th Jan 26 2026,69,18,14,3,1070,1095,923,1242,869,1296
6th Jan 26 2026,45,28,16,1,1033,1131,887,1277,854,1310
5th Jan 26 2026,65,37,15,1,1153,1014,946,1221,881,1286
2nd Jan 26 2026,104,11,12,1,1329,834,964,1199,883,1280
1st Jan 26 2026,64,16,9,2,1087,1077,836,1328,826,1338
31st Dec 25 2025,85,14,8,2,1056,1106,812,1350,821,1341
30th Dec 25 2025,59,37,10,1,778,1382,693,1467,771,1389
29th Dec 25 2025,46,47,14,0,760,1404,722,1442,777,1387
26th Dec 25 2025,64,22,20,0,936,1225,774,1387,806,1355
24th Dec 25 2025,57,15,14,0,1098,1062,814,1346,825,1335
23rd Dec 25 2025,70,15,9,2,1143,1017,819,1341,831,1329
22nd Dec 25 2025,118,14,8,1,1023,1139,758,1404,817,1345
19th Dec 25 2025,90,15,9,0,711,1447,648,1510,773,1385
18th Dec 25 2025,40,31,11,0,494,1663,541,1616,728,1429
17th Dec 25 2025,34,56,12,0,500,1655,573,1582,737,1418
16th Dec 25 2025,37,28,13,0,627,1528,622,1533,769,1386
15th Dec 25 2025,79,20,15,1,750,1404,679,1475,790,1364
12th Dec 25 2025,100,11,8,3,700,1449,657,1493,771,1379
11th Dec 25 2025,77,16,5,4,504,1644,567,1581,737,1412
10th Dec 25 2025,54,29,7,3,390,1754,482,1662,720,1425
9th Dec 25 2025,133,15,1,3,428,1716,521,1623,726,1419
8th Dec 25 2025,17,248,3,4,325,1822,469,1678,700,1448
5th Dec 25 2025,32,38,3,3,549,1594,631,1512,796,1348
4th Dec 25 2025,31,29,3,4,541,1602,649,1494,804,1340
3rd Dec 25 2025,18,43,1,3,547,1595,649,1493,821,1322
2nd Dec 25 2025,30,35,5,2,659,1483,723,1419,841,1302
1st Dec 25 2025,67,38,7,3,744,1400,759,1386,869,1276
28th Nov 25 2025,60,21,4,3,767,1371,776,1363,873,1266
27th Nov 25 2025,56,20,4,3,752,1384,768,1369,867,1270
26th Nov 25 2025,86,13,5,2,757,1378,774,1362,881,1255
25th Nov 25 2025,73,13,7,3,567,1568,657,1479,830,1306
24th Nov 25 2025,37,136,7,6,526,1611,636,1502,808,1330
21st Nov 25 2025,34,36,6,4,615,1516,706,1427,864,1269
20th Nov 25 2025,41,24,9,3,769,1361,832,1299,903,1228
19th Nov 25 2025,43,42,7,2,800,1328,840,1289,921,1208
18th Nov 25 2025,40,38,12,3,789,1337,848,1279,922,1205
17th Nov 25 2025,98,49,12,3,957,1173,925,1206,969,1162
14th Nov 25 2025,78,43,13,3,886,1237,889,1235,945,1179
13th Nov 25 2025,75,47,13,3,869,1252,887,1235,972,1150
12th Nov 25 2025,106,30,9,4,903,1216,915,1205,980,1140
11th Nov 25 2025,71,55,9,8,755,1366,827,1295,939,1183
10th Nov 25 2025,88,91,12,7,755,1368,828,1296,940,1184
7th Nov 25 2025,76,42,12,3,676,1442,822,1296,937,1181
6th Nov 25 2025,45,149,14,4,614,1503,818,1299,923,1194
4th Nov 25 2025,42,28,16,2,891,1225,982,1134,1028,1088
3rd Nov 25 2025,102,40,18,3,1111,1009,1098,1022,1070,1050
31st Oct 25 2025,47,33,13,2,992,1119,1030,1081,1039,1072
30th Oct 25 2025,52,26,11,2,1142,969,1113,998,1069,1042
29th Oct 25 2025,89,25,11,0,1178,932,1116,994,1080,1030
28th Oct 25 2025,64,31,13,1,1015,1100,1013,1102,1041,1074
27th Oct 25 2025,82,39,21,2,1041,1082,1028,1095,1064,1059
24th Oct 25 2025,52,27,19,3,1000,1115,991,1124,1027,1088
23rd Oct 25 2025,81,48,21,3,1088,1027,1031,1084,1053,1062
21st Oct 25 2025,58,2,24,0,1142,971,1045,1068,1059,1054
20th Oct 25 2025,100,43,16,3,957,1165,934,1188,1016,1106
17th Oct 25 2025,47,43,13,1,861,1251,875,1237,979,1133
16th Oct 25 2025,80,35,15,2,946,1163,937,1172,1012,1097
15th Oct 25 2025,91,28,14,2,845,1264,888,1221,978,1131
14th Oct 25 2025,45,67,24,3,688,1419,795,1312,938,1169
13th Oct 25 2025,57,46,18,4,877,1235,922,1190,1006,1106
10th Oct 25 2025,89,26,21,3,1025,1080,995,1110,1044,1061
9th Oct 25 2025,95,40,33,5,925,1182,943,1164,1020,1087
8th Oct 25 2025,79,26,31,2,834,1270,888,1216,1002,1102
7th Oct 25 2025,62,33,23,1,919,1183,946,1156,1017,1085
6th Oct 25 2025,83,37,19,1,953,1150,959,1144,1017,1086
3rd Oct 25 2025,128,13,11,1,927,1172,942,1157,1031,1069
1st Oct 25 2025,126,9,12,1,703,1393,801,1295,974,1123
30th Sep 25 2025,46,29,8,2,497,1593,629,1461,893,1198
29th Sep 25 2025,66,62,15,3,465,1629,638,1456,889,1206
26th Sep 25 2025,15,117,19,1,456,1628,623,1461,895,1190
25th Sep 25 2025,43,36,22,1,759,1324,907,1176,1021,1063
24th Sep 25 2025,56,31,21,2,953,1129,1070,1012,1085,998
23rd Sep 25 2025,70,24,23,2,1132,949,1175,906,1127,955
22nd Sep 25 2025,84,41,28,2,1233,855,1220,869,1169,920
19th Sep 25 2025,71,22,22,1,1418,663,1319,764,1191,892
18th Sep 25 2025,59,19,21,1,1465,615,1326,755,1184,897
17th Sep 25 2025,76,20,25,1,1480,597,1322,756,1182,896
16th Sep 25 2025,83,15,19,1,1419,658,1267,811,1153,925
15th Sep 25 2025,94,19,18,1,1335,747,1146,937,1105,978
12th Sep 25 2025,60,12,19,0,1239,839,1094,985,1071,1008
11th Sep 25 2025,59,22,26,0,1238,840,1079,1000,1057,1022
10th Sep 25 2025,97,21,18,0,1227,851,1069,1010,1059,1020
9th Sep 25 2025,72,31,25,0,1039,1038,930,1148,1003,1075
8th Sep 25 2025,133,17,32,1,1026,1054,914,1167,1009,1072
5th Sep 25 2025,90,14,27,1,921,1155,876,1201,967,1110
4th Sep 25 2025,51,30,19,2,956,1119,870,1206,985,1091
3rd Sep 25 2025,114,13,16,0,1062,1011,925,1149,1001,1073
2nd Sep 25 2025,122,23,11,1,884,1188,799,1275,960,1114
1st Sep 25 2025,130,19,11,3,747,1328,716,1360,921,1155
29th Aug 25 2025,52,25,8,2,520,1549,583,1487,836,1234
28th Aug 25 2025,29,63,6,2,534,1535,601,1469,853,1217
26th Aug 25 2025,30,63,11,3,642,1422,700,1365,916,1149
25th Aug 25 2025,74,34,23,1,958,1110,908,1161,1012,1057
22nd Aug 25 2025,51,18,22,0,931,1132,911,1153,999,1065
21st Aug 25 2025,61,21,21,0,1042,1022,976,1089,1016,1049
20th Aug 25 2025,107,11,20,1,1025,1036,965,1097,1011,1051
19th Aug 25 2025,125,15,20,1,967,1093,915,1146,1003,1058
18th Aug 25 2025,153,33,20,2,793,1271,818,1247,957,1108
14th Aug 25 2025,49,75,17,3,556,1501,651,1406,888,1170
13th Aug 25 2025,113,47,11,5,606,1450,689,1367,924,1133
12th Aug 25 2025,80,52,6,5,506,1550,621,1436,894,1163
11th Aug 25 2025,90,65,6,4,446,1611,607,1451,882,1176
8th Aug 25 2025,51,75,8,4,376,1682,554,1504,851,1207
7th Aug 25 2025,54,53,8,5,447,1611,640,1418,930,1128
6th Aug 25 2025,41,74,8,5,464,1592,646,1410,945,1111
5th Aug 25 2025,49,42,9,5,577,1476,740,1313,1002,1051
4th Aug 25 2025,96,49,13,4,582,1473,785,1270,1027,1028
1st Aug 25 2025,36,119,10,0,451,1600,717,1334,979,1072
31st Jul 25 2025,55,49,10,1,585,1462,868,1179,1078,969
30th Jul 25 2025,92,32,11,1,687,1358,988,1057,1115,930
29th Jul 25 2025,120,18,11,1,617,1428,956,1088,1109,936
28th Jul 25 2025,37,119,10,4,498,1551,809,1240,1051,998
25th Jul 25 2025,25,89,10,3,639,1404,1011,1033,1138,906
24th Jul 25 2025,47,36,12,2,966,1078,1313,731,1275,768
23rd Jul 25 2025,53,28,16,2,1093,949,1365,677,1289,753
22nd Jul 25 2025,59,21,17,2,1046,995,1378,664,1286,756
21st Jul 25 2025,71,34,16,3,1142,902,1436,608,1296,748
18th Jul 25 2025,52,19,16,1,1166,872,1477,561,1313,725
17th Jul 25 2025,66,15,17,1,1337,700,1561,476,1340,697
16th Jul 25 2025,89,12,13,0,1341,696,1562,475,1327,710
15th Jul 25 2025,103,9,9,0,1265,772,1501,536,1293,744
14th Jul 25 2025,73,21,16,1,1007,1033,1369,671,1218,822
11th Jul 25 2025,42,15,7,0,997,1039,1406,630,1215,821
10th Jul 25 2025,69,10,12,1,1220,812,1512,520,1268,764
9th Jul 25 2025,74,8,10,1,1255,775,1516,515,1258,773
8th Jul 25 2025,57,16,13,1,1225,808,1504,529,1253,780
7th Jul 25 2025,67,27,20,1,1282,754,1532,504,1266,770
4th Jul 25 2025,68,15,19,1,1383,651,1580,454,1279,755
3rd Jul 25 2025,73,15,20,1,1367,665,1551,481,1263,769
2nd Jul 25 2025,57,21,21,1,1355,674,1542,487,1236,793
1st Jul 25 2025,84,21,27,0,1453,572,1577,448,1249,776
30th Jun 25 2025,117,17,29,0,1488,538,1582,444,1261,765
27th Jun 25 2025,91,14,23,0,1434,588,1545,477,1243,779
26th Jun 25 2025,64,12,22,0,1369,654,1526,497,1209,814
25th Jun 25 2025,155,6,10,0,1367,655,1521,501,1208,814
24th Jun 25 2025,98,15,5,1,1057,966,1358,664,1112,912
23rd Jun 25 2025,73,19,5,1,841,1184,1207,818,1063,963
20th Jun 25 2025,81,12,7,2,838,1182,1242,778,1048,973
19th Jun 25 2025,17,85,6,1,598,1422,1129,891,1002,1019
18th Jun 25 2025,40,25,4,0,943,1075,1367,651,1118,901
17th Jun 25 2025,49,41,7,1,1028,990,1420,598,1151,868
16th Jun 25 2025,74,16,9,1,1260,761,1519,502,1198,824
13th Jun 25 2025,38,25,17,1,1201,816,1534,483,1170,848
12th Jun 25 2025,39,49,24,0,1439,577,1611,405,1228,789
11th Jun 25 2025,111,19,27,0,1658,356,1722,292,1304,711
10th Jun 25 2025,107,12,33,1,1656,358,1699,315,1283,732
9th Jun 25 2025,160,9,26,0,1641,376,1683,334,1261,757
6th Jun 25 2025,117,18,23,0,1504,511,1589,426,1181,835
5th Jun 25 2025,117,6,16,0,1463,552,1518,497,1132,884
4th Jun 25 2025,99,20,13,0,1379,635,1499,515,1099,916
3rd Jun 25 2025,70,25,17,0,1326,687,1494,519,1075,939
2nd Jun 25 2025,126,47,24,0,1437,576,1529,484,1075,939
30th May 25 2025,94,59,27,0,1456,553,1536,473,1072,938
29th May 25 2025,102,44,34,0,1520,488,1555,453,1108,901
28th May 25 2025,98,32,24,1,1560,447,1568,439,1089,919
27th May 25 2025,80,27,27,1,1607,399,1596,411,1095,912
26th May 25 2025,118,40,19,0,1649,361,1634,377,1077,934
23rd May 25 2025,84,29,23,1,1653,351,1621,384,1057,948
22nd May 25 2025,72,38,26,1,1633,372,1589,417,1018,988
21st May 25 2025,84,38,30,1,1694,310,1616,389,1025,980
20th May 25 2025,58,75,55,1,1668,336,1602,403,991,1014
19th May 25 2025,183,29,83,0,1788,220,1707,302,1059,950
16th May 25 2025,196,26,162,0,1775,229,1663,342,1006,999
15th May 25 2025,155,26,88,0,1731,272,1564,440,939,1065
14th May 25 2025,209,10,44,1,1715,287,1496,507,870,1133
13th May 25 2025,169,17,34,1,1606,396,1309,694,783,1220
12th May 25 2025,984,9,15,2,1465,540,1176,830,738,1268
9th May 25 2025,44,49,8,5,542,1460,650,1353,523,1480
8th May 25 2025,50,40,5,3,639,1365,686,1318,537,1467
7th May 25 2025,85,24,4,4,791,1212,806,1197,585,1418
6th May 25 2025,14,320,5,2,680,1322,711,1291,536,1466
5th May 25 2025,132,23,12,2,1079,925,948,1056,652,1352
2nd May 25 2025,40,32,7,4,826,1177,831,1172,604,1399
30th Apr 25 2025,17,108,7,5,882,1119,838,1163,607,1394
29th Apr 25 2025,56,29,10,2,1244,757,1055,946,666,1335
28th Apr 25 2025,65,38,18,2,1296,708,1085,919,679,1325
25th Apr 25 2025,20,368,18,1,1307,693,1053,947,658,1342
24th Apr 25 2025,87,28,29,2,1770,232,1430,572,779,1223
23rd Apr 25 2025,96,18,44,2,1791,211,1408,594,787,1215
22nd Apr 25 2025,137,16,74,2,1790,212,1397,605,771,1231
21st Apr 25 2025,188,13,104,2,1776,227,1311,692,743,1260
17th Apr 25 2025,90,13,43,2,1649,351,1119,881,659,1341
22nd Apr 26 2026,138,21,29,0,2029,145,1848,326,1010,1164
21st Apr 26 2026,119,23,41,1,2052,127,1833,346,960,1219
20th Apr 26 2026,74,50,43,0,2063,119,1794,388,905,1277
17th Apr 26 2026,188,7,78,0,2102,77,1876,303,940,1239
16th Apr 26 2026,136,16,57,0,2064,116,1759,421,849,1331
15th Apr 26 2026,391,8,124,0,2069,110,1680,499,803,1376
13th Apr 26 2026,105,34,89,0,1903,279,1281,901,660,1522
10th Apr 26 2026,245,7,128,1,1972,208,1358,822,662,1518
9th Apr 26 2026,96,30,108,1,1841,341,1019,1163,566,1616
8th Apr 26 2026,912,13,419,1,1923,258,1034,1147,555,1626
7th Apr 26 2026,131,10,64,3,1107,1075,539,1643,429,1753
6th Apr 26 2026,224,12,24,3,949,1233,462,1720,414,1768
2nd Apr 26 2026,184,24,19,3,649,1534,372,1811,376,1807
1st Apr 26 2026,1160,7,11,3,487,1695,335,1847,383,1799
30th Mar 26 2026,34,759,6,41,197,1986,209,1974,314,1869
27th Mar 26 2026,34,653,8,10,294,1888,253,1929,363,1819
25th Mar 26 2026,221,19,6,6,496,1686,333,1849,396,1786
24th Mar 26 2026,295,29,7,7,278,1904,247,1935,353,1829
23rd Mar 26 2026,6,987,5,4,149,2034,169,2014,301,1882
20th Mar 26 2026,102,26,16,3,376,1806,325,1857,397,1785
19th Mar 26 2026,18,306,7,2,271,1911,253,1929,379,1803
18th Mar 26 2026,330,7,9,2,507,1675,393,1789,450,1732
17th Mar 26 2026,102,17,8,6,263,1919,304,1878,407,1775
16th Mar 26 2026,43,121,7,5,193,1990,255,1928,380,1803
13th Mar 26 2026,20,389,9,5,220,1962,297,1885,385,1797
12th Mar 26 2026,61,49,11,4,439,1743,424,1758,452,1730
11th Mar 26 2026,79,52,9,3,445,1737,433,1749,470,1712
10th Mar 26 2026,283,14,9,4,453,1728,443,1739,482,1700
9th Mar 26 2026,26,294,6,12,276,1906,336,1847,419,1764
6th Mar 26 2026,61,40,4,6,398,1783,456,1726,507,1675
5th Mar 26 2026,114,17,9,1,407,1773,473,1708,517,1664
4th Mar 26 2026,48,269,8,3,297,1884,406,1776,472,1710
2nd Mar 26 2026,63,273,6,3,450,1732,495,1688,569,1614
27th Feb 26 2026,46,64,8,1,700,1480,691,1490,675,1506
26th Feb 26 2026,71,20,9,5,839,1341,766,1415,713,1468
25th Feb 26 2026,56,45,5,5,795,1385,748,1433,705,1476
24th Feb 26 2026,25,97,9,4,705,1475,679,1502,690,1491
23rd Feb 26 2026,65,50,6,2,870,1312,793,1390,724,1459
20th Feb 26 2026,51,30,9,5,842,1337,782,1398,716,1464
19th Feb 26 2026,39,54,9,5,812,1365,764,1414,714,1464
18th Feb 26 2026,72,18,5,5,1102,1073,935,1241,781,1395
17th Feb 26 2026,113,19,7,3,1042,1132,871,1304,756,1419
16th Feb 26 2026,55,108,13,3,935,1238,782,1392,732,1442
13th Feb 26 2026,34,168,22,0,967,1204,791,1381,728,1444
12th Feb 26 2026,60,104,27,1,1324,847,1030,1142,796,1375
11th Feb 26 2026,93,67,14,2,1505,665,1126,1045,826,1345
10th Feb 26 2026,143,37,32,1,1588,581,1157,1013,827,1343
9th Feb 26 2026,392,19,50,1,1527,645,1074,1099,810,1363
6th Feb 26 2026,58,78,28,3,1126,1044,771,1400,688,1483
5th Feb 26 2026,56,94,33,6,1164,1006,781,1390,699,1472
4th Feb 26 2026,244,55,44,18,1354,816,845,1326,731,1440
3rd Feb 26 2026,529,12,28,18,1147,1024,750,1421,712,1459
2nd Feb 26 2026,78,76,16,19,457,1715,374,1798,538,1634
1st Feb 26 2026,63,239,9,4,440,1732,364,1808,498,1674
30th Jan 26 2026,172,99,16,6,678,1492,500,1670,609,1561
29th Jan 26 2026,143,65,26,5,541,1629,436,1734,577,1593
28th Jan 26 2026,357,20,13,6,545,1624,430,1739,564,1605
27th Jan 26 2026,101,77,4,11,311,1861,326,1846,491,1681
23rd Jan 26 2026,60,212,2,6,279,1890,297,1872,486,1683
22nd Jan 26 2026,187,56,2,4,365,1804,374,1795,554,1615
21st Jan 26 2026,58,152,20,2,232,1936,292,1876,493,1675
20th Jan 26 2026,29,387,24,1,254,1913,317,1850,529,1638
19th Jan 26 2026,42,93,29,2,456,1713,480,1689,633,1536
16th Jan 26 2026,70,33,27,2,537,1628,540,1625,682,1483
14th Jan 26 2026,84,20,7,1,524,1640,559,1605,695,1469
13th Jan 26 2026,73,18,5,1,489,1675,531,1633,685,1479
12th Jan 26 2026,61,75,6,3,428,1739,509,1658,676,1491
9th Jan 26 2026,17,104,4,3,428,1734,542,1620,694,1468
8th Jan 26 2026,16,140,7,3,673,1490,705,1458,780,1383
7th Jan 26 2026,69,18,14,3,1068,1095,921,1242,867,1296
6th Jan 26 2026,45,28,16,1,1031,1131,885,1277,852,1310
5th Jan 26 2026,64,37,15,1,1150,1014,943,1221,878,1286
2nd Jan 26 2026,104,11,12,1,1327,834,962,1199,881,1280
1st Jan 26 2026,64,16,9,2,1086,1076,835,1327,824,1338
31st Dec 25 2025,85,14,8,2,1055,1105,811,1349,819,1341
30th Dec 25 2025,59,37,10,1,777,1381,692,1466,769,1389
29th Dec 25 2025,46,47,14,0,760,1402,722,1440,775,1387
26th Dec 25 2025,64,21,20,0,936,1223,774,1385,804,1355
24th Dec 25 2025,57,15,14,0,1096,1062,813,1345,823,1335
23rd Dec 25 2025,70,15,9,2,1143,1015,818,1340,829,1329
22nd Dec 25 2025,118,14,8,1,1023,1137,758,1402,815,1345
19th Dec 25 2025,90,15,9,0,711,1445,648,1508,771,1385
18th Dec 25 2025,40,30,11,0,494,1661,541,1614,726,1429
17th Dec 25 2025,34,55,12,0,500,1653,572,1581,735,1418
16th Dec 25 2025,37,28,13,0,626,1527,621,1532,767,1386
15th Dec 25 2025,79,20,15,1,750,1402,678,1474,789,1363
12th Dec 25 2025,100,11,8,3,699,1448,656,1492,770,1378
11th Dec 25 2025,77,16,5,4,503,1643,566,1580,736,1411
10th Dec 25 2025,54,29,7,3,389,1753,481,1661,719,1424
9th Dec 25 2025,133,15,1,3,427,1715,521,1621,725,1418
8th Dec 25 2025,17,248,3,4,323,1821,467,1677,698,1447
5th Dec 25 2025,32,38,3,3,549,1592,630,1511,795,1347
4th Dec 25 2025,31,29,3,4,541,1600,648,1493,803,1339
3rd Dec 25 2025,18,43,1,3,547,1593,648,1492,820,1321
2nd Dec 25 2025,30,35,5,2,658,1482,722,1418,840,1301
1st Dec 25 2025,67,38,7,3,742,1399,757,1385,867,1275
28th Nov 25 2025,60,21,4,3,765,1371,775,1362,872,1265
27th Nov 25 2025,56,20,4,3,750,1384,767,1368,866,1269
26th Nov 25 2025,86,13,5,2,756,1377,773,1361,880,1254
25th Nov 25 2025,73,13,7,3,566,1567,656,1478,829,1305
24th Nov 25 2025,37,135,7,6,525,1609,634,1501,806,1329
21st Nov 25 2025,33,37,6,4,615,1514,705,1426,863,1268
20th Nov 25 2025,41,24,10,3,769,1360,831,1299,902,1228
19th Nov 25 2025,44,42,7,2,799,1328,839,1289,920,1208
18th Nov 25 2025,40,38,12,3,787,1338,846,1280,920,1206
17th Nov 25 2025,98,49,12,3,954,1174,922,1207,967,1162
14th Nov 25 2025,78,43,13,3,885,1237,887,1236,943,1180
13th Nov 25 2025,75,47,13,3,868,1252,885,1236,971,1150
12th Nov 25 2025,106,30,9,4,902,1216,913,1206,979,1140
11th Nov 25 2025,71,55,9,8,754,1366,825,1296,938,1183
10th Nov 25 2025,87,91,12,7,752,1369,825,1297,938,1184
7th Nov 25 2025,76,42,12,3,674,1443,820,1297,936,1181
6th Nov 25 2025,45,149,14,4,613,1503,817,1299,922,1194
4th Nov 25 2025,42,28,16,2,889,1226,980,1135,1027,1088
3rd Nov 25 2025,102,40,18,3,1108,1010,1095,1023,1068,1050
31st Oct 25 2025,47,33,13,2,990,1120,1028,1082,1038,1072
30th Oct 25 2025,52,26,11,2,1141,969,1111,999,1069,1041
29th Oct 25 2025,89,25,11,0,1177,932,1115,994,1080,1029
28th Oct 25 2025,64,31,13,1,1014,1100,1012,1102,1041,1073
27th Oct 25 2025,82,39,21,2,1039,1082,1026,1095,1063,1058
24th Oct 25 2025,52,27,19,3,999,1115,990,1124,1027,1087
23rd Oct 25 2025,81,48,21,3,1087,1027,1030,1084,1053,1061
21st Oct 25 2025,58,2,24,0,1141,971,1044,1068,1059,1053
20th Oct 25 2025,100,43,16,3,955,1165,932,1188,1015,1105
17th Oct 25 2025,47,43,13,1,860,1251,874,1237,979,1132
16th Oct 25 2025,80,35,15,2,945,1163,936,1172,1012,1096
15th Oct 25 2025,91,28,14,2,844,1264,887,1221,978,1130
14th Oct 25 2025,45,67,24,3,687,1419,794,1312,938,1168
13th Oct 25 2025,57,46,18,4,876,1234,920,1190,1005,1105
10th Oct 25 2025,88,26,21,3,1025,1079,994,1110,1044,1060
9th Oct 25 2025,95,40,33,5,924,1182,942,1164,1020,1086
8th Oct 25 2025,79,26,31,2,833,1270,887,1216,1002,1101
7th Oct 25 2025,62,33,23,1,918,1183,945,1156,1017,1084
6th Oct 25 2025,83,37,19,1,951,1150,957,1144,1016,1085
3rd Oct 25 2025,128,13,11,1,926,1172,940,1158,1031,1068
1st Oct 25 2025,126,9,12,1,701,1394,799,1296,974,1122
30th Sep 25 2025,46,29,8,2,496,1593,628,1461,892,1198
29th Sep 25 2025,66,62,14,3,463,1629,636,1456,887,1206
26th Sep 25 2025,15,116,19,1,455,1628,622,1461,894,1190
25th Sep 25 2025,43,36,22,1,757,1325,905,1177,1020,1063
24th Sep 25 2025,56,31,21,2,951,1130,1068,1013,1084,998
23rd Sep 25 2025,70,24,23,2,1130,950,1173,907,1126,955
22nd Sep 25 2025,82,41,27,2,1230,856,1217,870,1167,920
19th Sep 25 2025,71,22,22,1,1416,664,1317,765,1190,892
18th Sep 25 2025,59,19,21,1,1463,616,1324,756,1183,897
17th Sep 25 2025,76,20,25,1,1479,597,1320,757,1181,896
16th Sep 25 2025,83,15,19,1,1418,658,1265,812,1152,925
15th Sep 25 2025,93,19,18,1,1332,748,1143,938,1103,978
12th Sep 25 2025,59,12,19,0,1236,840,1091,986,1069,1008
11th Sep 25 2025,58,22,26,0,1236,840,1076,1001,1055,1022
10th Sep 25 2025,96,21,18,0,1225,851,1067,1010,1058,1019
9th Sep 25 2025,72,31,25,0,1037,1038,928,1148,1002,1074
8th Sep 25 2025,133,17,32,1,1024,1054,912,1167,1008,1071
5th Sep 25 2025,91,14,27,1,921,1153,874,1201,966,1109
4th Sep 25 2025,51,30,19,2,954,1119,868,1206,984,1090
3rd Sep 25 2025,114,13,16,0,1060,1011,923,1149,1000,1072
2nd Sep 25 2025,122,23,11,1,882,1188,797,1275,960,1112
1st Sep 25 2025,129,19,11,3,744,1329,714,1360,921,1153
29th Aug 25 2025,52,25,8,2,519,1548,583,1485,836,1232
28th Aug 25 2025,30,63,6,2,534,1533,601,1467,853,1215
26th Aug 25 2025,30,63,11,3,642,1420,699,1364,916,1147
25th Aug 25 2025,74,34,23,1,957,1109,906,1161,1012,1055
22nd Aug 25 2025,51,18,22,0,928,1133,910,1152,999,1063
21st Aug 25 2025,60,21,21,0,1039,1023,975,1088,1016,1047
20th Aug 25 2025,107,11,20,1,1024,1035,964,1096,1011,1049
19th Aug 25 2025,126,15,20,1,966,1092,914,1145,1003,1056
18th Aug 25 2025,153,33,20,2,792,1270,817,1246,957,1106
14th Aug 25 2025,49,75,17,3,556,1499,650,1405,888,1168
13th Aug 25 2025,113,47,11,5,605,1449,688,1366,924,1131
12th Aug 25 2025,80,52,6,5,505,1549,620,1435,894,1161
11th Aug 25 2025,90,65,6,4,446,1609,607,1449,882,1174
8th Aug 25 2025,51,75,8,4,376,1680,553,1503,851,1205
7th Aug 25 2025,54,53,8,5,446,1610,639,1417,930,1126
6th Aug 25 2025,40,74,8,5,464,1590,645,1409,945,1109
5th Aug 25 2025,48,42,9,5,576,1475,739,1312,1001,1050
4th Aug 25 2025,96,48,13,4,582,1471,784,1269,1027,1026
1st Aug 25 2025,36,119,10,0,450,1599,717,1332,979,1070
31st Jul 25 2025,55,49,10,1,584,1461,868,1177,1078,967
30th Jul 25 2025,92,32,11,1,687,1356,988,1055,1115,928
29th Jul 25 2025,121,18,11,1,617,1426,956,1086,1109,934
28th Jul 25 2025,37,119,10,4,497,1550,809,1238,1051,996
25th Jul 25 2025,25,90,10,3,638,1403,1011,1031,1138,904
24th Jul 25 2025,47,36,12,2,965,1077,1312,730,1273,768
23rd Jul 25 2025,53,28,16,2,1094,946,1365,675,1288,752
22nd Jul 25 2025,59,21,17,2,1044,995,1377,663,1284,756
21st Jul 25 2025,71,35,16,4,1141,901,1435,607,1295,747
18th Jul 25 2025,52,18,16,1,1164,872,1475,561,1311,725
17th Jul 25 2025,66,15,17,1,1336,699,1559,476,1338,697
16th Jul 25 2025,88,12,13,0,1340,695,1560,475,1325,710
15th Jul 25 2025,103,10,9,0,1264,771,1500,535,1292,743
14th Jul 25 2025,73,21,17,1,1007,1031,1368,670,1217,821
11th Jul 25 2025,42,15,8,0,998,1036,1406,628,1215,819
10th Jul 25 2025,69,10,13,1,1221,809,1512,518,1268,762
9th Jul 25 2025,74,8,10,1,1255,773,1516,513,1256,773
8th Jul 25 2025,57,16,13,1,1224,807,1503,528,1251,780
7th Jul 25 2025,68,27,21,1,1281,753,1531,503,1264,770
4th Jul 25 2025,67,15,19,1,1382,650,1579,453,1277,755
3rd Jul 25 2025,73,14,20,1,1368,662,1550,480,1262,768
2nd Jul 25 2025,57,21,21,1,1354,673,1541,486,1235,792
1st Jul 25 2025,84,21,27,0,1451,572,1576,447,1247,776
30th Jun 25 2025,117,17,29,0,1486,538,1581,443,1259,765
27th Jun 25 2025,91,14,23,0,1434,586,1544,476,1242,778
26th Jun 25 2025,64,12,22,0,1369,652,1525,496,1208,813
25th Jun 25 2025,155,6,10,0,1367,653,1520,500,1206,814
24th Jun 25 2025,98,15,5,1,1057,964,1357,663,1110,912
23rd Jun 25 2025,73,19,5,1,841,1182,1206,817,1063,961
20th Jun 25 2025,81,12,7,2,838,1180,1242,776,1048,971
19th Jun 25 2025,17,84,6,1,598,1420,1129,889,1002,1017
18th Jun 25 2025,40,25,4,0,943,1073,1367,649,1117,900
17th Jun 25 2025,49,40,7,1,1028,988,1419,597,1150,867
16th Jun 25 2025,74,16,9,1,1260,759,1518,501,1197,823
13th Jun 25 2025,38,25,17,1,1201,814,1533,482,1169,847
12th Jun 25 2025,39,49,24,0,1439,575,1610,404,1227,788
11th Jun 25 2025,111,19,27,0,1658,354,1721,291,1302,711
10th Jun 25 2025,107,12,32,1,1655,357,1698,314,1281,732
9th Jun 25 2025,160,9,25,0,1640,375,1682,333,1259,757
6th Jun 25 2025,117,18,22,0,1503,510,1588,425,1179,835
5th Jun 25 2025,117,6,15,0,1462,551,1517,496,1129,885
4th Jun 25 2025,98,20,13,0,1378,634,1497,515,1096,917
3rd Jun 25 2025,69,24,17,0,1325,686,1492,519,1072,940
2nd Jun 25 2025,124,47,24,0,1436,575,1528,483,1073,939
30th May 25 2025,94,58,27,0,1456,552,1535,473,1070,939
29th May 25 2025,102,44,34,0,1519,488,1554,453,1106,902
28th May 25 2025,98,32,24,1,1560,446,1567,439,1087,920
27th May 25 2025,80,27,27,1,1606,399,1595,411,1093,913
26th May 25 2025,117,40,19,0,1647,361,1632,377,1075,934
23rd May 25 2025,84,29,23,1,1652,351,1620,384,1055,949
22nd May 25 2025,72,38,26,1,1632,372,1588,417,1016,989
21st May 25 2025,84,38,30,1,1694,309,1615,389,1023,981
20th May 25 2025,58,75,55,1,1668,335,1601,403,989,1015
19th May 25 2025,183,29,83,0,1788,218,1706,301,1057,950
16th May 25 2025,196,26,162,0,1774,229,1662,342,1004,1000
15th May 25 2025,155,26,88,0,1730,272,1563,440,937,1066
14th May 25 2025,209,10,44,1,1714,287,1494,508,868,1134
13th May 25 2025,168,17,34,1,1605,396,1307,695,781,1221
12th May 25 2025,984,9,15,2,1463,540,1174,830,736,1268
9th May 25 2025,43,49,8,5,541,1460,648,1354,521,1481
8th May 25 2025,49,40,5,3,638,1365,684,1319,536,1467
7th May 25 2025,85,24,4,4,790,1212,805,1197,584,1418
6th May 25 2025,14,319,5,2,679,1322,710,1291,535,1466
5th May 25 2025,132,22,12,2,1078,924,946,1056,651,1351
2nd May 25 2025,40,32,7,4,825,1177,830,1172,603,1399
30th Apr 25 2025,17,108,7,5,882,1118,837,1163,606,1394
29th Apr 25 2025,56,28,10,2,1242,758,1054,946,665,1335
28th Apr 25 2025,65,37,18,2,1293,709,1083,919,678,1324
25th Apr 25 2025,20,367,18,1,1306,693,1052,947,657,1342
24th Apr 25 2025,87,28,29,2,1769,232,1429,572,778,1223
23rd Apr 25 2025,96,17,43,2,1790,211,1407,594,786,1215
22nd Apr 25 2025,136,16,72,2,1788,212,1395,605,769,1231
21st Apr 25 2025,186,13,102,2,1774,227,1309,692,742,1259
17th Apr 25 2025,88,13,42,2,1647,351,1117,881,658,1340
16th Apr 25 2025,150,14,71,2,1644,354,1053,945,615,1383
21st Apr 26 2026,123,28,40,1,2049,121,1827,343,958,1212
20th Apr 26 2026,73,52,43,0,2058,120,1790,388,902,1276
17th Apr 26 2026,188,7,79,0,2098,77,1874,301,938,1237
16th Apr 26 2026,135,17,58,0,2060,116,1757,419,847,1329
15th Apr 26 2026,390,8,124,0,2064,111,1678,497,800,1375
13th Apr 26 2026,105,34,89,0,1899,279,1278,900,658,1520
10th Apr 26 2026,244,7,128,1,1967,209,1355,821,660,1516
9th Apr 26 2026,96,31,108,1,1837,341,1018,1160,565,1613
8th Apr 26 2026,910,13,420,1,1920,257,1033,1144,554,1623
7th Apr 26 2026,132,10,65,3,1105,1073,538,1640,428,1750
6th Apr 26 2026,225,12,24,3,945,1233,461,1717,413,1765
2nd Apr 26 2026,183,24,19,3,647,1532,372,1807,375,1804
1st Apr 26 2026,1158,7,11,3,487,1691,335,1843,383,1795
30th Mar 26 2026,33,757,6,41,196,1983,209,1970,314,1865
27th Mar 26 2026,34,654,8,10,294,1884,253,1925,363,1815
25th Mar 26 2026,221,19,6,6,495,1683,332,1846,396,1782
24th Mar 26 2026,296,30,7,7,277,1901,247,1931,353,1825
23rd Mar 26 2026,6,987,5,4,149,2030,169,2010,301,1878
20th Mar 26 2026,103,26,16,3,374,1804,324,1854,397,1781
19th Mar 26 2026,18,306,7,2,269,1909,252,1926,379,1799
18th Mar 26 2026,329,7,9,2,505,1673,393,1785,450,1728
17th Mar 26 2026,102,17,8,7,263,1915,304,1874,407,1771
16th Mar 26 2026,43,122,7,6,193,1986,255,1924,379,1800
13th Mar 26 2026,20,389,9,6,220,1958,297,1881,384,1794
12th Mar 26 2026,61,50,11,5,439,1739,424,1754,451,1727
11th Mar 26 2026,79,53,9,4,444,1734,433,1745,469,1709
10th Mar 26 2026,283,15,9,5,453,1724,443,1735,481,1697
9th Mar 26 2026,26,295,6,13,276,1902,336,1843,418,1761
6th Mar 26 2026,60,41,4,7,398,1779,456,1722,506,1672
5th Mar 26 2026,113,18,9,2,407,1769,473,1704,516,1661
4th Mar 26 2026,48,269,8,4,297,1880,406,1772,471,1707
2nd Mar 26 2026,63,272,6,4,450,1728,495,1684,568,1611
27th Feb 26 2026,45,65,8,2,699,1477,691,1486,674,1503
26th Feb 26 2026,71,21,9,6,839,1337,766,1411,712,1465
25th Feb 26 2026,56,45,5,5,795,1381,748,1429,705,1472
24th Feb 26 2026,25,96,9,4,705,1471,679,1498,690,1487
23rd Feb 26 2026,65,50,6,2,869,1309,793,1386,724,1455
20th Feb 26 2026,51,30,9,5,842,1333,782,1394,716,1460
19th Feb 26 2026,38,54,9,5,811,1362,764,1410,714,1460
18th Feb 26 2026,71,18,5,5,1102,1069,935,1237,781,1391
17th Feb 26 2026,112,19,7,3,1041,1129,872,1299,756,1415
16th Feb 26 2026,54,109,13,3,935,1234,783,1387,732,1438
13th Feb 26 2026,34,168,22,0,966,1201,792,1376,728,1440
12th Feb 26 2026,60,104,27,1,1323,844,1031,1137,795,1372
11th Feb 26 2026,93,67,14,2,1506,660,1127,1040,825,1342
10th Feb 26 2026,143,37,32,1,1587,578,1158,1008,826,1340
9th Feb 26 2026,393,19,50,1,1527,641,1075,1094,809,1360
6th Feb 26 2026,58,79,28,3,1127,1039,772,1395,687,1480
5th Feb 26 2026,56,94,33,6,1165,1001,782,1385,698,1469
4th Feb 26 2026,244,55,44,18,1354,812,846,1321,730,1437
3rd Feb 26 2026,530,12,28,18,1147,1020,751,1416,712,1455
2nd Feb 26 2026,78,75,16,19,458,1710,375,1793,538,1630
1st Feb 26 2026,63,238,9,4,441,1727,365,1803,497,1671
30th Jan 26 2026,172,98,16,6,678,1488,501,1665,608,1558
29th Jan 26 2026,143,63,26,5,541,1625,436,1730,576,1590
28th Jan 26 2026,356,19,13,5,545,1620,430,1735,563,1602
27th Jan 26 2026,101,76,4,10,312,1856,326,1842,490,1678
23rd Jan 26 2026,60,209,2,6,279,1886,297,1868,485,1680
22nd Jan 26 2026,187,55,2,4,365,1800,374,1791,553,1612
21st Jan 26 2026,58,151,20,2,232,1932,292,1872,492,1672
20th Jan 26 2026,29,385,24,1,254,1909,317,1846,528,1635
19th Jan 26 2026,41,93,28,2,454,1711,480,1685,632,1533
16th Jan 26 2026,69,33,26,2,536,1625,539,1622,681,1480
14th Jan 26 2026,84,19,7,1,523,1637,559,1601,694,1466
13th Jan 26 2026,72,18,4,1,488,1672,530,1630,684,1476
12th Jan 26 2026,60,74,5,3,428,1735,508,1655,675,1488
9th Jan 26 2026,16,105,4,3,428,1730,541,1617,692,1466
8th Jan 26 2026,16,140,7,3,672,1487,704,1455,778,1381
7th Jan 26 2026,69,18,14,3,1068,1091,920,1239,865,1294
6th Jan 26 2026,45,28,16,1,1031,1127,884,1274,850,1308
5th Jan 26 2026,64,37,15,1,1149,1011,942,1218,876,1284
2nd Jan 26 2026,104,11,12,1,1326,831,961,1196,879,1278
1st Jan 26 2026,64,16,9,2,1086,1072,834,1324,822,1336
31st Dec 25 2025,84,14,7,2,1054,1102,810,1346,818,1338
30th Dec 25 2025,58,37,9,1,777,1377,691,1463,768,1386
29th Dec 25 2025,46,46,13,0,759,1399,721,1437,773,1385
26th Dec 25 2025,63,21,19,0,934,1221,772,1383,801,1354
24th Dec 25 2025,56,14,13,0,1093,1061,811,1343,821,1333
23rd Dec 25 2025,69,15,9,2,1140,1014,816,1338,827,1327
22nd Dec 25 2025,116,14,8,1,1020,1136,756,1400,812,1344
19th Dec 25 2025,90,15,9,0,710,1442,647,1505,768,1384
18th Dec 25 2025,40,30,11,0,493,1658,542,1609,724,1427
17th Dec 25 2025,34,55,12,0,499,1650,572,1577,733,1416
16th Dec 25 2025,37,29,13,0,625,1524,621,1528,765,1384
15th Dec 25 2025,79,20,15,1,750,1398,678,1470,786,1362
12th Dec 25 2025,100,10,8,3,699,1444,655,1489,767,1377
11th Dec 25 2025,77,16,5,3,504,1638,565,1577,733,1410
10th Dec 25 2025,54,29,7,2,388,1750,480,1658,716,1423
9th Dec 25 2025,134,15,1,2,427,1711,519,1619,722,1417
8th Dec 25 2025,17,247,3,3,322,1818,466,1674,695,1446
5th Dec 25 2025,32,37,3,3,546,1591,626,1511,791,1347
4th Dec 25 2025,31,29,3,4,538,1599,646,1491,800,1338
3rd Dec 25 2025,18,42,1,3,542,1594,644,1492,817,1320
2nd Dec 25 2025,28,35,5,2,654,1482,717,1419,836,1301
1st Dec 25 2025,65,38,6,3,739,1398,753,1385,863,1275
28th Nov 25 2025,58,21,3,3,763,1369,771,1362,869,1264
27th Nov 25 2025,55,20,3,3,749,1381,764,1367,863,1268
26th Nov 25 2025,85,13,4,2,754,1375,770,1360,877,1253
25th Nov 25 2025,73,13,6,3,563,1566,653,1477,826,1304
24th Nov 25 2025,35,136,7,6,523,1607,631,1500,803,1328
21st Nov 25 2025,32,36,6,4,614,1511,704,1423,861,1266
20th Nov 25 2025,39,24,9,3,767,1358,830,1296,899,1227
19th Nov 25 2025,42,42,7,2,797,1326,837,1287,918,1206
18th Nov 25 2025,40,37,12,2,786,1335,845,1277,919,1203
17th Nov 25 2025,97,48,12,2,954,1170,922,1203,966,1159
14th Nov 25 2025,77,43,13,2,885,1233,887,1232,942,1177
13th Nov 25 2025,74,47,13,2,868,1248,885,1232,969,1148
12th Nov 25 2025,106,28,9,2,901,1213,913,1202,977,1138
11th Nov 25 2025,71,53,9,8,753,1363,824,1293,936,1181
10th Nov 25 2025,87,89,12,7,752,1365,824,1294,934,1184
7th Nov 25 2025,76,41,12,3,674,1439,819,1294,934,1179
6th Nov 25 2025,45,148,14,4,612,1500,816,1296,921,1191
4th Nov 25 2025,40,28,15,2,888,1223,978,1133,1023,1088
3rd Nov 25 2025,101,39,17,2,1106,1008,1092,1022,1064,1050
31st Oct 25 2025,46,32,12,1,988,1118,1026,1080,1034,1072
30th Oct 25 2025,51,25,10,2,1138,968,1108,998,1065,1041
29th Oct 25 2025,88,24,10,0,1174,931,1113,992,1076,1029
28th Oct 25 2025,63,30,12,1,1013,1097,1011,1099,1037,1073
27th Oct 25 2025,81,38,19,2,1037,1080,1024,1093,1059,1058
24th Oct 25 2025,50,27,18,3,996,1114,988,1122,1023,1087
23rd Oct 25 2025,80,48,20,3,1085,1025,1028,1082,1049,1061
21st Oct 25 2025,56,2,23,0,1137,971,1040,1068,1055,1053
20th Oct 25 2025,98,43,15,3,952,1164,930,1186,1011,1105
17th Oct 25 2025,46,43,12,1,858,1249,872,1235,975,1132
16th Oct 25 2025,78,35,13,2,942,1162,933,1171,1008,1096
15th Oct 25 2025,89,28,13,2,841,1263,884,1220,974,1130
14th Oct 25 2025,44,67,24,3,686,1416,793,1309,935,1167
13th Oct 25 2025,56,45,18,4,872,1234,918,1188,1002,1104
10th Oct 25 2025,87,26,21,3,1020,1080,989,1111,1041,1059
9th Oct 25 2025,93,40,33,5,922,1180,940,1162,1017,1085
8th Oct 25 2025,79,26,31,2,832,1267,886,1213,1000,1099
7th Oct 25 2025,62,33,23,1,917,1180,944,1153,1015,1082
6th Oct 25 2025,83,37,19,1,951,1146,958,1139,1014,1083
3rd Oct 25 2025,128,13,11,1,924,1170,938,1156,1029,1066
1st Oct 25 2025,126,9,12,1,701,1390,799,1292,972,1120
30th Sep 25 2025,46,29,8,2,496,1589,627,1458,891,1195
29th Sep 25 2025,65,63,14,3,463,1625,636,1452,886,1203
26th Sep 25 2025,15,115,19,1,456,1623,622,1457,892,1188
25th Sep 25 2025,43,36,22,1,756,1322,904,1174,1017,1062
24th Sep 25 2025,56,31,21,2,950,1127,1067,1010,1081,997
23rd Sep 25 2025,69,24,23,2,1129,947,1172,904,1123,954
22nd Sep 25 2025,81,41,27,2,1229,853,1217,866,1164,919
19th Sep 25 2025,71,21,22,1,1415,661,1317,761,1187,891
18th Sep 25 2025,59,19,21,1,1462,613,1324,752,1181,895
17th Sep 25 2025,76,19,25,1,1477,595,1319,754,1179,894
16th Sep 25 2025,84,14,18,1,1416,656,1264,809,1150,923
15th Sep 25 2025,92,19,17,1,1331,745,1142,935,1100,977
12th Sep 25 2025,59,12,19,0,1235,837,1090,983,1066,1007
11th Sep 25 2025,58,22,26,0,1234,838,1075,998,1052,1021
10th Sep 25 2025,96,21,18,0,1223,849,1065,1008,1055,1018
9th Sep 25 2025,71,31,25,0,1034,1037,924,1148,999,1073
8th Sep 25 2025,132,17,32,1,1020,1054,908,1167,1005,1070
5th Sep 25 2025,89,14,27,1,918,1152,872,1199,963,1108
4th Sep 25 2025,51,30,19,2,953,1116,866,1204,981,1089
3rd Sep 25 2025,112,13,16,0,1059,1008,921,1147,997,1071
2nd Sep 25 2025,121,23,11,1,881,1185,796,1272,957,1111
1st Sep 25 2025,129,18,11,3,744,1325,714,1356,918,1152
29th Aug 25 2025,52,25,8,2,519,1544,582,1482,833,1231
28th Aug 25 2025,29,63,6,2,532,1531,598,1466,850,1214
26th Aug 25 2025,30,64,11,3,639,1419,697,1362,913,1146
25th Aug 25 2025,74,34,23,1,954,1108,904,1159,1009,1054
22nd Aug 25 2025,51,18,22,0,925,1132,910,1148,997,1061
21st Aug 25 2025,60,22,20,0,1035,1023,973,1086,1014,1045
20th Aug 25 2025,107,11,19,1,1021,1034,963,1093,1009,1047
19th Aug 25 2025,125,15,19,1,965,1089,913,1142,1001,1054
18th Aug 25 2025,153,33,19,2,791,1267,816,1243,955,1104
14th Aug 25 2025,48,74,16,3,555,1496,649,1402,885,1167
13th Aug 25 2025,113,47,11,5,604,1446,687,1363,923,1128
12th Aug 25 2025,80,52,6,5,504,1546,619,1432,892,1159
11th Aug 25 2025,89,65,6,4,446,1605,606,1446,880,1172
8th Aug 25 2025,49,75,8,4,374,1678,552,1500,849,1203
7th Aug 25 2025,54,53,8,5,446,1606,640,1412,929,1123
6th Aug 25 2025,40,75,8,5,463,1587,645,1405,944,1106
5th Aug 25 2025,48,42,9,5,576,1471,739,1308,1001,1046
4th Aug 25 2025,97,48,13,4,583,1466,785,1264,1026,1023
1st Aug 25 2025,36,120,10,0,450,1595,716,1329,977,1068
31st Jul 25 2025,55,49,10,1,584,1457,868,1173,1076,965
30th Jul 25 2025,92,31,11,1,685,1353,987,1051,1112,926
29th Jul 25 2025,121,18,11,1,615,1423,954,1083,1107,931
28th Jul 25 2025,37,120,10,4,495,1547,807,1235,1048,994
25th Jul 25 2025,25,89,10,3,637,1399,1009,1028,1136,901
24th Jul 25 2025,47,36,12,2,964,1073,1310,727,1271,765
23rd Jul 25 2025,51,28,15,2,1092,943,1362,673,1286,749
22nd Jul 25 2025,58,21,16,2,1044,990,1376,659,1282,753
21st Jul 25 2025,70,34,15,3,1140,897,1433,604,1293,744
18th Jul 25 2025,51,18,15,1,1163,868,1472,559,1309,722
17th Jul 25 2025,65,15,16,1,1334,696,1556,474,1336,694
16th Jul 25 2025,88,12,13,0,1339,691,1557,473,1323,707
15th Jul 25 2025,102,9,9,0,1263,767,1498,532,1290,740
14th Jul 25 2025,71,21,15,1,1005,1028,1366,667,1215,818
11th Jul 25 2025,40,16,7,0,996,1033,1402,627,1213,816
10th Jul 25 2025,69,10,12,1,1219,806,1509,516,1266,759
9th Jul 25 2025,75,8,10,1,1253,770,1513,511,1254,770
8th Jul 25 2025,57,16,13,1,1222,804,1499,527,1248,778
7th Jul 25 2025,68,27,20,1,1278,751,1527,502,1261,768
4th Jul 25 2025,66,15,19,1,1380,647,1575,452,1274,753
3rd Jul 25 2025,73,14,20,1,1366,659,1548,477,1259,766
2nd Jul 25 2025,57,21,21,1,1353,669,1538,484,1232,790
1st Jul 25 2025,85,21,27,0,1449,569,1573,445,1244,774
30th Jun 25 2025,117,17,29,0,1483,536,1577,442,1256,763
27th Jun 25 2025,92,14,23,0,1433,582,1541,474,1239,776
26th Jun 25 2025,64,12,22,0,1366,650,1520,496,1205,811
25th Jun 25 2025,155,6,10,0,1364,651,1514,501,1203,812
24th Jun 25 2025,99,15,5,1,1055,961,1353,662,1107,910
23rd Jun 25 2025,73,19,5,1,838,1180,1202,816,1060,959
20th Jun 25 2025,80,12,7,2,834,1179,1237,776,1045,969
19th Jun 25 2025,17,83,6,1,596,1417,1125,888,999,1015
18th Jun 25 2025,39,25,4,0,938,1073,1361,650,1114,898
17th Jun 25 2025,48,38,7,1,1025,986,1415,596,1147,865
16th Jun 25 2025,74,16,9,1,1256,758,1514,500,1193,822
13th Jun 25 2025,38,24,17,1,1197,813,1528,482,1166,845
12th Jun 25 2025,37,48,23,0,1434,575,1605,404,1222,788
11th Jun 25 2025,111,19,27,0,1654,353,1718,289,1298,710
10th Jun 25 2025,106,12,32,1,1650,357,1695,312,1277,731
9th Jun 25 2025,159,9,25,0,1635,375,1677,333,1255,756
6th Jun 25 2025,117,18,22,0,1499,509,1584,424,1175,834
5th Jun 25 2025,117,6,15,0,1457,551,1513,495,1126,883
4th Jun 25 2025,98,20,13,0,1373,634,1493,514,1093,915
3rd Jun 25 2025,69,23,17,0,1321,685,1488,518,1069,938
2nd Jun 25 2025,124,47,24,0,1432,574,1524,482,1070,937
30th May 25 2025,93,58,27,0,1452,551,1531,472,1067,937
29th May 25 2025,101,44,34,0,1515,487,1550,452,1104,899
28th May 25 2025,98,31,24,1,1556,445,1564,437,1085,917
27th May 25 2025,78,27,27,1,1601,399,1591,410,1091,910
26th May 25 2025,115,40,19,0,1642,361,1628,376,1073,931
23rd May 25 2025,84,29,23,1,1648,350,1616,383,1053,946
22nd May 25 2025,72,38,26,1,1628,371,1584,416,1014,986
21st May 25 2025,84,38,29,1,1689,309,1611,388,1021,978
20th May 25 2025,57,73,54,1,1663,335,1597,402,987,1012
19th May 25 2025,182,29,83,0,1784,217,1702,300,1055,947
16th May 25 2025,196,26,161,0,1770,228,1658,341,1002,997
15th May 25 2025,154,26,87,0,1726,271,1559,439,936,1062
14th May 25 2025,210,10,44,1,1710,286,1492,505,867,1130
13th May 25 2025,168,17,34,1,1601,395,1305,692,780,1217
12th May 25 2025,981,9,15,2,1459,539,1173,826,735,1264
9th May 25 2025,43,49,8,5,541,1455,647,1350,520,1477
8th May 25 2025,49,40,5,3,637,1361,683,1315,535,1463
7th May 25 2025,85,24,4,4,790,1207,804,1193,583,1414
6th May 25 2025,14,319,5,2,679,1317,709,1287,534,1462
5th May 25 2025,132,22,12,2,1078,919,945,1052,650,1347
2nd May 25 2025,40,32,7,4,824,1173,830,1167,602,1395
30th Apr 25 2025,17,107,7,5,881,1114,837,1158,605,1390
29th Apr 25 2025,56,28,10,2,1239,756,1052,943,664,1331
28th Apr 25 2025,64,38,18,2,1290,707,1082,915,677,1320
25th Apr 25 2025,20,366,19,1,1304,690,1051,943,656,1338
24th Apr 25 2025,88,28,30,2,1764,232,1427,569,777,1219
23rd Apr 25 2025,97,17,44,2,1786,210,1405,591,785,1211
22nd Apr 25 2025,137,16,71,2,1783,212,1392,603,768,1227
21st Apr 25 2025,187,12,101,2,1769,227,1306,690,741,1255
17th Apr 25 2025,87,13,41,2,1644,349,1115,878,657,1336
16th Apr 25 2025,149,14,70,2,1639,354,1051,942,614,1379
15th Apr 25 2025,450,6,17,1,1510,483,910,1083,563,1430
20th Apr 26 2026,70,59,43,0,2048,118,1778,388,899,1267
17th Apr 26 2026,188,7,79,0,2092,76,1869,299,934,1234
16th Apr 26 2026,135,17,58,0,2054,115,1751,418,843,1326
15th Apr 26 2026,390,8,124,0,2057,111,1672,496,796,1372
13th Apr 26 2026,104,34,89,0,1894,277,1274,897,654,1517
10th Apr 26 2026,244,7,128,1,1962,207,1352,817,656,1513
9th Apr 26 2026,96,31,108,1,1832,339,1015,1156,561,1610
8th Apr 26 2026,909,13,420,1,1915,255,1029,1141,550,1620
7th Apr 26 2026,132,10,65,3,1102,1069,535,1636,424,1747
6th Apr 26 2026,224,12,24,3,942,1229,459,1712,409,1762
2nd Apr 26 2026,183,24,19,3,644,1528,369,1803,371,1801
1st Apr 26 2026,1156,7,11,3,485,1686,333,1838,379,1792
30th Mar 26 2026,32,757,6,41,194,1978,206,1966,310,1862
27th Mar 26 2026,34,652,8,10,291,1880,250,1921,359,1812
25th Mar 26 2026,221,19,6,6,492,1679,329,1842,392,1779
24th Mar 26 2026,295,30,7,7,275,1896,244,1927,349,1822
23rd Mar 26 2026,6,986,5,4,147,2025,167,2005,297,1875
20th Mar 26 2026,102,26,16,3,372,1799,321,1850,394,1777
19th Mar 26 2026,18,305,7,2,267,1904,250,1921,375,1796
18th Mar 26 2026,329,6,9,2,503,1668,390,1781,446,1725
17th Mar 26 2026,101,17,8,7,260,1911,301,1870,403,1768
16th Mar 26 2026,43,122,7,6,191,1981,251,1921,375,1797
13th Mar 26 2026,20,388,9,6,216,1955,293,1878,380,1791
12th Mar 26 2026,60,50,11,5,435,1736,420,1751,447,1724
11th Mar 26 2026,79,53,9,4,440,1731,429,1742,465,1706
10th Mar 26 2026,283,15,9,5,449,1721,439,1732,477,1694
9th Mar 26 2026,26,295,6,13,272,1899,332,1840,414,1758
6th Mar 26 2026,60,41,4,7,394,1776,452,1719,502,1669
5th Mar 26 2026,113,18,9,2,404,1766,470,1701,513,1658
4th Mar 26 2026,48,268,8,4,292,1878,402,1769,467,1704
2nd Mar 26 2026,63,272,6,4,446,1725,491,1681,564,1608
27th Feb 26 2026,45,65,8,2,695,1474,687,1483,670,1500
26th Feb 26 2026,71,21,9,6,835,1334,762,1408,708,1462
25th Feb 26 2026,56,45,5,5,791,1378,744,1426,701,1469
24th Feb 26 2026,25,96,9,4,701,1468,675,1495,686,1484
23rd Feb 26 2026,65,50,6,2,865,1306,789,1383,720,1452
20th Feb 26 2026,51,30,9,5,838,1330,778,1391,712,1457
19th Feb 26 2026,38,54,9,5,806,1360,760,1407,710,1457
18th Feb 26 2026,71,18,5,5,1097,1067,931,1234,777,1388
17th Feb 26 2026,112,19,7,3,1037,1126,868,1296,752,1412
16th Feb 26 2026,54,109,13,3,930,1232,779,1384,728,1435
13th Feb 26 2026,34,168,22,0,962,1198,788,1373,724,1437
12th Feb 26 2026,60,103,27,1,1318,842,1027,1134,791,1369
11th Feb 26 2026,91,67,14,2,1500,659,1122,1038,821,1339
10th Feb 26 2026,143,37,32,1,1583,575,1154,1005,822,1337
9th Feb 26 2026,393,19,50,1,1522,639,1071,1091,805,1357
6th Feb 26 2026,57,79,28,3,1122,1037,767,1393,683,1477
5th Feb 26 2026,56,94,33,6,1161,998,778,1382,694,1466
4th Feb 26 2026,244,55,44,18,1350,809,842,1318,726,1434
3rd Feb 26 2026,528,12,28,18,1143,1017,747,1413,709,1451
2nd Feb 26 2026,78,75,16,19,456,1705,372,1789,535,1626
1st Feb 26 2026,62,238,9,4,438,1723,362,1799,494,1667
30th Jan 26 2026,172,98,16,6,675,1484,498,1661,605,1554
29th Jan 26 2026,143,63,26,5,537,1622,433,1726,573,1586
28th Jan 26 2026,356,19,13,5,542,1616,427,1731,560,1598
27th Jan 26 2026,101,76,4,10,309,1852,323,1838,487,1674
23rd Jan 26 2026,59,209,2,6,276,1882,294,1864,482,1676
22nd Jan 26 2026,186,55,2,4,362,1796,371,1787,550,1608
21st Jan 26 2026,58,151,20,2,230,1927,290,1867,489,1668
20th Jan 26 2026,29,385,24,1,252,1904,315,1841,525,1631
19th Jan 26 2026,41,92,28,2,452,1706,477,1681,629,1529
16th Jan 26 2026,69,33,26,2,534,1620,537,1617,677,1477
14th Jan 26 2026,84,19,7,1,521,1632,555,1598,690,1463
13th Jan 26 2026,71,17,4,1,486,1667,527,1626,680,1473
12th Jan 26 2026,60,74,5,3,426,1730,505,1651,671,1485
9th Jan 26 2026,16,104,4,3,426,1725,538,1613,688,1463
8th Jan 26 2026,16,140,7,3,670,1482,701,1451,774,1378
7th Jan 26 2026,69,18,14,3,1066,1086,917,1235,861,1291
6th Jan 26 2026,45,28,16,1,1029,1122,880,1271,846,1305
5th Jan 26 2026,64,37,15,1,1146,1007,937,1216,872,1281
2nd Jan 26 2026,104,11,12,1,1322,828,956,1194,875,1275
1st Jan 26 2026,64,16,9,2,1082,1069,829,1322,818,1333
31st Dec 25 2025,84,14,7,2,1049,1100,805,1344,814,1335
30th Dec 25 2025,57,37,9,1,772,1375,686,1461,764,1383
29th Dec 25 2025,45,46,13,0,756,1395,716,1435,769,1382
26th Dec 25 2025,63,20,19,0,931,1217,768,1380,797,1351
24th Dec 25 2025,56,14,13,0,1087,1060,806,1341,817,1330
23rd Dec 25 2025,68,15,9,2,1135,1012,812,1335,823,1324
22nd Dec 25 2025,116,14,8,1,1016,1133,751,1398,808,1341
19th Dec 25 2025,90,15,9,0,705,1440,643,1502,764,1381
18th Dec 25 2025,40,30,11,0,489,1655,538,1606,720,1424
17th Dec 25 2025,34,55,12,0,495,1647,567,1575,729,1413
16th Dec 25 2025,37,29,13,0,621,1521,617,1525,761,1381
15th Dec 25 2025,78,20,15,1,746,1395,674,1467,782,1359
12th Dec 25 2025,99,10,8,3,694,1442,651,1486,763,1374
11th Dec 25 2025,77,16,5,3,500,1635,561,1574,729,1407
10th Dec 25 2025,54,29,7,2,385,1746,476,1655,712,1420
9th Dec 25 2025,134,15,1,2,423,1708,515,1616,718,1414
8th Dec 25 2025,17,245,3,3,318,1815,462,1671,691,1443
5th Dec 25 2025,32,37,3,3,542,1588,621,1509,787,1344
4th Dec 25 2025,31,29,3,4,533,1597,642,1488,796,1335
3rd Dec 25 2025,18,42,1,3,537,1592,639,1490,813,1317
2nd Dec 25 2025,27,35,5,2,649,1480,712,1417,832,1298
1st Dec 25 2025,65,38,6,3,734,1396,748,1383,859,1272
28th Nov 25 2025,58,21,2,3,758,1367,766,1360,865,1261
27th Nov 25 2025,55,20,2,3,744,1379,759,1365,859,1265
26th Nov 25 2025,85,13,3,2,749,1373,765,1358,873,1250
25th Nov 25 2025,73,13,5,3,558,1564,648,1475,822,1301
24th Nov 25 2025,34,136,6,6,518,1605,626,1498,799,1325
21st Nov 25 2025,32,36,6,4,609,1509,699,1421,857,1263
20th Nov 25 2025,39,24,9,3,762,1356,825,1294,895,1224
19th Nov 25 2025,42,42,7,2,792,1324,832,1285,914,1203
18th Nov 25 2025,40,37,12,2,781,1333,840,1275,915,1200
17th Nov 25 2025,97,48,11,2,949,1168,917,1201,962,1156
14th Nov 25 2025,76,43,12,2,878,1233,882,1230,938,1174
13th Nov 25 2025,72,47,12,2,862,1247,881,1229,965,1145
12th Nov 25 2025,105,28,8,2,896,1211,908,1200,974,1134
11th Nov 25 2025,70,53,8,8,749,1360,820,1290,933,1177
10th Nov 25 2025,85,89,12,7,747,1363,820,1291,932,1179
7th Nov 25 2025,76,41,12,3,670,1436,816,1290,932,1174
6th Nov 25 2025,44,148,14,4,608,1497,813,1292,918,1187
4th Nov 25 2025,40,28,15,2,884,1220,976,1128,1021,1083
3rd Nov 25 2025,101,39,17,2,1104,1003,1090,1017,1062,1045
31st Oct 25 2025,45,32,12,1,985,1114,1024,1075,1032,1067
30th Oct 25 2025,51,25,10,2,1136,963,1106,993,1063,1036
29th Oct 25 2025,88,23,10,0,1172,926,1111,987,1074,1024
28th Oct 25 2025,62,30,12,1,1010,1093,1009,1094,1035,1068
27th Oct 25 2025,81,38,19,2,1035,1075,1022,1088,1057,1053
24th Oct 25 2025,50,27,18,3,994,1109,986,1117,1021,1082
23rd Oct 25 2025,80,48,20,3,1082,1021,1026,1077,1047,1056
21st Oct 25 2025,56,2,23,0,1135,967,1038,1064,1054,1048
20th Oct 25 2025,98,43,15,3,949,1160,927,1182,1009,1100
17th Oct 25 2025,46,42,12,1,856,1244,870,1230,973,1127
16th Oct 25 2025,78,35,13,2,939,1158,930,1167,1006,1091
15th Oct 25 2025,88,28,13,2,838,1259,881,1216,972,1125
14th Oct 25 2025,44,66,24,3,684,1411,791,1304,933,1162
13th Oct 25 2025,55,45,18,4,869,1230,916,1183,1000,1099
10th Oct 25 2025,87,26,21,3,1018,1075,987,1106,1039,1054
9th Oct 25 2025,93,40,33,5,919,1176,937,1158,1014,1081
8th Oct 25 2025,79,26,31,2,829,1263,884,1208,998,1094
7th Oct 25 2025,62,33,23,1,915,1175,942,1148,1013,1077
6th Oct 25 2025,83,37,19,1,949,1141,956,1134,1012,1078
3rd Oct 25 2025,128,13,11,1,922,1165,935,1152,1027,1061
1st Oct 25 2025,126,9,12,1,699,1385,796,1288,970,1115
30th Sep 25 2025,46,29,8,2,492,1586,624,1454,888,1191
29th Sep 25 2025,65,63,14,3,461,1620,633,1448,884,1198
26th Sep 25 2025,15,115,19,1,452,1620,619,1453,890,1183
25th Sep 25 2025,43,36,22,1,752,1319,900,1171,1015,1057
24th Sep 25 2025,56,30,21,2,947,1123,1063,1007,1079,992
23rd Sep 25 2025,69,24,23,2,1126,943,1169,900,1121,949
22nd Sep 25 2025,81,41,27,2,1224,851,1213,863,1162,914
19th Sep 25 2025,71,20,22,1,1409,660,1312,759,1185,886
18th Sep 25 2025,59,18,21,1,1458,610,1320,749,1179,890
17th Sep 25 2025,76,18,25,1,1472,593,1315,751,1176,890
16th Sep 25 2025,83,14,18,1,1412,653,1260,806,1147,919
15th Sep 25 2025,92,19,17,1,1326,743,1138,932,1097,973
12th Sep 25 2025,59,12,19,0,1230,835,1086,980,1063,1003
11th Sep 25 2025,58,22,26,0,1230,835,1072,994,1050,1016
10th Sep 25 2025,96,21,18,0,1219,846,1062,1004,1053,1013
9th Sep 25 2025,70,30,25,0,1031,1033,921,1144,996,1069
8th Sep 25 2025,132,17,32,1,1016,1051,905,1163,1003,1065
5th Sep 25 2025,89,13,27,1,914,1149,869,1195,961,1103
4th Sep 25 2025,51,30,19,2,950,1113,864,1200,979,1085
3rd Sep 25 2025,112,13,16,0,1055,1006,918,1144,995,1067
2nd Sep 25 2025,121,23,11,1,879,1181,794,1268,955,1107
1st Sep 25 2025,129,18,11,3,741,1322,712,1352,916,1148
29th Aug 25 2025,52,25,8,2,518,1540,581,1478,832,1227
28th Aug 25 2025,29,63,6,2,530,1527,596,1462,848,1210
26th Aug 25 2025,30,64,11,3,637,1415,695,1358,911,1142
25th Aug 25 2025,74,34,23,1,951,1105,901,1156,1007,1050
22nd Aug 25 2025,51,18,22,0,922,1129,907,1145,994,1058
21st Aug 25 2025,60,22,20,0,1032,1020,971,1082,1012,1041
20th Aug 25 2025,107,11,19,1,1018,1031,960,1090,1007,1043
19th Aug 25 2025,125,15,19,1,962,1086,911,1138,999,1050
18th Aug 25 2025,153,33,19,2,788,1264,814,1239,953,1100
14th Aug 25 2025,48,74,16,3,552,1493,647,1398,883,1163
13th Aug 25 2025,113,47,11,5,602,1443,686,1359,922,1124
12th Aug 25 2025,80,52,6,5,503,1542,618,1428,891,1155
11th Aug 25 2025,89,64,6,4,445,1601,605,1442,879,1168
8th Aug 25 2025,49,75,8,4,373,1674,551,1496,848,1199
7th Aug 25 2025,54,53,8,5,445,1602,639,1408,928,1119
6th Aug 25 2025,40,75,8,5,462,1583,644,1401,943,1102
5th Aug 25 2025,48,42,9,5,575,1467,738,1304,1000,1042
4th Aug 25 2025,97,48,13,4,582,1462,784,1260,1025,1019
1st Aug 25 2025,36,120,10,0,449,1591,715,1325,976,1064
31st Jul 25 2025,55,49,10,1,583,1453,867,1169,1075,961
30th Jul 25 2025,92,31,11,1,683,1350,986,1047,1111,922
29th Jul 25 2025,121,18,11,1,613,1420,952,1080,1105,928
28th Jul 25 2025,37,119,10,4,494,1543,805,1232,1047,990
25th Jul 25 2025,25,88,10,3,635,1396,1006,1026,1135,897
24th Jul 25 2025,47,36,12,2,961,1071,1306,726,1268,763
23rd Jul 25 2025,51,28,15,2,1088,942,1358,672,1283,747
22nd Jul 25 2025,58,21,16,2,1042,987,1374,656,1280,750
21st Jul 25 2025,70,34,15,3,1138,894,1431,601,1291,741
18th Jul 25 2025,51,18,15,1,1161,865,1470,556,1307,719
17th Jul 25 2025,65,15,16,1,1331,694,1553,472,1334,691
16th Jul 25 2025,88,12,13,0,1337,688,1554,471,1320,705
15th Jul 25 2025,102,9,9,0,1261,764,1496,529,1287,738
14th Jul 25 2025,71,21,15,1,1003,1025,1364,664,1212,816
11th Jul 25 2025,40,16,7,0,993,1031,1398,626,1210,814
10th Jul 25 2025,68,10,12,1,1216,804,1506,514,1263,757
9th Jul 25 2025,75,8,10,1,1252,766,1511,508,1252,767
8th Jul 25 2025,57,16,13,1,1221,800,1497,524,1246,775
7th Jul 25 2025,68,27,20,1,1277,747,1524,500,1259,765
4th Jul 25 2025,66,15,19,1,1375,647,1570,452,1271,751
3rd Jul 25 2025,73,14,20,1,1363,657,1544,476,1256,764
2nd Jul 25 2025,57,21,21,1,1350,667,1535,482,1229,788
1st Jul 25 2025,85,21,27,0,1446,567,1570,443,1242,771
30th Jun 25 2025,117,17,29,0,1480,534,1573,441,1253,761
27th Jun 25 2025,91,14,23,0,1430,580,1537,473,1236,774
26th Jun 25 2025,64,12,22,0,1364,647,1517,494,1202,809
25th Jun 25 2025,155,6,10,0,1362,648,1512,498,1201,809
24th Jun 25 2025,99,15,5,1,1053,958,1350,660,1104,908
23rd Jun 25 2025,73,19,5,1,836,1177,1200,813,1058,956
20th Jun 25 2025,80,12,7,2,832,1176,1235,773,1044,965
19th Jun 25 2025,16,82,6,1,594,1414,1123,885,996,1013
18th Jun 25 2025,39,25,4,0,935,1071,1357,649,1112,895
17th Jun 25 2025,48,38,7,1,1021,985,1411,595,1145,862
16th Jun 25 2025,74,16,9,1,1253,756,1509,500,1189,821
13th Jun 25 2025,38,24,17,1,1193,812,1523,482,1162,844
12th Jun 25 2025,37,47,22,0,1430,574,1600,404,1218,787
11th Jun 25 2025,111,19,26,0,1650,352,1713,289,1294,709
10th Jun 25 2025,105,10,31,1,1646,356,1690,312,1273,730
9th Jun 25 2025,158,9,25,0,1631,374,1672,333,1251,755
6th Jun 25 2025,115,18,22,0,1495,508,1579,424,1171,833
5th Jun 25 2025,117,6,15,0,1454,549,1509,494,1124,880
4th Jun 25 2025,98,19,13,0,1370,632,1489,513,1091,912
3rd Jun 25 2025,69,23,17,0,1317,684,1483,518,1066,936
2nd Jun 25 2025,124,47,24,0,1428,573,1519,482,1067,935
30th May 25 2025,93,58,27,0,1447,551,1527,471,1064,935
29th May 25 2025,101,44,34,0,1510,487,1546,451,1101,897
28th May 25 2025,98,30,24,1,1551,445,1560,436,1082,915
27th May 25 2025,78,27,27,1,1596,399,1586,410,1088,908
26th May 25 2025,114,39,19,0,1637,361,1623,376,1070,929
23rd May 25 2025,83,29,23,1,1643,350,1612,382,1050,944
22nd May 25 2025,72,38,26,1,1624,370,1580,415,1011,984
21st May 25 2025,83,37,29,1,1685,308,1607,387,1018,976
20th May 25 2025,56,72,54,1,1659,334,1593,401,984,1010
19th May 25 2025,181,29,82,0,1780,216,1698,299,1052,945
16th May 25 2025,195,26,159,0,1766,227,1654,340,1000,994
15th May 25 2025,152,26,87,0,1721,271,1555,438,933,1060
14th May 25 2025,209,10,44,1,1706,285,1488,504,865,1127
13th May 25 2025,167,17,34,1,1597,394,1303,689,779,1213
12th May 25 2025,980,9,15,2,1457,536,1171,823,734,1260
9th May 25 2025,43,47,8,4,540,1451,646,1346,519,1473
8th May 25 2025,49,39,5,3,636,1357,681,1312,534,1459
7th May 25 2025,85,23,4,4,787,1205,802,1190,582,1410
6th May 25 2025,14,318,5,2,677,1314,707,1284,532,1459
5th May 25 2025,132,21,11,2,1075,917,943,1049,648,1344
2nd May 25 2025,39,32,6,4,822,1170,828,1164,600,1392
30th Apr 25 2025,16,107,7,5,879,1111,835,1155,603,1387
29th Apr 25 2025,55,28,10,2,1236,754,1049,941,662,1328
28th Apr 25 2025,64,38,18,2,1287,705,1079,913,675,1317
25th Apr 25 2025,20,365,19,1,1300,689,1048,941,655,1334
24th Apr 25 2025,88,28,30,2,1761,230,1424,567,776,1215
23rd Apr 25 2025,97,17,44,2,1782,209,1402,589,784,1207
22nd Apr 25 2025,137,16,71,2,1778,212,1388,602,767,1223
21st Apr 25 2025,187,12,101,2,1764,227,1302,689,740,1251
17th Apr 25 2025,86,13,41,2,1639,349,1112,876,655,1333
16th Apr 25 2025,148,14,70,2,1635,353,1048,940,613,1375
15th Apr 25 2025,449,6,17,1,1506,482,908,1080,562,1426
11th Apr 25 2025,312,5,6,3,915,1071,577,1409,445,1541
17th Apr 26 2026,204,7,77,2,2094,75,1870,299,925,1244
16th Apr 26 2026,133,17,57,1,2058,117,1754,421,842,1333
15th Apr 26 2026,389,8,122,1,2061,113,1673,501,796,1378
13th Apr 26 2026,104,34,89,1,1898,279,1272,905,654,1523
10th Apr 26 2026,244,8,127,2,1965,210,1351,824,657,1518
9th Apr 26 2026,94,30,108,1,1836,341,1014,1163,560,1617
8th Apr 26 2026,909,13,419,1,1918,258,1029,1147,552,1624
7th Apr 26 2026,131,10,65,4,1107,1070,538,1639,428,1749
6th Apr 26 2026,223,12,24,5,948,1229,462,1715,413,1764
2nd Apr 26 2026,185,23,18,6,651,1527,371,1807,376,1802
1st Apr 26 2026,1157,8,11,6,488,1689,334,1843,383,1794
30th Mar 26 2026,32,757,6,42,198,1980,208,1970,312,1866
27th Mar 26 2026,33,650,8,12,292,1885,250,1927,361,1816
25th Mar 26 2026,220,19,6,6,490,1687,330,1847,394,1783
24th Mar 26 2026,296,29,7,7,276,1901,246,1931,351,1826
23rd Mar 26 2026,6,983,5,4,148,2030,169,2009,300,1878
20th Mar 26 2026,102,25,15,3,376,1801,325,1852,398,1779
19th Mar 26 2026,18,303,6,2,271,1906,253,1924,379,1798
18th Mar 26 2026,327,7,8,2,507,1670,394,1783,450,1727
17th Mar 26 2026,100,17,7,7,262,1915,304,1873,407,1770
16th Mar 26 2026,42,122,6,6,193,1985,255,1923,380,1798
13th Mar 26 2026,20,383,9,6,217,1960,296,1881,385,1792
12th Mar 26 2026,60,50,11,5,436,1741,422,1755,449,1728
11th Mar 26 2026,78,53,9,4,441,1736,431,1746,469,1708
10th Mar 26 2026,282,15,9,4,449,1727,440,1737,479,1698
9th Mar 26 2026,26,293,6,13,273,1904,334,1844,417,1761
6th Mar 26 2026,60,40,4,7,395,1781,455,1722,505,1672
5th Mar 26 2026,114,18,9,2,407,1769,472,1705,516,1661
4th Mar 26 2026,48,266,8,3,296,1880,405,1772,471,1706
2nd Mar 26 2026,61,273,6,4,448,1729,494,1684,567,1611
27th Feb 26 2026,44,63,8,1,698,1477,691,1485,674,1502
26th Feb 26 2026,69,20,9,5,838,1337,764,1412,710,1466
25th Feb 26 2026,56,45,5,4,793,1382,745,1431,703,1473
24th Feb 26 2026,25,97,9,3,706,1469,679,1497,690,1486
23rd Feb 26 2026,64,51,6,2,868,1309,790,1388,722,1456
20th Feb 26 2026,50,30,9,5,841,1334,779,1397,713,1463
19th Feb 26 2026,38,53,9,5,810,1365,762,1414,710,1466
18th Feb 26 2026,71,17,5,5,1101,1073,934,1241,779,1396
17th Feb 26 2026,111,18,7,3,1040,1135,871,1305,755,1421
16th Feb 26 2026,55,110,13,4,935,1242,782,1396,733,1445
13th Feb 26 2026,34,168,22,1,972,1203,794,1382,730,1446
12th Feb 26 2026,61,105,27,1,1326,849,1032,1144,798,1377
11th Feb 26 2026,92,68,14,2,1509,665,1129,1046,828,1347
10th Feb 26 2026,144,38,34,1,1591,582,1159,1015,830,1344
9th Feb 26 2026,395,19,52,1,1528,648,1075,1102,813,1364
6th Feb 26 2026,58,79,30,3,1130,1044,773,1402,691,1484
5th Feb 26 2026,57,94,35,6,1169,1005,784,1391,701,1474
4th Feb 26 2026,246,55,45,18,1356,818,847,1328,733,1442
3rd Feb 26 2026,531,12,28,18,1148,1027,751,1424,713,1462
2nd Feb 26 2026,78,77,16,19,458,1718,374,1802,538,1638
1st Feb 26 2026,62,239,9,4,442,1734,364,1812,498,1678
30th Jan 26 2026,173,99,16,6,677,1497,500,1674,611,1563
29th Jan 26 2026,143,64,26,5,540,1634,436,1738,579,1595
28th Jan 26 2026,356,20,13,6,544,1629,430,1743,566,1607
27th Jan 26 2026,102,77,4,11,312,1864,326,1850,492,1684
23rd Jan 26 2026,59,210,2,6,280,1893,298,1875,488,1685
22nd Jan 26 2026,186,56,2,4,366,1807,375,1798,556,1617
21st Jan 26 2026,58,152,20,2,233,1939,293,1879,495,1677
20th Jan 26 2026,29,388,24,1,256,1915,319,1852,531,1640
19th Jan 26 2026,42,93,29,2,456,1717,481,1692,635,1538
16th Jan 26 2026,71,33,27,2,541,1628,544,1625,684,1485
14th Jan 26 2026,84,21,7,1,528,1640,561,1607,698,1470
13th Jan 26 2026,72,17,5,1,492,1676,534,1634,687,1481
12th Jan 26 2026,62,77,6,3,432,1739,512,1659,678,1493
9th Jan 26 2026,17,105,4,3,433,1733,545,1621,696,1470
8th Jan 26 2026,16,140,7,3,676,1491,707,1460,782,1385
7th Jan 26 2026,69,18,14,3,1071,1096,923,1244,869,1298
6th Jan 26 2026,45,28,16,1,1034,1132,886,1280,854,1312
5th Jan 26 2026,64,37,15,1,1152,1016,944,1224,880,1288
2nd Jan 26 2026,105,11,12,1,1331,834,964,1201,883,1282
1st Jan 26 2026,64,16,9,2,1087,1079,836,1330,827,1339
31st Dec 25 2025,84,15,8,2,1058,1106,812,1352,821,1343
30th Dec 25 2025,59,37,10,1,778,1384,692,1470,771,1391
29th Dec 25 2025,45,48,14,0,762,1404,721,1445,776,1390
26th Dec 25 2025,64,21,20,0,936,1227,772,1391,804,1359
24th Dec 25 2025,57,14,14,0,1094,1068,811,1351,824,1338
23rd Dec 25 2025,69,16,9,2,1141,1021,817,1345,830,1332
22nd Dec 25 2025,117,14,8,1,1024,1140,758,1406,816,1348
19th Dec 25 2025,91,15,9,0,710,1450,648,1512,772,1388
18th Dec 25 2025,40,30,11,0,493,1666,541,1618,727,1432
17th Dec 25 2025,34,55,12,0,498,1659,572,1585,736,1421
16th Dec 25 2025,37,29,13,0,625,1532,621,1536,768,1389
15th Dec 25 2025,78,20,15,1,750,1406,678,1478,789,1367
12th Dec 25 2025,99,10,8,3,700,1451,657,1495,771,1381
11th Dec 25 2025,77,16,5,3,505,1645,566,1584,736,1415
10th Dec 25 2025,54,29,7,2,390,1756,482,1664,720,1427
9th Dec 25 2025,134,15,1,2,427,1719,519,1627,725,1422
8th Dec 25 2025,18,247,3,3,324,1824,468,1680,698,1451
5th Dec 25 2025,32,37,3,3,548,1597,629,1516,795,1351
4th Dec 25 2025,31,29,3,4,540,1605,648,1497,803,1343
3rd Dec 25 2025,18,42,1,3,544,1600,648,1496,821,1324
2nd Dec 25 2025,28,35,5,2,657,1487,721,1423,840,1305
1st Dec 25 2025,66,38,7,3,740,1405,756,1390,866,1280
28th Nov 25 2025,59,21,3,3,766,1374,775,1366,873,1268
27th Nov 25 2025,56,20,3,3,751,1387,768,1371,867,1272
26th Nov 25 2025,86,13,4,2,757,1380,774,1364,881,1257
25th Nov 25 2025,74,13,6,3,566,1570,656,1482,829,1309
24th Nov 25 2025,36,137,6,6,524,1614,634,1505,806,1333
21st Nov 25 2025,33,36,6,4,614,1519,706,1429,864,1271
20th Nov 25 2025,40,24,9,3,769,1364,832,1302,903,1231
19th Nov 25 2025,43,42,7,2,799,1332,839,1293,921,1211
18th Nov 25 2025,40,38,12,3,788,1341,848,1282,922,1208
17th Nov 25 2025,98,50,11,3,954,1178,923,1210,968,1165
14th Nov 25 2025,77,43,12,3,885,1241,889,1238,947,1180
13th Nov 25 2025,73,48,12,3,868,1256,886,1239,973,1152
12th Nov 25 2025,106,30,8,4,904,1218,916,1207,983,1140
11th Nov 25 2025,70,55,8,8,754,1370,827,1298,941,1184
10th Nov 25 2025,85,91,12,7,754,1371,828,1298,942,1184
7th Nov 25 2025,76,43,12,3,678,1443,825,1296,941,1180
6th Nov 25 2025,46,149,14,4,616,1504,821,1299,929,1191
4th Nov 25 2025,42,29,16,2,895,1224,987,1132,1031,1088
3rd Nov 25 2025,102,40,18,3,1114,1008,1101,1021,1073,1049
31st Oct 25 2025,46,33,13,2,994,1120,1033,1081,1042,1072
30th Oct 25 2025,52,26,11,2,1145,969,1116,998,1074,1040
29th Oct 25 2025,90,24,12,0,1181,932,1120,993,1085,1028
28th Oct 25 2025,63,31,13,1,1017,1101,1017,1101,1045,1073
27th Oct 25 2025,82,39,21,2,1041,1084,1029,1096,1066,1059
24th Oct 25 2025,52,28,19,3,1002,1116,994,1124,1030,1088
23rd Oct 25 2025,83,48,21,3,1090,1028,1034,1084,1056,1062
21st Oct 25 2025,58,2,24,0,1142,974,1045,1071,1062,1054
20th Oct 25 2025,100,44,16,3,957,1167,934,1190,1018,1106
17th Oct 25 2025,47,42,13,1,864,1251,877,1238,982,1133
16th Oct 25 2025,81,35,15,2,948,1164,937,1175,1015,1097
15th Oct 25 2025,90,28,14,2,846,1266,888,1224,981,1131
14th Oct 25 2025,45,66,24,3,689,1421,796,1314,941,1169
13th Oct 25 2025,56,46,18,4,875,1239,921,1193,1008,1106
10th Oct 25 2025,90,26,21,3,1026,1082,995,1113,1047,1061
9th Oct 25 2025,95,40,33,5,927,1183,944,1166,1023,1087
8th Oct 25 2025,79,26,31,2,834,1273,890,1217,1005,1102
7th Oct 25 2025,62,33,23,1,919,1186,947,1158,1021,1084
6th Oct 25 2025,83,37,19,1,953,1152,961,1144,1019,1086
3rd Oct 25 2025,128,13,11,1,928,1174,944,1158,1035,1068
1st Oct 25 2025,126,9,12,1,706,1393,803,1296,977,1123
30th Sep 25 2025,47,30,8,2,500,1593,631,1462,896,1198
29th Sep 25 2025,66,64,14,3,465,1631,639,1457,892,1205
26th Sep 25 2025,15,117,19,1,459,1628,626,1461,898,1190
25th Sep 25 2025,44,37,22,1,761,1325,908,1178,1023,1064
24th Sep 25 2025,57,30,21,2,955,1130,1072,1013,1088,998
23rd Sep 25 2025,71,24,23,2,1132,952,1176,908,1130,955
22nd Sep 25 2025,82,42,27,2,1232,858,1221,870,1171,920
19th Sep 25 2025,72,22,22,1,1419,665,1321,765,1195,891
18th Sep 25 2025,59,18,21,1,1468,615,1329,755,1189,895
17th Sep 25 2025,79,19,26,1,1482,598,1325,756,1187,894
16th Sep 25 2025,84,15,18,1,1421,659,1270,811,1157,924
15th Sep 25 2025,94,19,17,1,1336,748,1148,937,1106,979
12th Sep 25 2025,59,13,19,1,1239,841,1095,986,1072,1009
11th Sep 25 2025,58,24,26,1,1239,841,1080,1001,1058,1023
10th Sep 25 2025,96,22,18,0,1229,851,1069,1012,1061,1020
9th Sep 25 2025,70,31,25,0,1039,1040,928,1152,1004,1076
8th Sep 25 2025,133,18,33,1,1025,1057,914,1169,1011,1072
5th Sep 25 2025,90,14,28,1,925,1153,877,1202,969,1110
4th Sep 25 2025,51,30,20,2,958,1120,870,1209,987,1092
3rd Sep 25 2025,114,13,17,0,1065,1011,926,1151,1003,1074
2nd Sep 25 2025,122,23,12,1,883,1192,800,1277,962,1115
1st Sep 25 2025,130,19,12,3,745,1333,717,1362,922,1157
29th Aug 25 2025,53,25,8,2,520,1552,584,1489,837,1236
28th Aug 25 2025,30,63,6,2,536,1536,603,1470,855,1218
26th Aug 25 2025,30,64,11,3,644,1423,701,1367,918,1150
25th Aug 25 2025,75,35,24,1,960,1111,910,1162,1015,1057
22nd Aug 25 2025,52,19,22,0,930,1136,913,1154,1002,1065
21st Aug 25 2025,60,22,21,0,1041,1026,979,1089,1018,1050
20th Aug 25 2025,109,11,20,1,1027,1037,967,1098,1013,1052
19th Aug 25 2025,128,15,19,1,969,1094,917,1147,1005,1059
18th Aug 25 2025,153,33,19,2,793,1274,820,1248,958,1110
14th Aug 25 2025,48,75,16,3,556,1504,652,1408,888,1173
13th Aug 25 2025,113,49,11,5,606,1453,691,1368,926,1134
12th Aug 25 2025,80,52,6,5,506,1553,623,1437,895,1165
11th Aug 25 2025,90,65,6,4,448,1612,611,1450,883,1178
8th Aug 25 2025,50,76,8,4,377,1684,556,1505,853,1208
7th Aug 25 2025,54,54,8,5,446,1615,643,1418,934,1127
6th Aug 25 2025,40,75,8,5,465,1594,648,1411,949,1110
5th Aug 25 2025,48,42,9,5,580,1476,743,1313,1006,1050
4th Aug 25 2025,97,48,13,4,587,1471,790,1268,1032,1026
1st Aug 25 2025,36,120,10,0,454,1600,721,1333,984,1070
31st Jul 25 2025,55,49,10,1,589,1461,874,1176,1081,969
30th Jul 25 2025,93,32,11,1,688,1359,993,1054,1118,929
29th Jul 25 2025,122,18,11,1,618,1429,961,1085,1112,935
28th Jul 25 2025,38,119,10,4,500,1551,814,1237,1052,999
25th Jul 25 2025,25,88,10,3,642,1403,1015,1031,1141,905
24th Jul 25 2025,47,36,12,2,969,1077,1318,728,1277,768
23rd Jul 25 2025,54,28,16,2,1097,947,1368,676,1292,752
22nd Jul 25 2025,59,22,17,2,1050,993,1382,662,1288,756
21st Jul 25 2025,72,34,16,3,1147,899,1441,605,1299,747
18th Jul 25 2025,52,18,16,1,1169,871,1479,561,1315,725
17th Jul 25 2025,66,15,17,1,1339,700,1561,478,1342,697
16th Jul 25 2025,89,13,14,0,1344,695,1563,476,1329,710
15th Jul 25 2025,104,9,11,0,1268,771,1504,535,1297,742
14th Jul 25 2025,74,21,17,1,1010,1032,1373,669,1222,820
11th Jul 25 2025,44,16,8,0,1001,1037,1408,630,1218,820
10th Jul 25 2025,71,11,13,1,1223,811,1515,519,1272,762
9th Jul 25 2025,76,8,10,1,1258,774,1520,513,1260,773
8th Jul 25 2025,57,16,13,1,1226,809,1506,529,1255,780
7th Jul 25 2025,68,27,20,1,1282,756,1533,505,1268,770
4th Jul 25 2025,66,15,19,1,1383,653,1582,454,1281,755
3rd Jul 25 2025,73,14,20,1,1370,664,1555,479,1266,768
2nd Jul 25 2025,57,21,21,1,1357,674,1545,486,1238,793
1st Jul 25 2025,85,21,27,0,1455,572,1580,447,1251,776
30th Jun 25 2025,117,17,29,0,1488,540,1584,444,1263,765
27th Jun 25 2025,91,14,23,0,1436,588,1549,475,1246,778
26th Jun 25 2025,64,12,22,0,1371,654,1528,497,1212,813
25th Jun 25 2025,155,6,10,0,1367,657,1523,501,1210,814
24th Jun 25 2025,99,15,5,1,1057,968,1361,663,1114,912
23rd Jun 25 2025,73,19,5,1,841,1186,1209,818,1066,962
20th Jun 25 2025,80,12,7,2,838,1184,1245,777,1051,972
19th Jun 25 2025,17,82,6,1,599,1423,1132,890,1006,1017
18th Jun 25 2025,40,25,4,0,942,1078,1369,651,1121,900
17th Jun 25 2025,49,38,7,1,1030,990,1424,596,1154,867
16th Jun 25 2025,74,16,9,1,1262,761,1522,501,1199,825
13th Jun 25 2025,38,24,17,1,1202,817,1537,482,1172,848
12th Jun 25 2025,38,48,23,0,1440,578,1614,404,1228,791
11th Jun 25 2025,111,19,28,0,1661,355,1725,291,1304,713
10th Jun 25 2025,106,10,32,1,1656,360,1702,314,1283,734
9th Jun 25 2025,159,9,25,0,1641,378,1685,334,1261,759
6th Jun 25 2025,117,18,22,0,1507,510,1592,425,1180,838
5th Jun 25 2025,117,6,15,0,1466,551,1521,496,1132,886
4th Jun 25 2025,98,19,13,0,1382,634,1501,515,1099,918
3rd Jun 25 2025,69,24,17,0,1330,685,1496,519,1074,942
2nd Jun 25 2025,125,47,24,0,1440,575,1532,483,1075,941
30th May 25 2025,93,58,27,0,1460,552,1539,473,1073,940
29th May 25 2025,103,44,34,0,1523,488,1558,453,1109,903
28th May 25 2025,98,31,24,1,1565,445,1572,438,1090,921
27th May 25 2025,80,27,27,1,1609,400,1599,411,1096,914
26th May 25 2025,115,40,19,0,1649,363,1635,378,1078,935
23rd May 25 2025,84,29,23,1,1655,352,1623,385,1058,950
22nd May 25 2025,72,38,26,1,1634,374,1591,418,1019,990
21st May 25 2025,84,37,30,1,1696,311,1617,391,1027,981
20th May 25 2025,58,73,55,1,1670,337,1603,405,992,1016
19th May 25 2025,182,29,82,0,1792,218,1709,302,1060,951
16th May 25 2025,196,26,160,0,1778,229,1665,343,1007,1001
15th May 25 2025,154,26,87,0,1734,272,1565,442,940,1067
14th May 25 2025,209,10,44,1,1717,288,1498,508,871,1135
13th May 25 2025,167,17,34,1,1607,398,1311,695,785,1221
12th May 25 2025,982,9,15,2,1467,540,1178,830,740,1268
9th May 25 2025,44,47,8,4,546,1459,653,1353,524,1482
8th May 25 2025,49,39,5,3,643,1364,688,1319,539,1467
7th May 25 2025,86,23,4,4,794,1212,809,1197,586,1420
6th May 25 2025,14,320,5,2,682,1323,713,1292,536,1469
5th May 25 2025,133,21,11,2,1081,925,948,1058,652,1354
2nd May 25 2025,39,32,6,4,828,1178,833,1173,604,1402
30th Apr 25 2025,16,107,7,5,886,1118,841,1163,607,1397
29th Apr 25 2025,55,28,10,2,1245,759,1057,947,667,1337
28th Apr 25 2025,65,38,18,2,1296,710,1086,920,680,1326
25th Apr 25 2025,20,368,19,1,1307,696,1054,949,659,1344
24th Apr 25 2025,88,29,30,2,1772,233,1432,573,780,1225
23rd Apr 25 2025,98,17,44,2,1794,211,1409,596,788,1217
22nd Apr 25 2025,138,16,74,2,1792,212,1396,608,771,1233
21st Apr 25 2025,188,13,104,2,1777,228,1311,694,744,1261
17th Apr 25 2025,89,13,43,2,1651,351,1120,882,660,1342
16th Apr 25 2025,149,14,71,2,1647,355,1057,945,617,1385
15th Apr 25 2025,452,6,17,1,1517,485,912,1090,566,1436
11th Apr 25 2025,314,5,6,3,923,1077,580,1420,448,1552
9th Apr 25 2025,40,93,6,18,514,1483,402,1595,363,1634
16th Apr 26 2026,153,15,59,1,2052,110,1755,407,838,1324
15th Apr 26 2026,388,8,122,1,2054,112,1670,496,793,1373
13th Apr 26 2026,104,34,89,1,1893,276,1271,898,653,1516
10th Apr 26 2026,244,8,127,2,1957,210,1348,819,654,1513
9th Apr 26 2026,94,30,108,1,1830,339,1012,1157,559,1610
8th Apr 26 2026,906,13,418,1,1911,257,1026,1142,549,1619
7th Apr 26 2026,131,10,65,4,1104,1065,537,1632,425,1744
6th Apr 26 2026,222,12,24,5,944,1225,460,1709,411,1758
2nd Apr 26 2026,183,23,18,6,646,1524,370,1800,373,1797
1st Apr 26 2026,1154,8,11,6,486,1684,333,1837,381,1789
30th Mar 26 2026,31,754,6,42,196,1974,207,1963,311,1859
27th Mar 26 2026,33,649,8,12,291,1878,249,1920,360,1809
25th Mar 26 2026,220,19,6,6,488,1681,329,1840,392,1777
24th Mar 26 2026,295,29,7,7,274,1895,245,1924,350,1819
23rd Mar 26 2026,6,981,5,4,147,2023,168,2002,298,1872
20th Mar 26 2026,102,25,15,3,373,1796,322,1847,396,1773
19th Mar 26 2026,18,303,6,2,269,1900,252,1917,377,1792
18th Mar 26 2026,327,7,8,2,504,1665,392,1777,448,1721
17th Mar 26 2026,100,17,7,7,261,1908,302,1867,405,1764
16th Mar 26 2026,42,122,6,6,192,1978,253,1917,377,1793
13th Mar 26 2026,20,382,9,6,216,1953,294,1875,382,1787
12th Mar 26 2026,60,50,11,5,434,1735,420,1749,446,1723
11th Mar 26 2026,77,53,9,4,438,1731,428,1741,466,1703
10th Mar 26 2026,281,15,9,4,448,1720,438,1731,476,1693
9th Mar 26 2026,26,292,6,13,272,1897,333,1837,414,1756
6th Mar 26 2026,59,39,4,7,393,1775,453,1716,502,1667
5th Mar 26 2026,113,18,9,2,403,1765,470,1699,513,1656
4th Mar 26 2026,48,266,8,3,293,1875,403,1766,468,1701
2nd Mar 26 2026,61,273,6,4,445,1724,492,1678,564,1606
27th Feb 26 2026,44,63,8,1,694,1473,687,1481,670,1498
26th Feb 26 2026,69,20,9,5,835,1332,761,1407,707,1461
25th Feb 26 2026,56,44,5,4,790,1377,743,1425,700,1468
24th Feb 26 2026,25,96,9,3,702,1465,676,1492,687,1481
23rd Feb 26 2026,64,51,6,2,863,1306,788,1382,719,1451
20th Feb 26 2026,50,30,9,5,836,1331,775,1393,710,1458
19th Feb 26 2026,37,53,9,5,807,1360,760,1408,708,1460
18th Feb 26 2026,70,17,5,5,1098,1069,931,1237,776,1392
17th Feb 26 2026,110,18,7,3,1037,1130,870,1298,752,1416
16th Feb 26 2026,54,110,13,4,933,1236,781,1389,730,1440
13th Feb 26 2026,34,168,22,1,968,1199,792,1376,727,1441
12th Feb 26 2026,61,105,27,1,1322,845,1031,1137,795,1372
11th Feb 26 2026,92,68,14,2,1505,661,1125,1042,823,1344
10th Feb 26 2026,142,38,34,1,1586,579,1156,1010,825,1341
9th Feb 26 2026,395,19,52,1,1526,642,1074,1095,809,1360
6th Feb 26 2026,58,78,30,3,1128,1038,771,1396,687,1480
5th Feb 26 2026,56,94,35,6,1166,1000,781,1386,696,1471
4th Feb 26 2026,246,55,45,18,1354,812,846,1321,729,1438
3rd Feb 26 2026,531,12,28,18,1146,1021,750,1417,710,1457
2nd Feb 26 2026,78,77,16,19,456,1712,373,1795,536,1632
1st Feb 26 2026,62,239,9,4,440,1728,363,1805,496,1672
30th Jan 26 2026,173,99,16,6,676,1490,499,1667,607,1559
29th Jan 26 2026,143,62,26,5,539,1627,435,1731,575,1591
28th Jan 26 2026,356,20,13,6,543,1622,428,1737,562,1603
27th Jan 26 2026,102,77,4,11,310,1858,325,1843,489,1679
23rd Jan 26 2026,58,210,2,6,278,1887,297,1868,485,1680
22nd Jan 26 2026,186,56,2,4,364,1801,373,1792,552,1613
21st Jan 26 2026,58,152,20,2,232,1932,292,1872,491,1673
20th Jan 26 2026,29,385,24,1,254,1909,317,1846,527,1636
19th Jan 26 2026,42,93,29,2,454,1711,479,1686,632,1533
16th Jan 26 2026,71,32,27,2,538,1623,540,1621,680,1481
14th Jan 26 2026,84,21,7,1,525,1635,559,1601,694,1466
13th Jan 26 2026,72,17,5,1,489,1671,530,1630,683,1477
12th Jan 26 2026,61,75,6,3,428,1735,507,1656,673,1490
9th Jan 26 2026,17,105,4,3,429,1729,541,1617,691,1467
8th Jan 26 2026,16,140,7,3,673,1486,704,1455,777,1382
7th Jan 26 2026,69,18,14,3,1068,1091,920,1239,864,1295
6th Jan 26 2026,45,28,16,1,1031,1127,883,1275,849,1309
5th Jan 26 2026,64,37,15,1,1148,1012,941,1219,874,1286
2nd Jan 26 2026,104,11,12,1,1326,831,959,1198,877,1280
1st Jan 26 2026,64,16,9,2,1084,1074,833,1325,822,1336
31st Dec 25 2025,84,15,7,2,1054,1102,809,1347,817,1339
30th Dec 25 2025,58,36,9,1,775,1379,690,1464,766,1388
29th Dec 25 2025,45,48,13,0,757,1401,718,1440,770,1388
26th Dec 25 2025,63,21,19,0,933,1222,770,1385,799,1356
24th Dec 25 2025,56,14,13,0,1090,1064,808,1346,818,1336
23rd Dec 25 2025,67,16,9,2,1138,1016,815,1339,826,1328
22nd Dec 25 2025,115,14,8,1,1020,1136,755,1401,810,1346
19th Dec 25 2025,91,15,9,0,707,1445,646,1506,766,1386
18th Dec 25 2025,40,29,11,0,491,1660,539,1612,721,1430
17th Dec 25 2025,34,55,12,0,496,1653,570,1579,731,1418
16th Dec 25 2025,37,29,13,0,623,1526,619,1530,762,1387
15th Dec 25 2025,78,20,15,1,748,1400,676,1472,784,1364
12th Dec 25 2025,99,10,8,3,698,1445,654,1490,766,1378
11th Dec 25 2025,77,16,5,3,503,1639,563,1579,731,1412
10th Dec 25 2025,54,29,7,2,389,1749,480,1658,715,1424
9th Dec 25 2025,134,15,1,2,425,1713,517,1621,720,1419
8th Dec 25 2025,18,246,3,3,321,1819,465,1675,693,1448
5th Dec 25 2025,32,37,3,3,546,1591,625,1512,790,1348
4th Dec 25 2025,31,28,3,4,536,1601,644,1493,798,1340
3rd Dec 25 2025,18,42,1,3,540,1596,642,1494,815,1322
2nd Dec 25 2025,28,35,5,2,652,1484,715,1421,834,1303
1st Dec 25 2025,65,38,6,3,736,1401,750,1388,860,1278
28th Nov 25 2025,58,21,2,3,762,1370,769,1364,867,1266
27th Nov 25 2025,54,20,2,3,748,1382,763,1368,861,1270
26th Nov 25 2025,85,13,3,2,752,1377,768,1362,875,1255
25th Nov 25 2025,73,13,5,3,560,1568,650,1480,823,1307
24th Nov 25 2025,35,137,6,6,521,1610,629,1503,801,1331
21st Nov 25 2025,32,36,6,4,612,1513,702,1425,858,1269
20th Nov 25 2025,39,24,9,3,766,1359,828,1298,897,1229
19th Nov 25 2025,42,42,7,2,796,1327,836,1288,916,1208
18th Nov 25 2025,40,37,12,2,783,1338,843,1279,917,1205
17th Nov 25 2025,97,49,11,2,950,1174,918,1207,963,1162
14th Nov 25 2025,76,43,12,2,882,1236,885,1234,940,1179
13th Nov 25 2025,72,48,12,2,864,1252,882,1235,967,1150
12th Nov 25 2025,106,28,8,2,899,1215,912,1203,976,1139
11th Nov 25 2025,70,53,8,8,751,1365,822,1295,934,1183
10th Nov 25 2025,85,89,12,7,750,1367,823,1295,936,1182
7th Nov 25 2025,76,41,12,3,674,1439,820,1293,935,1178
6th Nov 25 2025,46,148,14,4,612,1500,817,1295,922,1190
4th Nov 25 2025,40,29,15,2,890,1221,982,1129,1024,1087
3rd Nov 25 2025,101,39,17,2,1109,1005,1096,1018,1066,1048
31st Oct 25 2025,45,32,12,1,989,1117,1028,1078,1035,1071
30th Oct 25 2025,51,25,10,2,1141,965,1111,995,1067,1039
29th Oct 25 2025,89,23,11,0,1176,929,1115,990,1078,1027
28th Oct 25 2025,62,30,12,1,1013,1097,1012,1098,1038,1072
27th Oct 25 2025,81,38,19,2,1037,1080,1024,1093,1059,1058
24th Oct 25 2025,50,28,18,3,997,1113,989,1121,1023,1087
23rd Oct 25 2025,81,48,20,3,1085,1025,1029,1081,1049,1061
21st Oct 25 2025,56,2,23,0,1138,971,1041,1068,1056,1053
20th Oct 25 2025,98,44,15,3,952,1164,929,1187,1011,1105
17th Oct 25 2025,46,42,12,1,859,1248,872,1235,975,1132
16th Oct 25 2025,79,35,13,2,943,1161,932,1172,1008,1096
15th Oct 25 2025,88,28,13,2,841,1263,883,1221,974,1130
14th Oct 25 2025,44,66,24,3,686,1416,793,1309,935,1167
13th Oct 25 2025,55,46,18,4,872,1234,918,1188,1002,1104
10th Oct 25 2025,88,26,21,3,1021,1079,989,1111,1041,1059
9th Oct 25 2025,94,39,33,5,923,1179,940,1162,1017,1085
8th Oct 25 2025,79,26,31,2,830,1269,885,1214,999,1100
7th Oct 25 2025,62,33,23,1,916,1181,944,1153,1015,1082
6th Oct 25 2025,83,37,19,1,950,1147,958,1139,1013,1084
3rd Oct 25 2025,128,13,11,1,924,1170,939,1155,1029,1066
1st Oct 25 2025,125,9,12,1,701,1390,799,1292,971,1121
30th Sep 25 2025,45,29,8,2,496,1589,627,1458,890,1196
29th Sep 25 2025,65,64,14,3,462,1626,635,1453,886,1203
26th Sep 25 2025,15,116,19,1,457,1622,623,1456,892,1188
25th Sep 25 2025,43,37,22,1,755,1323,903,1175,1017,1062
24th Sep 25 2025,56,30,21,2,952,1125,1068,1009,1082,996
23rd Sep 25 2025,69,24,23,2,1129,947,1172,904,1124,953
22nd Sep 25 2025,81,41,27,2,1229,853,1218,865,1165,918
19th Sep 25 2025,72,20,22,1,1416,660,1317,761,1189,889
18th Sep 25 2025,59,17,21,1,1463,612,1324,752,1183,893
17th Sep 25 2025,79,17,26,1,1477,595,1319,754,1181,892
16th Sep 25 2025,84,14,18,1,1415,657,1264,809,1151,922
15th Sep 25 2025,92,19,17,1,1331,745,1142,935,1100,977
12th Sep 25 2025,58,12,19,0,1235,837,1089,984,1065,1008
11th Sep 25 2025,58,23,26,0,1234,838,1074,999,1051,1022
10th Sep 25 2025,96,21,18,0,1222,850,1063,1010,1054,1019
9th Sep 25 2025,70,30,25,0,1033,1038,921,1151,997,1075
8th Sep 25 2025,133,17,32,1,1019,1055,907,1168,1004,1071
5th Sep 25 2025,89,13,27,1,918,1152,872,1199,963,1108
4th Sep 25 2025,51,30,19,2,953,1117,865,1206,981,1090
3rd Sep 25 2025,112,13,16,0,1059,1009,920,1149,997,1072
2nd Sep 25 2025,121,23,11,1,879,1188,795,1274,957,1112
1st Sep 25 2025,129,18,11,3,741,1329,712,1359,917,1154
29th Aug 25 2025,52,25,8,2,518,1547,581,1485,833,1233
28th Aug 25 2025,29,63,6,2,532,1532,598,1467,850,1215
26th Aug 25 2025,30,64,11,3,639,1420,697,1363,912,1148
25th Aug 25 2025,74,35,23,1,954,1109,903,1161,1009,1055
22nd Aug 25 2025,52,18,22,0,924,1134,908,1151,996,1063
21st Aug 25 2025,60,21,20,0,1034,1025,973,1087,1012,1048
20th Aug 25 2025,108,11,19,1,1020,1036,962,1095,1007,1050
19th Aug 25 2025,127,15,18,1,965,1090,913,1143,1000,1056
18th Aug 25 2025,152,33,19,2,790,1269,815,1245,953,1107
14th Aug 25 2025,48,74,16,3,554,1498,649,1403,883,1170
13th Aug 25 2025,113,49,11,5,604,1448,687,1365,922,1131
12th Aug 25 2025,79,51,6,5,505,1547,622,1431,892,1161
11th Aug 25 2025,90,65,6,4,447,1606,608,1446,880,1174
8th Aug 25 2025,50,76,8,4,375,1679,553,1501,850,1204
7th Aug 25 2025,54,54,8,5,446,1608,640,1414,931,1123
6th Aug 25 2025,40,74,8,5,464,1588,646,1406,946,1106
5th Aug 25 2025,48,41,9,5,577,1472,740,1309,1003,1046
4th Aug 25 2025,97,48,13,4,584,1467,787,1264,1029,1022
1st Aug 25 2025,36,120,10,0,452,1595,719,1328,981,1066
31st Jul 25 2025,55,47,10,1,586,1457,871,1172,1078,965
30th Jul 25 2025,93,32,10,1,685,1355,989,1051,1114,926
29th Jul 25 2025,121,18,10,1,615,1425,957,1082,1108,932
28th Jul 25 2025,38,119,10,4,498,1546,811,1233,1049,995
25th Jul 25 2025,25,88,10,3,639,1399,1012,1027,1138,901
24th Jul 25 2025,46,36,12,2,967,1072,1314,725,1272,766
23rd Jul 25 2025,53,28,15,2,1096,942,1366,672,1290,748
22nd Jul 25 2025,58,22,16,2,1048,988,1380,657,1284,753
21st Jul 25 2025,71,34,15,3,1144,895,1438,601,1295,744
18th Jul 25 2025,51,18,15,1,1166,867,1476,557,1311,722
17th Jul 25 2025,65,15,16,1,1335,697,1557,475,1338,694
16th Jul 25 2025,88,13,13,0,1340,692,1559,473,1325,707
15th Jul 25 2025,103,9,10,0,1264,768,1500,532,1292,740
14th Jul 25 2025,73,21,16,1,1007,1028,1369,666,1217,818
11th Jul 25 2025,42,16,7,0,998,1033,1405,626,1214,817
10th Jul 25 2025,70,10,12,1,1221,806,1513,514,1268,759
9th Jul 25 2025,76,8,10,1,1255,770,1517,509,1256,770
8th Jul 25 2025,57,16,13,1,1223,805,1500,528,1250,778
7th Jul 25 2025,68,27,20,1,1278,753,1528,503,1263,768
4th Jul 25 2025,66,15,19,1,1380,649,1576,453,1276,753
3rd Jul 25 2025,73,14,20,1,1366,661,1550,477,1261,766
2nd Jul 25 2025,57,21,21,1,1353,671,1540,484,1234,790
1st Jul 25 2025,85,21,27,0,1451,569,1575,445,1246,774
30th Jun 25 2025,117,17,29,0,1484,537,1579,442,1258,763
27th Jun 25 2025,91,14,23,0,1433,584,1544,473,1241,776
26th Jun 25 2025,64,12,22,0,1367,651,1523,495,1207,811
25th Jun 25 2025,154,6,10,0,1363,654,1517,500,1205,812
24th Jun 25 2025,98,15,5,1,1055,963,1357,660,1109,910
23rd Jun 25 2025,73,19,5,1,840,1180,1206,814,1062,959
20th Jun 25 2025,80,12,7,2,837,1178,1242,773,1047,969
19th Jun 25 2025,17,82,6,1,598,1417,1129,886,1002,1014
18th Jun 25 2025,39,25,4,0,939,1074,1364,649,1116,898
17th Jun 25 2025,48,37,7,1,1027,986,1419,594,1149,865
16th Jun 25 2025,74,16,9,1,1259,757,1516,500,1194,823
13th Jun 25 2025,38,24,17,1,1198,814,1530,482,1167,846
12th Jun 25 2025,37,48,23,0,1435,576,1607,404,1223,789
11th Jun 25 2025,111,19,28,0,1657,352,1720,289,1299,711
10th Jun 25 2025,106,10,32,1,1651,358,1697,312,1278,732
9th Jun 25 2025,158,9,25,0,1637,375,1679,333,1256,757
6th Jun 25 2025,117,18,22,0,1502,508,1587,423,1175,836
5th Jun 25 2025,116,6,15,0,1461,549,1517,493,1126,885
4th Jun 25 2025,98,19,13,0,1377,632,1496,513,1094,916
3rd Jun 25 2025,69,23,17,0,1325,683,1490,518,1069,940
2nd Jun 25 2025,123,47,24,0,1436,572,1526,482,1070,939
30th May 25 2025,93,58,27,0,1455,550,1534,471,1068,938
29th May 25 2025,103,44,34,0,1519,485,1553,451,1104,901
28th May 25 2025,98,31,24,1,1559,444,1567,436,1085,919
27th May 25 2025,79,27,27,1,1604,398,1594,409,1091,912
26th May 25 2025,115,40,19,0,1644,361,1630,376,1073,933
23rd May 25 2025,84,29,23,1,1650,351,1618,384,1053,949
22nd May 25 2025,71,38,26,1,1628,373,1586,416,1014,988
21st May 25 2025,84,37,30,1,1691,309,1613,388,1021,980
20th May 25 2025,57,72,55,1,1665,335,1599,402,987,1014
19th May 25 2025,181,29,82,0,1786,217,1703,301,1054,950
16th May 25 2025,195,26,159,0,1773,227,1660,341,1001,1000
15th May 25 2025,154,26,87,0,1729,270,1561,439,935,1065
14th May 25 2025,209,10,44,1,1712,286,1493,506,866,1133
13th May 25 2025,167,17,34,1,1604,394,1308,691,780,1219
12th May 25 2025,980,9,15,2,1463,537,1174,827,735,1266
9th May 25 2025,43,47,8,4,544,1454,650,1349,519,1480
8th May 25 2025,49,39,5,3,641,1359,685,1315,535,1465
7th May 25 2025,86,23,4,4,792,1207,806,1193,582,1417
6th May 25 2025,14,320,5,2,680,1318,710,1288,532,1466
5th May 25 2025,133,21,11,2,1079,920,945,1054,648,1351
2nd May 25 2025,39,32,6,4,825,1174,829,1170,600,1399
30th Apr 25 2025,16,107,7,5,882,1115,836,1161,603,1394
29th Apr 25 2025,55,28,10,2,1241,756,1052,945,663,1334
28th Apr 25 2025,64,38,18,2,1292,707,1081,918,676,1323
25th Apr 25 2025,20,366,19,1,1304,692,1050,946,655,1341
24th Apr 25 2025,88,28,30,2,1765,233,1426,572,776,1222
23rd Apr 25 2025,97,15,44,2,1788,210,1403,595,784,1214
22nd Apr 25 2025,138,15,73,2,1785,212,1390,607,767,1230
21st Apr 25 2025,188,12,103,2,1770,228,1305,693,740,1258
17th Apr 25 2025,88,13,42,2,1646,349,1115,880,656,1339
16th Apr 25 2025,147,14,69,2,1641,354,1051,944,613,1382
15th Apr 25 2025,451,6,16,1,1511,484,908,1087,562,1433
11th Apr 25 2025,313,5,6,3,918,1075,577,1416,445,1548
9th Apr 25 2025,40,93,6,18,509,1481,399,1591,360,1630
8th Apr 25 2025,263,13,7,8,565,1427,441,1551,375,1617
15th Apr 26 2026,405,10,128,1,2040,117,1661,496,788,1369
13th Apr 26 2026,104,34,89,1,1889,276,1269,896,652,1513
10th Apr 26 2026,243,8,127,2,1954,209,1346,817,653,1510
9th Apr 26 2026,94,30,108,1,1827,338,1010,1155,558,1607
8th Apr 26 2026,905,13,418,1,1909,255,1024,1140,548,1616
7th Apr 26 2026,130,10,65,4,1102,1063,536,1629,424,1741
6th Apr 26 2026,222,12,24,5,942,1223,459,1706,410,1755
2nd Apr 26 2026,183,23,18,6,645,1521,369,1797,372,1794
1st Apr 26 2026,1154,8,11,6,485,1681,332,1834,380,1786
30th Mar 26 2026,31,753,6,41,195,1971,206,1960,310,1856
27th Mar 26 2026,33,648,8,12,290,1875,248,1917,359,1806
25th Mar 26 2026,220,18,6,6,487,1678,328,1837,391,1774
24th Mar 26 2026,295,28,7,7,273,1892,244,1921,349,1816
23rd Mar 26 2026,6,981,5,4,146,2020,167,1999,297,1869
20th Mar 26 2026,102,25,15,3,372,1793,321,1844,395,1770
19th Mar 26 2026,18,303,6,2,268,1897,251,1914,376,1789
18th Mar 26 2026,327,7,8,2,503,1662,391,1774,447,1718
17th Mar 26 2026,100,17,7,7,260,1905,301,1864,404,1761
16th Mar 26 2026,42,122,6,6,191,1975,252,1914,376,1790
13th Mar 26 2026,20,382,9,6,215,1950,293,1872,381,1784
12th Mar 26 2026,60,50,11,5,433,1732,419,1746,445,1720
11th Mar 26 2026,77,53,9,4,437,1728,427,1738,465,1700
10th Mar 26 2026,281,15,9,4,447,1717,437,1728,475,1690
9th Mar 26 2026,26,292,6,13,271,1894,332,1834,413,1753
6th Mar 26 2026,59,39,4,7,392,1772,452,1713,501,1664
5th Mar 26 2026,113,18,9,2,402,1762,469,1696,512,1653
4th Mar 26 2026,48,266,8,3,292,1872,402,1763,467,1698
2nd Mar 26 2026,61,272,6,4,444,1721,491,1675,563,1603
27th Feb 26 2026,44,63,8,1,692,1471,686,1478,669,1495
26th Feb 26 2026,69,20,9,5,834,1329,760,1404,706,1458
25th Feb 26 2026,56,44,5,4,788,1375,742,1422,699,1465
24th Feb 26 2026,25,96,9,3,701,1462,675,1489,686,1478
23rd Feb 26 2026,64,50,6,2,862,1303,787,1379,718,1448
20th Feb 26 2026,50,30,9,5,834,1329,774,1390,709,1455
19th Feb 26 2026,37,53,9,5,805,1358,759,1405,707,1457
18th Feb 26 2026,69,17,5,5,1096,1067,930,1234,775,1389
17th Feb 26 2026,110,18,7,3,1036,1127,869,1295,751,1413
16th Feb 26 2026,54,110,13,4,931,1234,780,1386,729,1437
13th Feb 26 2026,34,168,22,1,967,1196,791,1373,726,1438
12th Feb 26 2026,61,105,27,1,1320,843,1030,1134,794,1369
11th Feb 26 2026,92,68,14,2,1503,659,1124,1039,822,1341
10th Feb 26 2026,142,38,34,1,1585,576,1155,1007,824,1338
9th Feb 26 2026,395,19,52,1,1525,639,1073,1092,808,1357
6th Feb 26 2026,58,78,30,3,1127,1035,770,1393,686,1477
5th Feb 26 2026,56,94,35,6,1165,997,780,1383,695,1468
4th Feb 26 2026,246,55,45,18,1353,809,845,1318,728,1435
3rd Feb 26 2026,531,12,28,18,1145,1018,749,1414,709,1454
2nd Feb 26 2026,78,77,16,19,455,1709,372,1792,535,1629
1st Feb 26 2026,62,239,9,4,439,1725,362,1802,495,1669
30th Jan 26 2026,173,99,16,6,674,1488,498,1664,606,1556
29th Jan 26 2026,143,62,26,5,538,1624,434,1728,574,1588
28th Jan 26 2026,356,20,13,6,542,1619,427,1734,561,1600
27th Jan 26 2026,102,77,4,11,309,1855,324,1840,488,1676
23rd Jan 26 2026,58,210,2,6,277,1884,296,1865,484,1677
22nd Jan 26 2026,185,56,2,4,363,1798,372,1789,551,1610
21st Jan 26 2026,58,151,20,2,231,1929,291,1869,490,1670
20th Jan 26 2026,29,385,24,1,253,1906,316,1843,526,1633
19th Jan 26 2026,42,93,29,2,453,1708,478,1683,630,1531
16th Jan 26 2026,71,32,27,2,536,1621,538,1619,678,1479
14th Jan 26 2026,84,21,7,1,523,1633,557,1599,692,1464
13th Jan 26 2026,72,17,5,1,487,1669,528,1628,681,1475
12th Jan 26 2026,61,75,6,3,426,1733,505,1654,671,1488
9th Jan 26 2026,17,105,4,3,427,1727,539,1615,689,1465
8th Jan 26 2026,16,140,7,3,671,1484,702,1453,775,1380
7th Jan 26 2026,69,18,14,3,1066,1089,918,1237,862,1293
6th Jan 26 2026,45,28,16,1,1028,1126,881,1273,847,1307
5th Jan 26 2026,64,37,15,1,1145,1011,939,1217,872,1284
2nd Jan 26 2026,103,11,12,1,1323,830,957,1196,875,1278
1st Jan 26 2026,64,16,9,2,1081,1073,831,1323,820,1334
31st Dec 25 2025,84,15,7,2,1052,1100,808,1344,816,1336
30th Dec 25 2025,58,36,9,1,774,1376,689,1461,765,1385
29th Dec 25 2025,45,48,13,0,755,1399,717,1437,769,1385
26th Dec 25 2025,63,21,19,0,931,1220,769,1382,798,1353
24th Dec 25 2025,56,14,13,0,1088,1062,807,1343,817,1333
23rd Dec 25 2025,67,16,9,2,1137,1013,814,1336,825,1325
22nd Dec 25 2025,115,14,8,1,1019,1133,754,1398,809,1343
19th Dec 25 2025,91,15,9,0,706,1442,645,1503,765,1383
18th Dec 25 2025,40,29,11,0,490,1657,538,1609,720,1427
17th Dec 25 2025,34,55,12,0,495,1650,569,1576,730,1415
16th Dec 25 2025,37,29,13,0,622,1523,618,1527,761,1384
15th Dec 25 2025,78,20,15,1,747,1397,675,1469,783,1361
12th Dec 25 2025,99,10,8,3,697,1442,653,1487,765,1375
11th Dec 25 2025,77,16,5,3,502,1636,562,1576,730,1409
10th Dec 25 2025,54,29,7,2,388,1746,479,1655,714,1421
9th Dec 25 2025,134,15,1,2,424,1710,516,1618,719,1416
8th Dec 25 2025,18,246,3,3,320,1816,464,1672,692,1445
5th Dec 25 2025,32,37,3,3,545,1588,624,1509,789,1345
4th Dec 25 2025,31,28,3,4,535,1598,643,1490,797,1337
3rd Dec 25 2025,18,42,1,3,538,1594,641,1491,814,1319
2nd Dec 25 2025,28,35,5,2,651,1481,714,1418,833,1300
1st Dec 25 2025,65,38,6,3,734,1399,749,1385,859,1275
28th Nov 25 2025,58,21,2,3,760,1368,768,1361,866,1263
27th Nov 25 2025,54,20,2,3,747,1379,762,1365,860,1267
26th Nov 25 2025,85,13,3,2,751,1374,767,1359,874,1252
25th Nov 25 2025,73,13,5,3,558,1566,649,1477,822,1304
24th Nov 25 2025,35,137,6,6,520,1607,628,1500,800,1328
21st Nov 25 2025,32,36,6,4,611,1510,701,1422,856,1267
20th Nov 25 2025,39,24,9,3,765,1356,827,1295,895,1227
19th Nov 25 2025,42,42,7,2,794,1325,834,1286,914,1206
18th Nov 25 2025,40,37,12,2,782,1335,841,1277,915,1203
17th Nov 25 2025,97,49,11,2,948,1172,917,1204,961,1160
14th Nov 25 2025,76,43,12,2,881,1233,884,1231,938,1177
13th Nov 25 2025,72,48,12,2,862,1250,880,1233,965,1148
12th Nov 25 2025,106,28,8,2,897,1213,911,1200,974,1137
11th Nov 25 2025,70,53,8,8,750,1362,821,1292,932,1181
10th Nov 25 2025,85,89,12,7,748,1365,822,1292,934,1180
7th Nov 25 2025,76,41,12,3,672,1437,818,1291,933,1176
6th Nov 25 2025,46,148,14,4,611,1497,816,1292,920,1188
4th Nov 25 2025,40,29,15,2,889,1218,980,1127,1022,1085
3rd Nov 25 2025,101,39,17,2,1108,1002,1094,1016,1064,1046
31st Oct 25 2025,45,32,12,1,988,1114,1026,1076,1033,1069
30th Oct 25 2025,51,25,10,2,1138,964,1108,994,1065,1037
29th Oct 25 2025,89,23,11,0,1173,928,1113,988,1076,1025
28th Oct 25 2025,62,30,12,1,1010,1096,1009,1097,1036,1070
27th Oct 25 2025,81,38,19,2,1035,1078,1021,1092,1057,1056
24th Oct 25 2025,50,28,18,3,995,1111,986,1120,1021,1085
23rd Oct 25 2025,81,48,20,3,1082,1024,1026,1080,1047,1059
21st Oct 25 2025,56,2,23,0,1134,971,1038,1067,1054,1051
20th Oct 25 2025,98,44,15,3,948,1164,926,1186,1009,1103
17th Oct 25 2025,46,42,12,1,855,1248,869,1234,973,1130
16th Oct 25 2025,79,35,13,2,941,1159,930,1170,1006,1094
15th Oct 25 2025,88,28,13,2,838,1262,881,1219,972,1128
14th Oct 25 2025,44,66,24,3,684,1414,791,1307,933,1165
13th Oct 25 2025,55,46,18,4,870,1232,916,1186,1000,1102
10th Oct 25 2025,87,26,21,3,1019,1077,987,1109,1039,1057
9th Oct 25 2025,94,39,33,5,921,1177,938,1160,1015,1083
8th Oct 25 2025,79,26,31,2,828,1267,883,1212,997,1098
7th Oct 25 2025,62,33,23,1,914,1179,942,1151,1013,1080
6th Oct 25 2025,83,37,19,1,947,1146,956,1137,1011,1082
3rd Oct 25 2025,128,13,11,1,920,1170,936,1154,1027,1064
1st Oct 25 2025,125,9,12,1,699,1388,797,1290,969,1119
30th Sep 25 2025,45,29,8,2,494,1587,625,1456,888,1194
29th Sep 25 2025,65,64,14,3,460,1624,633,1451,884,1201
26th Sep 25 2025,15,116,19,1,455,1620,621,1454,890,1186
25th Sep 25 2025,43,37,22,1,753,1321,901,1173,1015,1060
24th Sep 25 2025,56,30,21,2,950,1123,1066,1007,1080,994
23rd Sep 25 2025,69,24,23,2,1127,945,1170,902,1122,951
22nd Sep 25 2025,81,41,27,2,1227,851,1216,863,1163,916
19th Sep 25 2025,72,20,22,1,1413,659,1315,759,1187,887
18th Sep 25 2025,59,17,21,1,1459,612,1320,752,1181,891
17th Sep 25 2025,79,17,26,1,1474,594,1316,753,1179,890
16th Sep 25 2025,84,14,18,1,1412,656,1261,808,1149,920
15th Sep 25 2025,92,19,17,1,1327,745,1138,935,1099,974
12th Sep 25 2025,58,12,19,0,1231,837,1086,983,1064,1005
11th Sep 25 2025,58,23,26,0,1231,837,1072,997,1050,1019
10th Sep 25 2025,96,21,18,0,1219,849,1061,1008,1053,1016
9th Sep 25 2025,70,30,25,0,1029,1038,919,1149,996,1072
8th Sep 25 2025,133,17,32,1,1016,1054,905,1166,1003,1068
5th Sep 25 2025,88,13,27,1,914,1152,869,1198,962,1105
4th Sep 25 2025,51,30,19,2,950,1116,863,1204,980,1087
3rd Sep 25 2025,112,13,16,0,1055,1009,918,1147,996,1069
2nd Sep 25 2025,121,23,11,1,877,1186,794,1271,956,1109
1st Sep 25 2025,129,18,11,3,740,1326,711,1356,916,1151
29th Aug 25 2025,52,25,8,2,517,1544,580,1482,832,1230
28th Aug 25 2025,29,63,6,2,531,1529,597,1464,849,1212
26th Aug 25 2025,30,64,11,3,638,1417,696,1360,911,1145
25th Aug 25 2025,74,35,23,1,952,1107,901,1159,1008,1052
22nd Aug 25 2025,52,18,22,0,922,1132,906,1149,995,1060
21st Aug 25 2025,60,21,20,0,1032,1023,971,1085,1011,1045
20th Aug 25 2025,108,11,19,1,1017,1035,960,1093,1006,1047
19th Aug 25 2025,126,15,18,1,962,1089,911,1141,999,1053
18th Aug 25 2025,152,33,19,2,788,1267,813,1243,952,1104
14th Aug 25 2025,48,74,16,3,552,1496,647,1401,882,1167
13th Aug 25 2025,113,49,11,5,603,1445,686,1362,921,1128
12th Aug 25 2025,79,51,6,5,503,1545,620,1429,891,1158
11th Aug 25 2025,90,65,6,4,446,1603,607,1443,879,1171
8th Aug 25 2025,50,76,8,4,373,1677,552,1498,849,1201
7th Aug 25 2025,54,54,8,5,445,1605,639,1411,930,1120
6th Aug 25 2025,40,74,8,5,463,1585,644,1404,945,1103
5th Aug 25 2025,48,41,9,5,574,1471,738,1307,1001,1044
4th Aug 25 2025,97,48,13,4,582,1465,785,1262,1027,1020
1st Aug 25 2025,36,120,10,0,449,1594,716,1327,979,1064
31st Jul 25 2025,55,47,10,1,583,1456,869,1170,1077,962
30th Jul 25 2025,93,32,10,1,682,1354,986,1050,1112,924
29th Jul 25 2025,121,18,10,1,613,1423,954,1081,1107,929
28th Jul 25 2025,38,119,10,4,496,1544,808,1232,1048,992
25th Jul 25 2025,25,88,10,3,637,1397,1010,1025,1137,898
24th Jul 25 2025,46,36,12,2,966,1069,1311,724,1271,763
23rd Jul 25 2025,53,28,15,2,1093,941,1364,670,1289,745
22nd Jul 25 2025,58,22,16,2,1047,985,1379,654,1283,750
21st Jul 25 2025,71,34,15,3,1142,893,1436,599,1294,741
18th Jul 25 2025,51,18,15,1,1165,864,1475,554,1310,719
17th Jul 25 2025,65,15,16,1,1333,695,1556,472,1337,691
16th Jul 25 2025,88,13,13,0,1339,689,1557,471,1324,704
15th Jul 25 2025,103,9,10,0,1263,765,1499,529,1291,737
14th Jul 25 2025,73,21,16,1,1005,1026,1366,665,1216,815
11th Jul 25 2025,42,16,7,0,996,1031,1401,626,1213,814
10th Jul 25 2025,70,10,12,1,1220,803,1510,513,1266,757
9th Jul 25 2025,76,8,10,1,1254,767,1514,508,1254,768
8th Jul 25 2025,57,16,13,1,1222,802,1498,526,1248,776
7th Jul 25 2025,67,27,20,1,1275,752,1524,503,1261,766
4th Jul 25 2025,66,15,19,1,1377,648,1573,452,1274,751
3rd Jul 25 2025,73,14,20,1,1364,659,1547,476,1259,764
2nd Jul 25 2025,57,21,21,1,1350,670,1537,483,1232,788
1st Jul 25 2025,85,21,27,0,1448,568,1572,444,1244,772
30th Jun 25 2025,117,17,29,0,1481,536,1576,441,1256,761
27th Jun 25 2025,91,14,23,0,1430,583,1541,472,1239,774
26th Jun 25 2025,64,12,22,0,1364,650,1520,494,1205,809
25th Jun 25 2025,154,6,10,0,1361,652,1515,498,1203,810
24th Jun 25 2025,98,15,5,1,1053,961,1354,659,1107,908
23rd Jun 25 2025,73,18,5,1,838,1178,1204,812,1060,957
20th Jun 25 2025,80,12,7,2,834,1177,1239,772,1045,967
19th Jun 25 2025,16,82,6,1,595,1416,1126,885,1000,1012
18th Jun 25 2025,39,25,4,0,936,1073,1361,648,1114,896
17th Jun 25 2025,48,37,7,1,1024,985,1415,594,1147,863
16th Jun 25 2025,74,16,9,1,1255,757,1512,500,1192,821
13th Jun 25 2025,38,24,17,1,1194,814,1526,482,1165,844
12th Jun 25 2025,37,48,23,0,1431,576,1603,404,1221,787
11th Jun 25 2025,111,19,27,0,1653,352,1716,289,1297,709
10th Jun 25 2025,106,10,32,1,1648,357,1694,311,1276,730
9th Jun 25 2025,158,9,25,0,1634,374,1676,332,1254,755
6th Jun 25 2025,116,18,22,0,1499,507,1585,421,1173,834
5th Jun 25 2025,116,6,15,0,1457,549,1514,492,1125,882
4th Jun 25 2025,98,19,13,0,1374,631,1494,511,1093,913
3rd Jun 25 2025,69,23,17,0,1322,682,1487,517,1068,937
2nd Jun 25 2025,123,47,24,0,1433,571,1523,481,1069,936
30th May 25 2025,93,58,27,0,1451,550,1531,470,1067,935
29th May 25 2025,103,44,34,0,1516,484,1550,450,1103,898
28th May 25 2025,98,31,24,1,1556,443,1564,435,1084,916
27th May 25 2025,79,26,27,1,1602,396,1592,407,1090,909
26th May 25 2025,115,40,19,0,1640,361,1628,374,1072,930
23rd May 25 2025,84,29,23,1,1648,349,1616,382,1052,946
22nd May 25 2025,71,37,26,1,1625,372,1585,413,1013,985
21st May 25 2025,83,37,30,1,1688,308,1610,387,1020,977
20th May 25 2025,57,72,55,1,1662,334,1598,399,986,1011
19th May 25 2025,181,29,82,0,1783,216,1702,298,1053,947
16th May 25 2025,195,26,159,0,1769,227,1659,338,1000,997
15th May 25 2025,154,26,87,0,1725,270,1559,437,934,1062
14th May 25 2025,209,10,44,1,1710,284,1491,504,865,1130
13th May 25 2025,167,17,34,1,1602,392,1307,688,779,1216
12th May 25 2025,978,9,15,2,1460,536,1173,824,734,1263
9th May 25 2025,43,46,8,4,543,1451,649,1346,518,1477
8th May 25 2025,49,39,5,3,640,1356,684,1312,534,1462
7th May 25 2025,86,23,4,4,790,1205,805,1190,581,1414
6th May 25 2025,13,320,5,2,678,1316,709,1285,531,1463
5th May 25 2025,133,21,11,2,1078,917,944,1051,647,1348
2nd May 25 2025,39,32,6,4,823,1172,828,1167,599,1396
30th Apr 25 2025,16,107,7,5,880,1113,834,1159,602,1391
29th Apr 25 2025,55,28,10,2,1239,754,1051,942,662,1331
28th Apr 25 2025,64,38,18,2,1290,705,1080,915,675,1320
25th Apr 25 2025,20,364,19,1,1302,690,1049,943,654,1338
24th Apr 25 2025,88,28,30,2,1762,232,1424,570,775,1219
23rd Apr 25 2025,96,15,44,2,1784,210,1401,593,783,1211
22nd Apr 25 2025,138,15,73,2,1782,211,1388,605,766,1227
21st Apr 25 2025,188,12,103,2,1767,227,1303,691,739,1255
17th Apr 25 2025,88,13,42,2,1643,348,1113,878,655,1336
16th Apr 25 2025,147,14,69,2,1638,353,1049,942,612,1379
15th Apr 25 2025,451,6,16,1,1508,483,907,1084,561,1430
11th Apr 25 2025,312,5,6,3,916,1073,576,1413,444,1545
9th Apr 25 2025,40,93,6,18,508,1478,398,1588,359,1627
8th Apr 25 2025,263,13,7,8,564,1424,440,1548,374,1614
7th Apr 25 2025,5,830,14,17,298,1690,290,1698,300,1688
13th Apr 26 2026,103,35,89,1,1880,276,1267,889,651,1505
10th Apr 26 2026,242,9,127,2,1945,209,1342,812,653,1501
9th Apr 26 2026,94,31,108,1,1818,338,1007,1149,558,1598
8th Apr 26 2026,903,13,415,1,1901,254,1020,1135,548,1607
7th Apr 26 2026,130,10,65,4,1097,1059,534,1622,424,1732
6th Apr 26 2026,222,12,24,5,937,1219,459,1697,410,1746
2nd Apr 26 2026,182,24,18,6,642,1515,369,1788,372,1785
1st Apr 26 2026,1150,9,11,6,483,1674,332,1825,380,1777
30th Mar 26 2026,31,751,6,41,195,1962,206,1951,310,1847
27th Mar 26 2026,33,645,8,12,289,1867,248,1908,359,1797
25th Mar 26 2026,219,18,6,6,485,1671,328,1828,391,1765
24th Mar 26 2026,294,29,7,8,273,1883,244,1912,349,1807
23rd Mar 26 2026,6,980,5,5,146,2011,167,1990,297,1860
20th Mar 26 2026,102,26,15,4,372,1784,321,1835,395,1761
19th Mar 26 2026,18,304,6,2,267,1889,251,1905,376,1780
18th Mar 26 2026,327,8,8,2,502,1654,390,1766,448,1708
17th Mar 26 2026,100,17,7,7,260,1896,302,1854,405,1751
16th Mar 26 2026,42,122,6,6,191,1966,253,1904,377,1780
13th Mar 26 2026,20,382,9,6,215,1941,293,1863,382,1774
12th Mar 26 2026,60,50,11,5,434,1722,420,1736,446,1710
11th Mar 26 2026,77,53,9,4,438,1718,428,1728,466,1690
10th Mar 26 2026,280,15,9,4,447,1708,438,1718,476,1680
9th Mar 26 2026,26,290,6,13,272,1884,333,1824,414,1743
6th Mar 26 2026,59,39,4,7,392,1763,452,1704,502,1654
5th Mar 26 2026,113,18,9,2,402,1753,469,1687,513,1643
4th Mar 26 2026,48,266,8,3,292,1863,403,1753,468,1688
2nd Mar 26 2026,61,271,6,4,445,1711,492,1665,564,1593
27th Feb 26 2026,44,62,8,1,691,1463,687,1468,669,1486
26th Feb 26 2026,67,20,9,5,832,1322,760,1395,706,1449
25th Feb 26 2026,56,44,5,4,788,1366,743,1412,699,1456
24th Feb 26 2026,25,96,9,3,702,1452,676,1479,686,1469
23rd Feb 26 2026,64,49,6,2,862,1294,787,1370,718,1439
20th Feb 26 2026,50,30,9,5,832,1322,773,1382,709,1446
19th Feb 26 2026,37,53,9,5,803,1351,759,1396,706,1449
18th Feb 26 2026,70,17,5,5,1095,1059,931,1224,775,1380
17th Feb 26 2026,110,18,7,3,1034,1120,869,1286,751,1404
16th Feb 26 2026,54,108,13,4,928,1228,780,1377,729,1428
13th Feb 26 2026,34,168,23,1,965,1189,792,1363,726,1429
12th Feb 26 2026,61,104,28,1,1318,836,1030,1125,794,1360
11th Feb 26 2026,92,68,15,2,1499,654,1122,1032,822,1332
10th Feb 26 2026,142,38,35,1,1582,570,1154,999,822,1331
9th Feb 26 2026,394,19,53,1,1521,634,1073,1083,807,1349
6th Feb 26 2026,59,77,30,3,1123,1030,771,1383,685,1469
5th Feb 26 2026,56,93,35,6,1161,992,780,1374,694,1460
4th Feb 26 2026,243,55,45,18,1349,804,844,1310,727,1427
3rd Feb 26 2026,529,12,28,18,1143,1011,748,1406,707,1447
2nd Feb 26 2026,78,76,16,19,455,1700,372,1783,534,1621
1st Feb 26 2026,62,239,9,4,438,1717,362,1793,495,1660
30th Jan 26 2026,172,99,16,6,673,1480,497,1656,604,1549
29th Jan 26 2026,143,62,26,5,536,1617,434,1719,572,1581
28th Jan 26 2026,355,20,13,6,541,1611,426,1726,559,1593
27th Jan 26 2026,102,76,4,11,309,1846,324,1831,487,1668
23rd Jan 26 2026,58,209,2,6,275,1877,295,1857,480,1672
22nd Jan 26 2026,185,56,2,4,361,1791,371,1781,548,1604
21st Jan 26 2026,58,150,20,2,231,1920,291,1860,489,1662
20th Jan 26 2026,29,383,24,1,253,1897,316,1834,524,1626
19th Jan 26 2026,41,93,29,2,451,1701,476,1676,627,1525
16th Jan 26 2026,71,32,27,2,535,1613,536,1612,676,1472
14th Jan 26 2026,84,21,7,1,523,1624,555,1592,690,1457
13th Jan 26 2026,72,17,5,1,485,1662,525,1622,677,1470
12th Jan 26 2026,61,75,6,3,424,1726,503,1647,669,1481
9th Jan 26 2026,17,104,4,3,427,1718,537,1608,687,1458
8th Jan 26 2026,16,139,7,3,667,1479,699,1447,772,1374
7th Jan 26 2026,69,18,14,3,1062,1084,915,1231,859,1287
6th Jan 26 2026,45,28,16,1,1025,1120,878,1267,844,1301
5th Jan 26 2026,64,37,15,1,1141,1006,936,1211,869,1278
2nd Jan 26 2026,103,11,12,1,1319,825,954,1190,871,1273
1st Jan 26 2026,63,16,9,2,1077,1068,828,1317,817,1328
31st Dec 25 2025,84,15,7,2,1050,1093,806,1337,814,1329
30th Dec 25 2025,57,36,9,1,773,1368,687,1454,763,1378
29th Dec 25 2025,45,47,13,0,753,1392,715,1430,767,1378
26th Dec 25 2025,63,20,19,0,928,1214,767,1375,796,1346
24th Dec 25 2025,56,14,13,0,1084,1057,804,1337,814,1327
23rd Dec 25 2025,67,15,9,2,1133,1008,811,1330,822,1319
22nd Dec 25 2025,115,13,8,1,1016,1127,751,1392,805,1338
19th Dec 25 2025,91,15,9,0,702,1438,642,1498,762,1378
18th Dec 25 2025,40,29,11,0,489,1650,536,1603,718,1421
17th Dec 25 2025,33,55,12,0,494,1643,567,1570,726,1411
16th Dec 25 2025,37,28,13,0,621,1516,616,1521,758,1379
15th Dec 25 2025,78,20,15,1,745,1391,673,1463,780,1356
12th Dec 25 2025,99,10,8,3,695,1436,651,1481,762,1370
11th Dec 25 2025,76,16,5,3,501,1629,560,1570,727,1404
10th Dec 25 2025,54,29,7,2,388,1738,478,1648,711,1416
9th Dec 25 2025,133,15,1,2,424,1702,515,1611,716,1411
8th Dec 25 2025,18,244,3,3,319,1809,462,1666,689,1440
5th Dec 25 2025,32,37,3,3,543,1582,621,1504,786,1340
4th Dec 25 2025,31,28,3,4,532,1593,641,1484,794,1332
3rd Dec 25 2025,18,42,1,3,536,1588,639,1485,811,1314
2nd Dec 25 2025,28,35,5,2,649,1475,711,1413,830,1295
1st Dec 25 2025,65,38,6,3,731,1394,746,1380,856,1270
28th Nov 25 2025,58,21,2,3,757,1363,765,1356,862,1259
27th Nov 25 2025,54,20,2,3,743,1375,758,1361,856,1263
26th Nov 25 2025,85,13,3,2,748,1369,763,1355,870,1248
25th Nov 25 2025,72,13,5,3,556,1560,645,1473,818,1300
24th Nov 25 2025,35,136,6,6,516,1603,624,1496,796,1324
21st Nov 25 2025,32,36,6,4,607,1506,697,1418,852,1263
20th Nov 25 2025,39,24,9,3,762,1351,823,1291,891,1223
19th Nov 25 2025,42,42,7,2,791,1320,830,1282,910,1202
18th Nov 25 2025,39,37,12,2,778,1331,837,1273,911,1199
17th Nov 25 2025,96,49,11,2,944,1168,913,1200,958,1155
14th Nov 25 2025,76,43,12,2,876,1230,880,1227,934,1173
13th Nov 25 2025,72,48,12,2,858,1246,877,1228,961,1144
12th Nov 25 2025,105,28,8,2,893,1209,907,1196,970,1133
11th Nov 25 2025,70,53,8,8,747,1357,818,1287,928,1177
10th Nov 25 2025,85,89,12,7,745,1360,819,1287,930,1176
7th Nov 25 2025,76,40,12,3,671,1430,815,1286,929,1172
6th Nov 25 2025,46,148,14,4,610,1490,813,1287,916,1184
4th Nov 25 2025,40,29,15,2,885,1214,975,1124,1018,1081
3rd Nov 25 2025,101,39,17,2,1101,1001,1089,1013,1060,1042
31st Oct 25 2025,45,32,12,1,981,1113,1021,1073,1029,1065
30th Oct 25 2025,51,25,10,2,1134,960,1105,989,1061,1033
29th Oct 25 2025,89,24,11,0,1170,923,1110,983,1072,1021
28th Oct 25 2025,62,30,13,1,1005,1093,1006,1092,1033,1065
27th Oct 25 2025,81,38,20,2,1030,1075,1018,1087,1055,1050
24th Oct 25 2025,50,28,19,3,992,1106,983,1115,1019,1079
23rd Oct 25 2025,81,48,21,3,1078,1020,1023,1075,1044,1054
21st Oct 25 2025,57,2,24,0,1131,966,1035,1062,1050,1047
20th Oct 25 2025,97,44,15,3,944,1160,922,1182,1005,1099
17th Oct 25 2025,46,42,12,1,852,1243,866,1229,971,1124
16th Oct 25 2025,79,35,13,2,939,1153,928,1164,1004,1088
15th Oct 25 2025,88,28,13,2,836,1256,879,1213,970,1122
14th Oct 25 2025,44,66,24,3,684,1406,790,1300,932,1158
13th Oct 25 2025,55,46,18,4,868,1226,914,1180,997,1097
10th Oct 25 2025,87,26,21,3,1016,1072,985,1103,1036,1052
9th Oct 25 2025,94,39,33,5,920,1170,935,1155,1011,1079
8th Oct 25 2025,79,26,31,2,828,1259,883,1204,995,1092
7th Oct 25 2025,63,33,23,1,913,1172,939,1146,1010,1075
6th Oct 25 2025,83,37,19,1,945,1140,952,1133,1009,1076
3rd Oct 25 2025,128,13,11,1,916,1166,933,1149,1025,1058
1st Oct 25 2025,126,9,12,1,695,1384,793,1286,967,1113
30th Sep 25 2025,44,29,8,2,491,1582,622,1451,885,1189
29th Sep 25 2025,65,64,14,3,460,1616,631,1445,882,1195
26th Sep 25 2025,15,116,19,1,453,1614,618,1449,888,1180
25th Sep 25 2025,43,37,22,1,751,1315,899,1167,1013,1054
24th Sep 25 2025,56,30,21,2,946,1119,1061,1004,1077,989
23rd Sep 25 2025,69,24,23,2,1125,939,1166,898,1119,946
22nd Sep 25 2025,81,41,27,2,1224,846,1211,860,1160,911
19th Sep 25 2025,72,20,22,1,1406,658,1308,758,1183,883
18th Sep 25 2025,59,17,21,1,1453,610,1314,750,1176,888
17th Sep 25 2025,78,17,25,1,1467,593,1309,752,1173,888
16th Sep 25 2025,82,14,18,1,1405,655,1255,806,1144,917
15th Sep 25 2025,92,19,17,1,1322,742,1132,933,1095,970
12th Sep 25 2025,58,12,19,0,1226,834,1081,980,1060,1001
11th Sep 25 2025,58,23,26,0,1227,833,1069,992,1047,1014
10th Sep 25 2025,96,20,18,0,1213,847,1056,1005,1050,1011
9th Sep 25 2025,70,29,25,0,1024,1035,915,1145,992,1068
8th Sep 25 2025,132,17,32,1,1011,1051,900,1163,1000,1063
5th Sep 25 2025,87,13,27,1,909,1149,864,1195,959,1100
4th Sep 25 2025,51,30,19,2,946,1112,860,1199,977,1082
3rd Sep 25 2025,112,13,16,0,1049,1007,912,1145,993,1064
2nd Sep 25 2025,121,23,11,1,874,1181,791,1266,953,1104
1st Sep 25 2025,129,18,11,3,737,1321,707,1352,914,1145
29th Aug 25 2025,52,25,8,2,515,1538,578,1476,830,1224
28th Aug 25 2025,29,63,6,2,529,1523,594,1459,846,1207
26th Aug 25 2025,30,63,11,3,635,1412,693,1355,908,1140
25th Aug 25 2025,74,35,23,1,947,1104,896,1156,1006,1046
22nd Aug 25 2025,52,18,22,0,918,1128,901,1146,991,1056
21st Aug 25 2025,60,20,20,0,1028,1019,966,1082,1007,1041
20th Aug 25 2025,108,11,19,1,1012,1032,956,1089,1003,1042
19th Aug 25 2025,125,15,18,1,958,1085,907,1137,996,1048
18th Aug 25 2025,151,33,19,2,786,1261,810,1238,949,1099
14th Aug 25 2025,48,74,16,3,551,1489,644,1396,880,1161
13th Aug 25 2025,113,49,11,5,600,1440,683,1357,918,1123
12th Aug 25 2025,79,51,6,5,500,1540,617,1424,888,1153
11th Aug 25 2025,90,65,6,4,443,1598,603,1439,876,1166
8th Aug 25 2025,50,76,8,4,372,1670,550,1492,846,1196
7th Aug 25 2025,54,53,8,5,444,1598,637,1405,927,1115
6th Aug 25 2025,40,73,8,5,462,1578,642,1398,942,1098
5th Aug 25 2025,48,41,9,5,572,1465,735,1302,997,1040
4th Aug 25 2025,96,48,13,4,578,1461,781,1258,1023,1016
1st Aug 25 2025,36,118,10,0,447,1588,713,1322,976,1059
31st Jul 25 2025,54,47,10,1,580,1451,865,1166,1074,957
30th Jul 25 2025,93,32,10,1,680,1347,982,1045,1109,918
29th Jul 25 2025,119,18,10,1,610,1417,949,1077,1102,925
28th Jul 25 2025,38,119,10,4,495,1537,804,1228,1045,987
25th Jul 25 2025,24,88,10,3,633,1392,1005,1021,1133,893
24th Jul 25 2025,46,36,12,2,960,1066,1304,722,1266,759
23rd Jul 25 2025,53,28,15,2,1087,938,1357,668,1285,740
22nd Jul 25 2025,58,22,16,2,1042,981,1373,651,1278,746
21st Jul 25 2025,71,34,15,3,1137,891,1431,597,1290,738
18th Jul 25 2025,51,18,15,1,1159,863,1469,553,1306,716
17th Jul 25 2025,65,15,16,1,1327,694,1551,470,1333,688
16th Jul 25 2025,87,13,12,0,1334,687,1552,469,1320,701
15th Jul 25 2025,103,8,9,0,1259,762,1495,526,1286,735
14th Jul 25 2025,72,21,16,1,1002,1022,1362,662,1211,813
11th Jul 25 2025,42,15,6,0,992,1028,1397,623,1209,811
10th Jul 25 2025,68,10,11,1,1214,802,1504,512,1262,754
9th Jul 25 2025,75,8,10,1,1248,766,1507,508,1251,764
8th Jul 25 2025,57,16,13,1,1217,800,1492,525,1246,771
7th Jul 25 2025,66,27,20,1,1270,750,1518,502,1259,761
4th Jul 25 2025,67,15,19,1,1372,646,1568,450,1271,747
3rd Jul 25 2025,73,14,20,1,1357,659,1541,475,1256,760
2nd Jul 25 2025,57,21,21,1,1344,669,1532,481,1229,784
1st Jul 25 2025,84,21,27,0,1441,568,1565,444,1241,768
30th Jun 25 2025,117,17,29,0,1473,537,1569,441,1253,757
27th Jun 25 2025,89,14,23,0,1423,583,1535,471,1236,770
26th Jun 25 2025,64,12,22,0,1358,649,1515,492,1203,804
25th Jun 25 2025,154,6,10,0,1356,650,1511,495,1201,805
24th Jun 25 2025,97,15,5,1,1047,960,1349,657,1105,903
23rd Jun 25 2025,73,18,5,1,838,1171,1202,807,1059,951
20th Jun 25 2025,80,12,7,2,830,1174,1235,769,1044,961
19th Jun 25 2025,15,82,6,1,591,1413,1122,882,998,1007
18th Jun 25 2025,39,25,4,0,933,1069,1358,644,1113,890
17th Jun 25 2025,48,37,7,1,1019,983,1409,593,1146,857
16th Jun 25 2025,74,16,9,1,1250,755,1507,498,1190,816
13th Jun 25 2025,38,24,17,1,1190,811,1520,481,1163,839
12th Jun 25 2025,37,47,22,0,1426,574,1597,403,1219,782
11th Jun 25 2025,111,19,26,0,1647,351,1710,288,1295,704
10th Jun 25 2025,105,10,31,1,1643,355,1688,310,1274,725
9th Jun 25 2025,157,9,25,0,1629,372,1671,330,1252,750
6th Jun 25 2025,116,18,22,0,1494,505,1580,419,1172,828
5th Jun 25 2025,115,6,15,0,1453,546,1511,488,1124,876
4th Jun 25 2025,98,20,13,0,1372,626,1491,507,1092,907
3rd Jun 25 2025,70,23,17,0,1320,677,1484,513,1067,931
2nd Jun 25 2025,123,47,24,0,1428,569,1517,480,1068,930
30th May 25 2025,92,58,27,0,1445,549,1527,467,1065,930
29th May 25 2025,102,44,34,0,1511,482,1546,447,1102,892
28th May 25 2025,98,31,24,1,1550,442,1559,433,1083,910
27th May 25 2025,79,26,27,1,1595,396,1586,406,1089,903
26th May 25 2025,115,40,19,0,1633,361,1621,374,1071,924
23rd May 25 2025,83,29,23,1,1642,348,1612,379,1051,940
22nd May 25 2025,71,37,26,1,1619,371,1580,411,1012,979
21st May 25 2025,83,37,30,1,1682,307,1604,386,1019,971
20th May 25 2025,57,72,55,1,1655,334,1593,397,985,1005
19th May 25 2025,181,29,82,0,1776,216,1696,297,1052,941
16th May 25 2025,193,26,157,0,1762,227,1654,336,999,991
15th May 25 2025,153,26,87,0,1717,271,1555,434,933,1056
14th May 25 2025,208,10,44,1,1704,283,1486,502,864,1124
13th May 25 2025,166,17,34,1,1597,390,1305,683,778,1210
12th May 25 2025,974,9,15,2,1458,531,1171,819,733,1257
9th May 25 2025,43,45,8,4,543,1444,648,1340,517,1471
8th May 25 2025,49,39,5,3,638,1351,682,1307,533,1456
7th May 25 2025,86,23,4,4,788,1200,804,1184,580,1408
6th May 25 2025,13,318,5,2,676,1311,707,1280,530,1457
5th May 25 2025,133,21,11,2,1075,913,942,1046,646,1342
2nd May 25 2025,39,32,6,4,820,1168,825,1163,598,1390
30th Apr 25 2025,16,107,7,5,878,1108,831,1155,601,1385
29th Apr 25 2025,55,26,10,2,1236,750,1048,938,661,1325
28th Apr 25 2025,62,37,18,2,1286,702,1076,912,674,1314
25th Apr 25 2025,20,361,18,1,1299,686,1046,939,653,1332
24th Apr 25 2025,87,28,29,2,1756,231,1420,567,774,1213
23rd Apr 25 2025,94,15,43,2,1778,209,1397,590,782,1205
22nd Apr 25 2025,134,15,73,2,1775,211,1384,602,765,1221
21st Apr 25 2025,186,12,103,2,1760,227,1302,685,738,1249
17th Apr 25 2025,87,13,42,2,1636,348,1112,872,654,1330
16th Apr 25 2025,147,14,69,2,1634,350,1048,936,612,1372
15th Apr 25 2025,450,6,16,1,1502,482,906,1078,561,1423
11th Apr 25 2025,312,5,6,3,914,1068,576,1406,444,1538
9th Apr 25 2025,40,93,6,18,507,1472,398,1581,359,1620
8th Apr 25 2025,263,13,7,8,564,1417,440,1541,374,1607
7th Apr 25 2025,5,828,14,17,298,1683,290,1691,300,1681
4th Apr 25 2025,30,465,23,8,800,1180,556,1424,444,1536
13th Apr 26 2026,101,37,86,1,1870,282,1290,862,652,1500
10th Apr 26 2026,242,9,127,2,1946,209,1343,812,654,1501
9th Apr 26 2026,94,31,108,1,1818,339,1008,1149,559,1598
8th Apr 26 2026,903,13,415,1,1901,255,1021,1135,548,1608
7th Apr 26 2026,130,10,65,4,1097,1060,534,1623,424,1733
6th Apr 26 2026,222,12,24,5,937,1220,460,1697,410,1747
2nd Apr 26 2026,182,24,18,6,642,1516,370,1788,372,1786
1st Apr 26 2026,1150,9,11,6,483,1675,333,1825,380,1778
30th Mar 26 2026,31,751,6,41,195,1963,207,1951,310,1848
27th Mar 26 2026,33,645,8,12,289,1868,249,1908,360,1797
25th Mar 26 2026,219,18,6,6,486,1671,329,1828,392,1765
24th Mar 26 2026,294,29,7,8,273,1884,245,1912,350,1807
23rd Mar 26 2026,6,980,5,5,146,2012,168,1990,297,1861
20th Mar 26 2026,102,26,15,4,372,1785,322,1835,396,1761
19th Mar 26 2026,18,304,6,2,268,1889,252,1905,377,1780
18th Mar 26 2026,327,8,8,2,503,1654,391,1766,449,1708
17th Mar 26 2026,100,17,7,7,261,1896,303,1854,406,1751
16th Mar 26 2026,42,122,6,6,192,1966,254,1904,378,1780
13th Mar 26 2026,20,382,9,6,216,1941,294,1863,383,1774
12th Mar 26 2026,60,50,11,5,435,1722,421,1736,447,1710
11th Mar 26 2026,77,53,10,4,439,1718,429,1728,467,1690
10th Mar 26 2026,281,15,10,4,448,1708,439,1718,477,1680
9th Mar 26 2026,27,290,6,13,273,1884,334,1824,415,1743
6th Mar 26 2026,60,39,4,7,393,1763,453,1704,503,1654
5th Mar 26 2026,114,18,9,2,403,1753,470,1687,513,1644
4th Mar 26 2026,48,266,8,3,292,1864,404,1753,468,1689
2nd Mar 26 2026,61,271,6,4,445,1712,493,1665,564,1594
27th Feb 26 2026,44,62,8,1,691,1464,688,1468,669,1487
26th Feb 26 2026,67,20,9,5,833,1322,761,1395,706,1450
25th Feb 26 2026,56,44,5,4,789,1366,744,1412,699,1457
24th Feb 26 2026,25,96,9,3,703,1452,677,1479,687,1469
23rd Feb 26 2026,64,49,6,2,863,1294,788,1370,719,1439
20th Feb 26 2026,50,30,9,5,833,1322,774,1382,710,1446
19th Feb 26 2026,37,54,9,5,804,1351,760,1396,707,1449
18th Feb 26 2026,71,17,6,5,1096,1059,932,1224,776,1380
17th Feb 26 2026,111,18,8,3,1035,1120,870,1286,752,1404
16th Feb 26 2026,55,108,13,4,929,1228,781,1377,729,1429
13th Feb 26 2026,35,168,23,1,966,1189,793,1363,726,1430
12th Feb 26 2026,62,104,28,1,1319,836,1031,1125,794,1361
11th Feb 26 2026,93,68,15,2,1500,654,1122,1033,822,1333
10th Feb 26 2026,142,38,35,1,1582,571,1154,1000,822,1332
9th Feb 26 2026,395,19,53,1,1521,635,1073,1084,807,1350
6th Feb 26 2026,59,77,30,3,1123,1031,771,1384,685,1470
5th Feb 26 2026,56,93,35,6,1161,993,780,1375,694,1461
4th Feb 26 2026,243,55,45,18,1349,805,844,1311,727,1428
3rd Feb 26 2026,529,12,28,18,1143,1012,748,1407,707,1448
2nd Feb 26 2026,78,76,16,19,455,1701,372,1784,534,1622
1st Feb 26 2026,62,239,9,4,438,1718,362,1794,495,1661
30th Jan 26 2026,172,99,16,6,673,1481,497,1657,604,1550
29th Jan 26 2026,143,62,26,5,536,1618,434,1720,572,1582
28th Jan 26 2026,355,20,13,6,541,1612,426,1727,559,1594
27th Jan 26 2026,102,76,4,11,309,1847,324,1832,487,1669
23rd Jan 26 2026,58,210,2,6,275,1878,295,1858,480,1673
22nd Jan 26 2026,186,56,2,4,361,1792,371,1782,548,1605
21st Jan 26 2026,58,150,20,2,231,1921,291,1861,489,1663
20th Jan 26 2026,29,383,24,1,253,1898,316,1835,524,1627
19th Jan 26 2026,42,93,29,2,451,1702,476,1677,627,1526
16th Jan 26 2026,71,32,27,2,535,1614,536,1613,676,1473
14th Jan 26 2026,84,22,7,1,523,1625,555,1593,690,1458
13th Jan 26 2026,72,17,5,1,485,1663,525,1623,677,1471
12th Jan 26 2026,61,76,6,3,424,1727,503,1648,669,1482
9th Jan 26 2026,17,104,4,3,428,1718,537,1609,687,1459
8th Jan 26 2026,16,139,7,3,668,1479,700,1447,772,1375
7th Jan 26 2026,69,18,14,3,1063,1084,916,1231,859,1288
6th Jan 26 2026,45,28,16,1,1026,1120,879,1267,844,1302
5th Jan 26 2026,64,37,15,1,1142,1006,937,1211,869,1279
2nd Jan 26 2026,103,11,12,1,1320,825,955,1190,871,1274
1st Jan 26 2026,64,16,9,2,1078,1068,829,1317,817,1329
31st Dec 25 2025,85,15,7,2,1051,1093,806,1338,814,1330
30th Dec 25 2025,58,36,9,1,774,1368,687,1455,763,1379
29th Dec 25 2025,45,48,13,0,753,1393,715,1431,767,1379
26th Dec 25 2025,63,20,19,0,929,1214,767,1376,796,1347
24th Dec 25 2025,57,14,13,0,1085,1057,804,1338,814,1328
23rd Dec 25 2025,67,15,9,2,1133,1009,811,1331,822,1320
22nd Dec 25 2025,115,13,8,1,1016,1128,751,1393,805,1339
19th Dec 25 2025,91,16,9,0,702,1439,642,1499,762,1379
18th Dec 25 2025,40,30,11,0,490,1650,536,1604,718,1422
17th Dec 25 2025,33,56,13,0,495,1643,567,1571,726,1412
16th Dec 25 2025,38,28,14,0,622,1516,617,1521,758,1380
15th Dec 25 2025,79,20,16,1,746,1391,673,1464,780,1357
12th Dec 25 2025,100,10,9,3,696,1436,651,1482,762,1371
11th Dec 25 2025,77,16,5,3,502,1629,560,1571,727,1405
10th Dec 25 2025,55,29,7,2,388,1739,478,1649,711,1417
9th Dec 25 2025,134,15,1,2,424,1703,515,1612,716,1412
8th Dec 25 2025,18,245,3,3,319,1810,462,1667,689,1441
5th Dec 25 2025,32,37,3,3,543,1583,621,1505,786,1341
4th Dec 25 2025,31,28,3,4,532,1594,641,1485,794,1333
3rd Dec 25 2025,18,42,1,3,536,1589,639,1486,811,1315
2nd Dec 25 2025,28,35,5,2,649,1476,711,1414,830,1296
1st Dec 25 2025,65,38,6,3,731,1395,746,1381,856,1271
28th Nov 25 2025,58,21,2,3,757,1364,765,1357,862,1260
27th Nov 25 2025,54,20,2,3,743,1376,758,1362,856,1264
26th Nov 25 2025,86,13,3,2,748,1370,763,1356,870,1249
25th Nov 25 2025,72,13,5,3,556,1561,645,1474,818,1301
24th Nov 25 2025,35,137,6,6,516,1604,624,1497,796,1325
21st Nov 25 2025,32,36,6,4,607,1507,697,1419,852,1264
20th Nov 25 2025,39,24,9,4,762,1352,823,1292,891,1224
19th Nov 25 2025,42,42,7,3,791,1321,830,1283,910,1203
18th Nov 25 2025,39,38,12,3,778,1332,837,1274,911,1200
17th Nov 25 2025,96,50,11,2,944,1169,913,1201,958,1156
14th Nov 25 2025,76,44,12,2,876,1231,880,1228,934,1174
13th Nov 25 2025,72,48,12,2,858,1247,877,1229,961,1145
12th Nov 25 2025,105,28,8,2,893,1210,907,1197,970,1134
11th Nov 25 2025,71,53,8,8,747,1358,818,1288,928,1178
10th Nov 25 2025,85,89,12,7,745,1361,819,1288,930,1177
7th Nov 25 2025,76,40,12,3,671,1431,815,1287,929,1173
6th Nov 25 2025,46,148,14,4,610,1491,813,1288,916,1185
4th Nov 25 2025,40,29,15,2,885,1215,975,1125,1018,1082
3rd Nov 25 2025,101,39,17,2,1101,1002,1089,1014,1060,1043
31st Oct 25 2025,45,32,12,1,981,1114,1021,1074,1029,1066
30th Oct 25 2025,51,25,10,2,1134,961,1105,990,1061,1034
29th Oct 25 2025,89,24,11,0,1171,923,1110,984,1072,1022
28th Oct 25 2025,62,30,13,1,1006,1093,1006,1093,1033,1066
27th Oct 25 2025,81,38,20,2,1030,1076,1018,1088,1055,1051
24th Oct 25 2025,50,28,19,3,992,1107,983,1116,1019,1080
23rd Oct 25 2025,81,48,21,3,1078,1021,1023,1076,1044,1055
21st Oct 25 2025,58,2,24,0,1131,967,1035,1063,1050,1048
20th Oct 25 2025,97,44,15,3,944,1161,922,1183,1005,1100
17th Oct 25 2025,46,42,12,1,852,1244,866,1230,971,1125
16th Oct 25 2025,79,35,13,2,939,1154,928,1165,1004,1089
15th Oct 25 2025,89,28,13,2,836,1257,879,1214,970,1123
14th Oct 25 2025,44,66,24,3,684,1407,790,1301,932,1159
13th Oct 25 2025,55,46,18,4,868,1227,914,1181,997,1098
10th Oct 25 2025,87,26,21,3,1016,1073,985,1104,1036,1053
9th Oct 25 2025,94,39,33,5,920,1171,935,1156,1011,1080
8th Oct 25 2025,79,26,31,2,828,1260,883,1205,995,1093
7th Oct 25 2025,63,33,23,1,913,1173,939,1147,1011,1075
6th Oct 25 2025,83,37,19,1,945,1141,952,1134,1010,1076
3rd Oct 25 2025,128,13,11,1,917,1166,934,1149,1026,1058
1st Oct 25 2025,126,9,12,1,695,1385,793,1287,968,1113
30th Sep 25 2025,44,29,8,2,491,1583,622,1452,886,1189
29th Sep 25 2025,65,64,14,3,460,1617,631,1446,883,1195
26th Sep 25 2025,15,116,19,1,453,1615,618,1450,889,1180
25th Sep 25 2025,43,37,22,1,751,1316,899,1168,1014,1054
24th Sep 25 2025,56,30,21,2,946,1120,1062,1004,1078,989
23rd Sep 25 2025,70,24,23,2,1125,940,1167,898,1120,946
22nd Sep 25 2025,81,41,27,2,1224,847,1211,861,1161,911
19th Sep 25 2025,72,20,22,1,1406,659,1308,759,1184,883
18th Sep 25 2025,59,17,21,1,1453,611,1315,750,1177,888
17th Sep 25 2025,78,18,25,1,1468,593,1310,752,1174,888
16th Sep 25 2025,82,14,18,1,1406,655,1256,806,1145,917
15th Sep 25 2025,92,19,17,1,1323,742,1133,933,1096,970
12th Sep 25 2025,58,12,19,0,1227,834,1082,980,1061,1001
11th Sep 25 2025,58,23,26,0,1228,833,1070,992,1048,1014
10th Sep 25 2025,96,20,18,0,1214,847,1057,1005,1051,1011
9th Sep 25 2025,70,29,25,0,1025,1035,916,1145,993,1068
8th Sep 25 2025,132,17,32,1,1012,1051,901,1163,1001,1063
5th Sep 25 2025,87,13,27,1,910,1149,865,1195,960,1100
4th Sep 25 2025,51,30,19,2,947,1112,861,1199,978,1082
3rd Sep 25 2025,113,13,16,0,1049,1008,913,1145,994,1064
2nd Sep 25 2025,121,23,11,1,874,1182,791,1267,953,1105
1st Sep 25 2025,129,18,11,3,737,1322,707,1353,915,1145
29th Aug 25 2025,52,25,8,2,515,1539,578,1477,831,1224
28th Aug 25 2025,29,63,6,2,529,1524,594,1460,847,1207
26th Aug 25 2025,30,63,11,3,635,1413,694,1355,909,1140
25th Aug 25 2025,74,35,23,1,948,1104,897,1156,1007,1046
22nd Aug 25 2025,52,18,22,0,919,1128,902,1146,992,1056
21st Aug 25 2025,60,20,20,0,1029,1019,967,1082,1008,1041
20th Aug 25 2025,108,11,19,1,1013,1032,957,1089,1004,1042
19th Aug 25 2025,125,15,18,1,959,1085,908,1137,997,1048
18th Aug 25 2025,151,33,19,2,787,1261,811,1238,950,1099
14th Aug 25 2025,48,74,16,3,552,1489,645,1396,881,1161
13th Aug 25 2025,113,49,11,5,601,1440,684,1357,919,1123
12th Aug 25 2025,79,51,6,5,501,1540,618,1424,889,1153
11th Aug 25 2025,90,65,6,4,444,1598,604,1439,877,1166
8th Aug 25 2025,50,76,8,4,372,1671,551,1492,847,1196
7th Aug 25 2025,54,53,8,5,445,1598,638,1405,928,1115
6th Aug 25 2025,40,73,8,5,463,1578,643,1398,943,1098
5th Aug 25 2025,48,41,9,5,573,1465,736,1302,998,1040
4th Aug 25 2025,96,48,13,4,578,1462,782,1258,1024,1016
1st Aug 25 2025,36,118,10,0,447,1589,713,1323,977,1059
31st Jul 25 2025,54,47,10,1,580,1452,865,1167,1075,957
30th Jul 25 2025,93,32,10,1,680,1348,982,1046,1110,918
29th Jul 25 2025,119,18,10,1,610,1418,949,1078,1102,926
28th Jul 25 2025,38,119,10,4,495,1538,804,1229,1046,987
25th Jul 25 2025,24,88,10,3,633,1393,1005,1022,1134,893
24th Jul 25 2025,46,36,12,2,960,1067,1304,723,1267,759
23rd Jul 25 2025,53,28,15,2,1087,939,1358,668,1286,740
22nd Jul 25 2025,58,22,16,2,1042,982,1374,651,1279,746
21st Jul 25 2025,71,34,15,3,1138,891,1432,597,1291,738
18th Jul 25 2025,51,18,15,1,1160,863,1470,553,1307,716
17th Jul 25 2025,65,15,16,1,1328,694,1552,470,1334,688
16th Jul 25 2025,87,13,12,0,1335,687,1553,469,1321,701
15th Jul 25 2025,103,8,9,0,1260,762,1496,526,1287,735
14th Jul 25 2025,72,21,16,1,1003,1022,1363,662,1212,813
11th Jul 25 2025,43,15,6,0,993,1028,1398,623,1210,811
10th Jul 25 2025,69,10,11,1,1215,802,1505,512,1263,754
9th Jul 25 2025,76,8,10,1,1249,766,1508,508,1252,764
8th Jul 25 2025,57,16,13,1,1218,800,1493,525,1247,771
7th Jul 25 2025,66,27,20,1,1271,750,1519,502,1260,761
4th Jul 25 2025,67,15,19,1,1373,646,1569,450,1272,747
3rd Jul 25 2025,73,14,20,1,1358,659,1542,475,1257,760
2nd Jul 25 2025,57,21,21,1,1345,669,1533,481,1230,784
1st Jul 25 2025,84,21,27,0,1442,568,1566,444,1242,768
30th Jun 25 2025,117,17,29,0,1474,537,1570,441,1254,757
27th Jun 25 2025,89,14,23,0,1423,584,1536,471,1237,770
26th Jun 25 2025,64,12,22,0,1358,650,1515,493,1204,804
25th Jun 25 2025,154,6,10,0,1357,650,1512,495,1202,805
24th Jun 25 2025,97,15,5,1,1048,960,1350,657,1106,903
23rd Jun 25 2025,73,18,5,1,839,1171,1203,807,1060,951
20th Jun 25 2025,80,12,7,2,831,1174,1236,769,1045,961
19th Jun 25 2025,15,82,6,1,592,1413,1123,882,999,1007
18th Jun 25 2025,39,25,4,0,934,1069,1359,644,1114,890
17th Jun 25 2025,48,37,7,1,1020,983,1410,593,1147,857
16th Jun 25 2025,74,16,9,1,1251,755,1508,498,1191,816
13th Jun 25 2025,38,24,17,1,1191,811,1521,481,1164,839
12th Jun 25 2025,37,47,22,0,1427,574,1598,403,1220,782
11th Jun 25 2025,111,19,26,0,1648,351,1711,288,1296,704
10th Jun 25 2025,105,10,31,1,1644,355,1689,310,1275,725
9th Jun 25 2025,157,9,25,0,1630,372,1672,330,1253,750
6th Jun 25 2025,116,18,22,0,1495,505,1581,419,1173,828
5th Jun 25 2025,115,6,15,0,1454,546,1512,488,1125,876
4th Jun 25 2025,99,20,13,0,1373,626,1492,507,1093,907
3rd Jun 25 2025,70,23,17,0,1321,677,1484,514,1068,931
2nd Jun 25 2025,123,47,24,0,1428,570,1517,481,1068,931
30th May 25 2025,92,58,27,0,1445,550,1527,468,1065,931
29th May 25 2025,102,44,34,0,1511,483,1546,448,1102,893
28th May 25 2025,98,31,24,1,1550,443,1559,434,1083,911
27th May 25 2025,79,26,27,1,1595,397,1586,407,1090,903
26th May 25 2025,115,40,19,0,1634,361,1622,374,1072,924
23rd May 25 2025,83,29,23,1,1643,348,1613,379,1052,940
22nd May 25 2025,71,37,26,1,1620,371,1581,411,1013,979
21st May 25 2025,83,37,30,1,1683,307,1605,386,1020,971
20th May 25 2025,57,72,55,1,1656,334,1594,397,986,1005
19th May 25 2025,181,29,82,0,1777,216,1697,297,1053,941
16th May 25 2025,193,26,157,0,1763,227,1655,336,1000,991
15th May 25 2025,153,26,87,0,1717,272,1555,435,934,1056
14th May 25 2025,208,10,44,1,1705,283,1487,502,865,1124
13th May 25 2025,166,17,34,1,1597,391,1305,684,779,1210
12th May 25 2025,975,9,15,2,1458,532,1171,820,733,1258
9th May 25 2025,43,45,8,4,543,1445,648,1341,517,1472
8th May 25 2025,49,39,5,3,638,1352,682,1308,533,1457
7th May 25 2025,86,23,4,4,788,1201,804,1185,580,1409
6th May 25 2025,13,319,5,2,676,1312,707,1281,530,1458
5th May 25 2025,133,21,11,2,1075,914,942,1047,646,1343
2nd May 25 2025,39,33,6,4,820,1169,826,1163,599,1390
30th Apr 25 2025,16,107,7,5,879,1108,832,1155,602,1385
29th Apr 25 2025,55,26,10,2,1237,750,1049,938,662,1325
28th Apr 25 2025,62,37,18,2,1287,702,1077,912,675,1314
25th Apr 25 2025,20,361,18,1,1300,686,1047,939,654,1332
24th Apr 25 2025,87,28,29,2,1757,231,1421,567,775,1213
23rd Apr 25 2025,94,15,43,2,1779,209,1398,590,783,1205
22nd Apr 25 2025,135,15,73,2,1776,211,1385,602,766,1221
21st Apr 25 2025,186,12,103,2,1761,227,1303,685,739,1249
17th Apr 25 2025,87,13,42,2,1637,348,1113,872,655,1330
16th Apr 25 2025,147,14,69,2,1635,350,1049,936,613,1372
15th Apr 25 2025,450,6,16,1,1503,482,907,1078,562,1423
11th Apr 25 2025,312,5,6,3,915,1068,577,1406,445,1538
9th Apr 25 2025,40,93,6,18,508,1472,399,1581,360,1620
8th Apr 25 2025,263,13,7,8,565,1417,441,1541,375,1607
7th Apr 25 2025,5,828,14,17,299,1683,291,1691,301,1681
4th Apr 25 2025,30,465,23,8,801,1180,557,1424,445,1536
10th Apr 26 2026,270,10,129,2,1950,209,1381,777,647,1512
9th Apr 26 2026,94,31,108,1,1826,342,1011,1157,559,1609
8th Apr 26 2026,905,13,414,1,1908,259,1026,1141,549,1618
7th Apr 26 2026,131,10,65,4,1102,1066,536,1632,425,1743
6th Apr 26 2026,222,13,24,5,941,1228,460,1709,410,1759
2nd Apr 26 2026,183,24,18,6,646,1523,370,1799,373,1796
1st Apr 26 2026,1151,9,11,6,485,1684,333,1836,381,1788
30th Mar 26 2026,31,755,6,41,197,1973,207,1963,310,1860
27th Mar 26 2026,33,646,8,12,289,1879,249,1919,360,1808
25th Mar 26 2026,219,19,6,6,487,1681,329,1839,393,1775
24th Mar 26 2026,294,30,7,8,273,1895,245,1923,350,1818
23rd Mar 26 2026,6,980,5,5,148,2022,170,2000,298,1872
20th Mar 26 2026,102,26,15,4,374,1794,324,1844,397,1771
19th Mar 26 2026,18,304,6,2,269,1899,252,1916,378,1790
18th Mar 26 2026,328,8,8,2,506,1662,394,1774,450,1718
17th Mar 26 2026,100,17,7,7,261,1907,304,1864,407,1761
16th Mar 26 2026,42,123,6,6,193,1977,256,1914,379,1791
13th Mar 26 2026,20,382,9,6,218,1950,296,1872,384,1784
12th Mar 26 2026,60,49,11,5,436,1732,421,1747,448,1720
11th Mar 26 2026,78,53,11,4,442,1727,432,1737,468,1701
10th Mar 26 2026,282,15,11,4,451,1717,441,1728,478,1691
9th Mar 26 2026,28,289,6,13,275,1894,335,1835,416,1754
6th Mar 26 2026,62,39,4,7,395,1773,454,1715,503,1666
5th Mar 26 2026,116,18,9,2,406,1762,471,1698,513,1656
4th Mar 26 2026,49,266,8,3,294,1874,405,1764,469,1700
2nd Mar 26 2026,61,271,6,4,446,1723,493,1677,564,1606
27th Feb 26 2026,44,61,8,1,695,1472,690,1478,671,1497
26th Feb 26 2026,68,20,9,5,836,1331,763,1405,707,1461
25th Feb 26 2026,56,45,5,4,791,1376,745,1423,700,1468
24th Feb 26 2026,25,97,9,3,703,1464,676,1492,688,1480
23rd Feb 26 2026,64,50,6,2,864,1305,787,1383,720,1450
20th Feb 26 2026,50,30,9,5,837,1330,774,1394,711,1457
19th Feb 26 2026,36,55,9,5,807,1360,759,1409,708,1460
18th Feb 26 2026,72,17,6,5,1101,1066,932,1236,777,1391
17th Feb 26 2026,111,18,8,3,1038,1129,870,1298,754,1414
16th Feb 26 2026,54,108,12,4,935,1234,782,1388,731,1439
13th Feb 26 2026,35,167,22,1,970,1197,794,1374,728,1440
12th Feb 26 2026,62,105,27,1,1323,844,1030,1138,795,1372
11th Feb 26 2026,93,68,14,2,1507,660,1127,1041,824,1344
10th Feb 26 2026,142,38,34,1,1587,579,1157,1010,825,1342
9th Feb 26 2026,395,19,53,1,1525,644,1075,1095,809,1361
6th Feb 26 2026,59,77,30,3,1129,1038,773,1395,687,1481
5th Feb 26 2026,56,93,35,6,1166,1001,783,1385,696,1472
4th Feb 26 2026,244,55,45,18,1352,815,847,1321,729,1439
3rd Feb 26 2026,530,12,28,18,1145,1023,750,1418,708,1460
2nd Feb 26 2026,78,76,16,19,455,1714,372,1797,535,1634
1st Feb 26 2026,62,240,9,4,438,1731,362,1807,495,1674
30th Jan 26 2026,173,99,16,6,674,1493,497,1670,606,1561
29th Jan 26 2026,143,63,26,5,538,1629,434,1733,574,1593
28th Jan 26 2026,355,21,13,6,542,1624,426,1740,561,1605
27th Jan 26 2026,103,76,4,11,310,1859,324,1845,488,1681
23rd Jan 26 2026,58,211,2,6,277,1889,295,1871,482,1684
22nd Jan 26 2026,187,55,3,4,365,1801,373,1793,551,1615
21st Jan 26 2026,58,153,21,2,232,1933,291,1874,491,1674
20th Jan 26 2026,30,386,25,1,255,1909,317,1847,526,1638
19th Jan 26 2026,44,93,29,2,453,1713,477,1689,630,1536
16th Jan 26 2026,72,33,27,2,538,1624,538,1624,679,1483
14th Jan 26 2026,85,21,7,1,526,1635,556,1605,693,1468
13th Jan 26 2026,72,17,5,1,488,1673,527,1634,681,1480
12th Jan 26 2026,61,77,6,3,426,1738,506,1658,672,1492
9th Jan 26 2026,17,104,4,3,431,1728,539,1620,691,1468
8th Jan 26 2026,16,140,7,3,670,1490,702,1458,776,1384
7th Jan 26 2026,69,18,14,3,1066,1094,918,1242,863,1297
6th Jan 26 2026,45,28,16,1,1030,1129,881,1278,848,1311
5th Jan 26 2026,64,38,15,1,1148,1013,941,1220,874,1287
2nd Jan 26 2026,104,11,12,1,1327,831,960,1198,877,1281
1st Jan 26 2026,64,16,9,2,1082,1077,832,1327,821,1338
31st Dec 25 2025,84,15,7,2,1054,1103,808,1349,816,1341
30th Dec 25 2025,58,36,9,2,774,1381,688,1467,765,1390
29th Dec 25 2025,45,49,13,0,755,1404,717,1442,770,1389
26th Dec 25 2025,63,20,19,0,932,1224,768,1388,799,1357
24th Dec 25 2025,57,15,13,0,1089,1066,806,1349,817,1338
23rd Dec 25 2025,67,16,9,2,1136,1019,813,1342,824,1331
22nd Dec 25 2025,116,13,8,1,1019,1138,754,1403,809,1348
19th Dec 25 2025,91,17,9,1,706,1448,645,1509,765,1389
18th Dec 25 2025,40,31,11,1,492,1661,538,1615,721,1432
17th Dec 25 2025,33,57,13,1,497,1654,570,1581,730,1421
16th Dec 25 2025,38,30,14,0,624,1527,619,1532,762,1389
15th Dec 25 2025,79,22,16,1,750,1400,677,1473,785,1365
12th Dec 25 2025,100,11,9,3,701,1444,656,1490,767,1379
11th Dec 25 2025,78,16,6,3,506,1638,566,1578,732,1413
10th Dec 25 2025,55,29,7,2,389,1751,481,1659,716,1425
9th Dec 25 2025,134,15,1,2,427,1713,518,1622,721,1420
8th Dec 25 2025,18,245,3,3,322,1820,465,1677,693,1450
5th Dec 25 2025,32,37,3,3,547,1592,625,1514,791,1349
4th Dec 25 2025,31,28,3,4,537,1602,645,1494,799,1341
3rd Dec 25 2025,18,42,1,3,540,1598,643,1495,816,1323
2nd Dec 25 2025,28,35,5,2,653,1485,716,1422,835,1304
1st Dec 25 2025,66,38,7,3,738,1401,752,1388,861,1279
28th Nov 25 2025,59,21,3,3,761,1373,770,1365,867,1268
27th Nov 25 2025,55,20,3,3,747,1384,762,1370,860,1272
26th Nov 25 2025,87,14,4,2,752,1378,767,1364,874,1257
25th Nov 25 2025,73,13,6,3,562,1567,650,1481,822,1309
24th Nov 25 2025,36,137,6,6,520,1612,628,1505,800,1333
21st Nov 25 2025,33,36,6,4,610,1516,700,1428,857,1271
20th Nov 25 2025,41,24,9,4,766,1360,826,1301,896,1231
19th Nov 25 2025,43,42,7,3,793,1331,833,1292,914,1211
18th Nov 25 2025,39,39,12,4,781,1341,841,1282,915,1208
17th Nov 25 2025,98,51,11,3,949,1176,917,1209,962,1164
14th Nov 25 2025,76,44,12,3,879,1240,883,1237,940,1180
13th Nov 25 2025,72,49,12,3,861,1256,879,1239,966,1152
12th Nov 25 2025,107,29,8,3,897,1218,911,1205,976,1140
11th Nov 25 2025,70,54,8,8,748,1369,821,1297,934,1184
10th Nov 25 2025,85,90,12,7,748,1370,822,1297,936,1183
7th Nov 25 2025,76,41,12,3,674,1440,819,1295,934,1180
6th Nov 25 2025,46,149,14,4,611,1502,815,1298,922,1191
4th Nov 25 2025,41,29,15,2,888,1224,980,1132,1024,1088
3rd Nov 25 2025,101,40,17,3,1106,1009,1094,1021,1066,1049
31st Oct 25 2025,45,32,12,2,986,1121,1026,1081,1035,1072
30th Oct 25 2025,52,26,10,2,1140,967,1110,997,1067,1040
29th Oct 25 2025,89,26,11,0,1177,929,1115,991,1078,1028
28th Oct 25 2025,62,32,13,1,1013,1098,1012,1099,1039,1072
27th Oct 25 2025,80,39,21,2,1037,1081,1024,1094,1061,1057
24th Oct 25 2025,52,28,20,3,998,1113,990,1121,1025,1086
23rd Oct 25 2025,83,48,22,3,1086,1025,1030,1081,1050,1061
21st Oct 25 2025,59,2,25,0,1139,971,1041,1069,1056,1054
20th Oct 25 2025,99,44,16,3,952,1165,928,1189,1011,1106
17th Oct 25 2025,47,42,13,1,859,1249,871,1237,976,1132
16th Oct 25 2025,81,35,14,2,944,1161,933,1172,1009,1096
15th Oct 25 2025,90,28,13,2,841,1264,883,1222,975,1130
14th Oct 25 2025,44,66,24,3,685,1418,791,1312,936,1167
13th Oct 25 2025,55,46,18,4,868,1239,915,1192,1002,1105
10th Oct 25 2025,87,26,21,3,1020,1081,988,1113,1041,1060
9th Oct 25 2025,94,39,33,5,924,1179,938,1165,1017,1086
8th Oct 25 2025,79,26,31,2,831,1269,887,1213,1000,1100
7th Oct 25 2025,63,33,23,1,917,1181,942,1156,1016,1082
6th Oct 25 2025,83,36,19,1,949,1149,956,1142,1015,1083
3rd Oct 25 2025,128,13,11,1,922,1173,941,1154,1031,1065
1st Oct 25 2025,127,9,12,1,699,1393,799,1293,973,1120
30th Sep 25 2025,44,30,8,2,495,1591,626,1460,892,1195
29th Sep 25 2025,65,64,14,3,461,1628,635,1454,888,1202
26th Sep 25 2025,15,117,19,1,456,1624,623,1457,894,1187
25th Sep 25 2025,44,38,22,1,757,1322,905,1174,1019,1061
24th Sep 25 2025,57,29,21,2,952,1126,1068,1010,1083,996
23rd Sep 25 2025,70,24,23,2,1127,950,1171,906,1125,953
22nd Sep 25 2025,81,41,27,2,1228,855,1215,869,1166,918
19th Sep 25 2025,72,21,22,1,1412,665,1314,765,1189,890
18th Sep 25 2025,60,17,21,1,1461,615,1323,754,1182,895
17th Sep 25 2025,79,18,25,1,1475,598,1318,756,1180,894
16th Sep 25 2025,81,14,18,1,1414,659,1263,811,1151,923
15th Sep 25 2025,93,19,17,1,1331,746,1141,937,1101,977
12th Sep 25 2025,58,13,19,1,1234,839,1089,985,1066,1008
11th Sep 25 2025,58,24,26,1,1235,838,1075,999,1052,1022
10th Sep 25 2025,96,21,18,0,1222,851,1061,1013,1055,1019
9th Sep 25 2025,70,30,25,0,1032,1040,921,1152,997,1076
8th Sep 25 2025,132,19,33,1,1019,1056,907,1169,1005,1071
5th Sep 25 2025,88,13,28,1,920,1151,872,1200,964,1108
4th Sep 25 2025,51,30,20,2,955,1116,866,1206,982,1090
3rd Sep 25 2025,115,13,17,0,1061,1008,920,1150,998,1072
2nd Sep 25 2025,123,23,12,1,878,1190,794,1276,957,1113
1st Sep 25 2025,130,17,12,3,739,1332,709,1363,919,1153
29th Aug 25 2025,53,25,8,2,518,1548,579,1488,835,1232
28th Aug 25 2025,30,63,6,2,532,1533,597,1469,851,1215
26th Aug 25 2025,30,63,11,3,639,1421,696,1365,912,1149
25th Aug 25 2025,74,35,24,1,955,1109,903,1162,1010,1055
22nd Aug 25 2025,53,19,22,0,925,1134,907,1153,996,1064
21st Aug 25 2025,60,20,21,0,1034,1026,971,1090,1011,1050
20th Aug 25 2025,110,11,20,1,1019,1038,961,1097,1007,1051
19th Aug 25 2025,127,15,18,1,963,1093,909,1148,1000,1057
18th Aug 25 2025,152,33,19,2,789,1271,813,1248,953,1108
14th Aug 25 2025,48,75,16,3,552,1501,646,1407,883,1171
13th Aug 25 2025,112,49,11,5,603,1450,685,1368,922,1132
12th Aug 25 2025,78,51,6,5,504,1549,620,1434,892,1162
11th Aug 25 2025,90,65,6,4,446,1608,607,1448,880,1175
8th Aug 25 2025,50,76,8,4,375,1680,553,1502,850,1205
7th Aug 25 2025,54,53,8,5,446,1609,640,1415,931,1124
6th Aug 25 2025,40,73,8,5,464,1589,645,1408,946,1107
5th Aug 25 2025,48,41,9,5,577,1473,739,1311,1002,1048
4th Aug 25 2025,96,48,13,4,582,1470,786,1266,1028,1024
1st Aug 25 2025,36,118,10,0,450,1597,716,1331,981,1066
31st Jul 25 2025,54,47,10,1,585,1459,869,1175,1078,966
30th Jul 25 2025,93,33,10,1,683,1356,986,1053,1114,925
29th Jul 25 2025,119,18,10,1,613,1427,955,1084,1106,934
28th Jul 25 2025,38,119,10,4,498,1547,810,1235,1049,996
25th Jul 25 2025,25,88,10,3,638,1400,1010,1029,1137,902
24th Jul 25 2025,46,36,12,2,963,1076,1310,729,1270,768
23rd Jul 25 2025,53,28,15,2,1094,944,1364,674,1289,749
22nd Jul 25 2025,58,22,16,2,1047,989,1379,658,1283,754
21st Jul 25 2025,71,34,15,3,1143,898,1438,603,1294,747
18th Jul 25 2025,52,18,15,1,1166,869,1475,560,1310,725
17th Jul 25 2025,66,15,16,1,1335,699,1557,477,1337,697
16th Jul 25 2025,88,13,12,0,1339,695,1560,474,1324,710
15th Jul 25 2025,103,9,9,0,1264,770,1500,534,1293,741
14th Jul 25 2025,73,21,16,1,1008,1029,1370,667,1218,819
11th Jul 25 2025,44,15,6,0,999,1034,1406,627,1215,818
10th Jul 25 2025,70,10,11,1,1221,808,1512,517,1269,760
9th Jul 25 2025,76,8,10,1,1254,773,1515,513,1256,772
8th Jul 25 2025,57,16,13,1,1222,808,1500,530,1252,778
7th Jul 25 2025,67,27,20,1,1279,754,1528,505,1265,768
4th Jul 25 2025,67,15,19,1,1381,650,1577,454,1278,753
3rd Jul 25 2025,73,14,20,1,1366,663,1549,480,1263,766
2nd Jul 25 2025,58,21,21,1,1352,674,1539,487,1235,791
1st Jul 25 2025,84,22,27,0,1450,572,1574,448,1248,774
30th Jun 25 2025,116,17,29,0,1481,542,1577,446,1260,763
27th Jun 25 2025,89,14,23,0,1431,588,1542,477,1243,776
26th Jun 25 2025,64,12,22,0,1367,653,1522,498,1210,810
25th Jun 25 2025,154,6,10,0,1364,655,1518,501,1208,811
24th Jun 25 2025,97,16,5,1,1054,966,1358,661,1112,909
23rd Jun 25 2025,73,19,5,1,843,1179,1208,814,1065,958
20th Jun 25 2025,80,12,7,2,837,1180,1243,774,1050,968
19th Jun 25 2025,18,82,6,1,598,1419,1130,887,1005,1013
18th Jun 25 2025,40,25,4,0,939,1076,1367,648,1119,897
17th Jun 25 2025,49,38,7,1,1026,989,1419,596,1152,864
16th Jun 25 2025,74,16,9,1,1258,760,1517,501,1196,823
13th Jun 25 2025,38,24,17,1,1198,816,1531,483,1169,846
12th Jun 25 2025,38,48,23,0,1436,577,1608,405,1225,789
11th Jun 25 2025,112,19,28,0,1658,353,1720,291,1301,711
10th Jun 25 2025,106,10,32,1,1652,359,1697,314,1281,731
9th Jun 25 2025,158,10,25,0,1638,376,1680,334,1258,757
6th Jun 25 2025,117,18,22,0,1505,507,1589,423,1177,836
5th Jun 25 2025,116,6,15,0,1465,547,1520,492,1128,885
4th Jun 25 2025,99,20,13,0,1382,629,1498,513,1096,916
3rd Jun 25 2025,70,23,17,0,1328,682,1490,520,1071,940
2nd Jun 25 2025,123,47,24,0,1435,575,1524,486,1071,940
30th May 25 2025,92,58,27,0,1454,553,1532,475,1068,940
29th May 25 2025,103,44,34,0,1519,487,1552,454,1105,902
28th May 25 2025,99,31,24,1,1559,446,1565,440,1086,920
27th May 25 2025,80,27,27,1,1604,400,1592,413,1093,912
26th May 25 2025,115,40,19,0,1646,361,1629,379,1075,933
23rd May 25 2025,84,29,23,1,1652,351,1618,386,1055,949
22nd May 25 2025,71,38,26,1,1629,374,1586,418,1016,988
21st May 25 2025,84,37,30,1,1691,311,1611,392,1023,980
20th May 25 2025,58,73,55,1,1665,337,1598,405,989,1014
19th May 25 2025,181,29,82,0,1786,219,1702,304,1056,950
16th May 25 2025,194,26,157,0,1773,229,1660,343,1003,1000
15th May 25 2025,154,26,87,0,1727,274,1561,441,937,1065
14th May 25 2025,208,10,43,1,1711,289,1492,509,868,1133
13th May 25 2025,165,17,33,1,1601,399,1306,695,782,1219
12th May 25 2025,978,9,14,2,1463,539,1173,830,736,1267
9th May 25 2025,43,46,8,4,544,1456,650,1351,520,1481
8th May 25 2025,49,39,5,3,640,1362,684,1318,536,1466
7th May 25 2025,87,23,4,5,792,1209,806,1195,583,1418
6th May 25 2025,14,319,5,3,680,1320,710,1290,533,1467
5th May 25 2025,133,22,11,3,1078,923,945,1056,649,1352
2nd May 25 2025,39,34,6,4,824,1177,829,1172,602,1399
30th Apr 25 2025,16,107,7,5,884,1115,837,1162,605,1394
29th Apr 25 2025,55,28,10,2,1241,758,1052,947,665,1334
28th Apr 25 2025,64,37,18,2,1292,709,1081,920,678,1323
25th Apr 25 2025,20,363,18,1,1306,692,1050,948,657,1341
24th Apr 25 2025,87,29,29,2,1767,233,1426,574,778,1222
23rd Apr 25 2025,97,15,43,2,1789,211,1403,597,786,1214
22nd Apr 25 2025,138,15,73,2,1786,213,1391,608,769,1230
21st Apr 25 2025,186,12,103,2,1771,229,1307,693,742,1258
17th Apr 25 2025,87,13,42,2,1645,352,1116,881,658,1339
16th Apr 25 2025,147,14,69,2,1642,355,1053,944,615,1382
15th Apr 25 2025,450,6,16,1,1513,484,910,1087,564,1433
11th Apr 25 2025,313,5,6,3,920,1075,579,1416,447,1548
9th Apr 25 2025,40,94,6,18,510,1482,401,1591,362,1630
8th Apr 25 2025,263,13,7,8,567,1427,443,1551,377,1617
7th Apr 25 2025,5,831,14,17,300,1694,292,1702,303,1691
4th Apr 25 2025,30,466,23,8,803,1190,558,1435,447,1546
3rd Apr 25 2025,206,23,30,3,1426,567,880,1113,552,1441
9th Apr 26 2026,101,29,104,1,1820,337,1014,1143,556,1601
8th Apr 26 2026,903,13,413,1,1903,257,1023,1137,549,1611
7th Apr 26 2026,130,10,65,4,1097,1064,535,1626,425,1736
6th Apr 26 2026,222,13,24,5,937,1225,460,1702,410,1752
2nd Apr 26 2026,182,24,18,6,642,1520,370,1792,373,1789
1st Apr 26 2026,1148,9,11,6,484,1678,333,1829,381,1781
30th Mar 26 2026,31,752,6,40,196,1967,207,1956,310,1853
27th Mar 26 2026,33,644,8,12,289,1872,249,1912,360,1801
25th Mar 26 2026,219,18,6,6,486,1675,329,1832,393,1768
24th Mar 26 2026,294,29,7,8,273,1888,245,1916,350,1811
23rd Mar 26 2026,6,980,5,5,148,2015,170,1993,298,1865
20th Mar 26 2026,102,26,15,4,374,1787,324,1837,397,1764
19th Mar 26 2026,18,304,6,2,269,1892,252,1909,378,1783
18th Mar 26 2026,328,8,8,2,506,1655,394,1767,450,1711
17th Mar 26 2026,100,17,7,7,261,1900,304,1857,407,1754
16th Mar 26 2026,42,123,6,6,193,1970,256,1907,379,1784
13th Mar 26 2026,20,381,9,6,218,1943,296,1865,384,1777
12th Mar 26 2026,60,49,11,5,436,1725,421,1740,448,1713
11th Mar 26 2026,78,53,11,4,442,1720,432,1730,468,1694
10th Mar 26 2026,282,15,11,4,451,1710,441,1721,478,1684
9th Mar 26 2026,28,289,6,13,275,1887,335,1828,416,1747
6th Mar 26 2026,61,39,4,7,395,1766,454,1708,503,1659
5th Mar 26 2026,115,18,9,2,405,1756,471,1691,513,1649
4th Mar 26 2026,49,266,8,3,293,1868,405,1757,469,1693
2nd Mar 26 2026,61,270,6,4,445,1717,493,1670,564,1599
27th Feb 26 2026,44,61,8,1,693,1467,689,1472,671,1490
26th Feb 26 2026,68,20,9,5,835,1325,762,1399,707,1454
25th Feb 26 2026,56,44,5,4,789,1371,745,1416,700,1461
24th Feb 26 2026,25,96,9,3,702,1458,676,1485,688,1473
23rd Feb 26 2026,64,50,6,2,862,1300,787,1376,720,1443
20th Feb 26 2026,50,30,9,5,836,1324,774,1387,711,1450
19th Feb 26 2026,36,55,9,5,805,1355,759,1402,708,1453
18th Feb 26 2026,72,17,6,5,1100,1060,932,1229,777,1384
17th Feb 26 2026,111,18,8,3,1037,1123,870,1291,754,1407
16th Feb 26 2026,54,108,12,4,931,1231,782,1381,731,1432
13th Feb 26 2026,35,167,22,1,967,1193,794,1367,728,1433
12th Feb 26 2026,62,104,27,1,1319,841,1030,1131,795,1365
11th Feb 26 2026,92,67,14,2,1503,657,1125,1036,824,1337
10th Feb 26 2026,141,38,34,1,1584,575,1155,1005,823,1337
9th Feb 26 2026,394,19,53,1,1524,638,1074,1089,809,1354
6th Feb 26 2026,59,77,30,3,1127,1033,773,1388,687,1474
5th Feb 26 2026,56,93,35,6,1165,995,782,1379,696,1465
4th Feb 26 2026,244,55,45,18,1351,809,847,1314,729,1432
3rd Feb 26 2026,530,12,28,18,1144,1017,750,1411,708,1453
2nd Feb 26 2026,78,76,16,19,454,1708,372,1790,535,1627
1st Feb 26 2026,62,240,9,4,438,1724,362,1800,495,1667
30th Jan 26 2026,173,99,16,6,673,1487,497,1663,606,1554
29th Jan 26 2026,143,62,26,5,537,1623,434,1726,574,1586
28th Jan 26 2026,354,21,13,6,542,1617,426,1733,561,1598
27th Jan 26 2026,103,76,4,11,310,1852,324,1838,488,1674
23rd Jan 26 2026,58,211,2,6,276,1883,295,1864,481,1678
22nd Jan 26 2026,186,55,3,4,364,1795,372,1787,550,1609
21st Jan 26 2026,58,152,21,2,232,1926,291,1867,491,1667
20th Jan 26 2026,30,383,25,1,255,1902,317,1840,526,1631
19th Jan 26 2026,43,93,29,2,452,1707,476,1683,629,1530
16th Jan 26 2026,72,33,27,2,537,1618,538,1617,679,1476
14th Jan 26 2026,85,21,7,1,525,1629,556,1598,693,1461
13th Jan 26 2026,72,17,5,1,487,1667,527,1627,680,1474
12th Jan 26 2026,61,75,6,3,426,1731,506,1651,672,1485
9th Jan 26 2026,17,104,4,3,430,1722,539,1613,690,1462
8th Jan 26 2026,16,140,7,3,670,1483,702,1451,775,1378
7th Jan 26 2026,69,18,14,3,1066,1087,918,1235,862,1291
6th Jan 26 2026,45,28,16,1,1029,1123,881,1271,847,1305
5th Jan 26 2026,64,38,15,1,1147,1007,941,1213,873,1281
2nd Jan 26 2026,104,11,12,1,1325,826,960,1191,875,1276
1st Jan 26 2026,64,16,9,2,1081,1071,832,1320,820,1332
31st Dec 25 2025,84,15,7,2,1054,1096,808,1342,816,1334
30th Dec 25 2025,58,36,9,2,774,1374,688,1460,765,1383
29th Dec 25 2025,45,49,13,0,755,1397,717,1435,769,1383
26th Dec 25 2025,63,20,19,0,932,1217,768,1381,798,1351
24th Dec 25 2025,57,15,13,0,1088,1060,806,1342,816,1332
23rd Dec 25 2025,67,16,9,2,1135,1013,813,1335,824,1324
22nd Dec 25 2025,116,13,8,1,1018,1132,754,1396,807,1343
19th Dec 25 2025,91,17,9,1,705,1442,645,1502,764,1383
18th Dec 25 2025,40,31,11,1,491,1655,538,1608,720,1426
17th Dec 25 2025,33,57,13,1,497,1647,570,1574,728,1416
16th Dec 25 2025,38,30,14,0,624,1520,619,1525,760,1384
15th Dec 25 2025,79,22,16,1,750,1393,677,1466,783,1360
12th Dec 25 2025,100,11,9,3,700,1438,655,1484,765,1374
11th Dec 25 2025,78,16,6,3,505,1632,564,1573,730,1408
10th Dec 25 2025,54,29,7,2,389,1744,480,1653,714,1420
9th Dec 25 2025,134,15,1,2,426,1707,517,1616,719,1415
8th Dec 25 2025,18,244,3,3,321,1814,464,1671,691,1445
5th Dec 25 2025,32,37,3,3,545,1587,623,1509,789,1344
4th Dec 25 2025,31,28,3,4,535,1597,644,1488,797,1336
3rd Dec 25 2025,18,42,1,3,538,1593,642,1489,814,1318
2nd Dec 25 2025,28,35,5,2,652,1479,714,1417,833,1299
1st Dec 25 2025,65,38,6,3,735,1397,750,1383,859,1274
28th Nov 25 2025,58,21,2,3,759,1368,768,1360,865,1263
27th Nov 25 2025,54,20,2,3,745,1379,760,1365,858,1267
26th Nov 25 2025,86,14,3,2,750,1373,765,1359,872,1252
25th Nov 25 2025,72,13,5,3,559,1563,648,1476,820,1304
24th Nov 25 2025,35,137,6,6,519,1606,626,1500,798,1328
21st Nov 25 2025,32,36,6,4,609,1510,699,1422,854,1267
20th Nov 25 2025,40,24,9,4,765,1354,825,1295,893,1227
19th Nov 25 2025,42,42,7,3,791,1326,831,1287,912,1206
18th Nov 25 2025,39,38,12,3,780,1335,840,1276,913,1203
17th Nov 25 2025,97,50,11,2,946,1172,915,1204,960,1159
14th Nov 25 2025,76,44,12,2,877,1235,882,1231,937,1176
13th Nov 25 2025,72,49,12,2,859,1251,878,1233,964,1147
12th Nov 25 2025,106,28,8,2,895,1213,910,1199,972,1137
11th Nov 25 2025,70,53,8,8,748,1362,820,1291,931,1180
10th Nov 25 2025,85,88,12,7,747,1364,821,1291,933,1179
7th Nov 25 2025,76,40,12,3,673,1434,817,1290,931,1176
6th Nov 25 2025,46,148,14,4,610,1496,814,1292,918,1188
4th Nov 25 2025,40,29,15,2,886,1219,977,1128,1020,1085
3rd Nov 25 2025,101,39,17,2,1104,1004,1091,1017,1062,1046
31st Oct 25 2025,45,31,12,1,984,1116,1024,1076,1031,1069
30th Oct 25 2025,52,25,10,2,1138,962,1106,994,1063,1037
29th Oct 25 2025,89,25,11,0,1175,924,1113,986,1074,1025
28th Oct 25 2025,62,31,13,1,1009,1095,1008,1096,1035,1069
27th Oct 25 2025,80,38,20,2,1034,1077,1020,1091,1057,1054
24th Oct 25 2025,51,28,19,3,995,1109,986,1118,1021,1083
23rd Oct 25 2025,82,48,21,3,1083,1021,1026,1078,1046,1058
21st Oct 25 2025,58,2,24,0,1135,968,1037,1066,1052,1051
20th Oct 25 2025,97,44,15,3,948,1162,924,1186,1007,1103
17th Oct 25 2025,46,42,12,1,856,1245,868,1233,973,1128
16th Oct 25 2025,80,35,13,2,943,1155,931,1167,1006,1092
15th Oct 25 2025,89,28,13,2,839,1259,881,1217,972,1126
14th Oct 25 2025,44,66,24,3,685,1411,790,1306,934,1162
13th Oct 25 2025,55,46,18,4,868,1232,914,1186,999,1101
10th Oct 25 2025,87,26,21,3,1018,1076,986,1108,1038,1056
9th Oct 25 2025,94,39,33,5,921,1175,936,1160,1013,1083
8th Oct 25 2025,79,26,31,2,830,1263,885,1208,997,1096
7th Oct 25 2025,63,33,23,1,916,1175,941,1150,1013,1078
6th Oct 25 2025,83,36,19,1,947,1144,954,1137,1012,1079
3rd Oct 25 2025,128,13,11,1,918,1170,935,1153,1028,1061
1st Oct 25 2025,127,9,12,1,697,1388,796,1289,970,1116
30th Sep 25 2025,44,29,8,2,492,1587,622,1457,888,1192
29th Sep 25 2025,65,64,14,3,460,1622,631,1451,885,1198
26th Sep 25 2025,15,115,19,1,454,1619,619,1454,891,1183
25th Sep 25 2025,43,38,22,1,754,1318,902,1170,1016,1057
24th Sep 25 2025,55,29,20,2,950,1121,1064,1007,1080,992
23rd Sep 25 2025,68,24,22,2,1126,944,1168,902,1122,949
22nd Sep 25 2025,81,40,26,2,1227,849,1213,864,1163,914
19th Sep 25 2025,72,20,21,1,1408,662,1310,762,1186,886
18th Sep 25 2025,59,17,20,1,1456,613,1317,753,1179,891
17th Sep 25 2025,78,18,25,1,1470,596,1312,755,1176,891
16th Sep 25 2025,80,14,18,1,1408,658,1257,810,1147,920
15th Sep 25 2025,91,19,17,1,1325,745,1135,936,1097,974
12th Sep 25 2025,58,12,19,0,1230,836,1084,983,1062,1005
11th Sep 25 2025,58,23,26,0,1232,834,1073,994,1050,1017
10th Sep 25 2025,96,20,18,0,1217,849,1058,1009,1052,1015
9th Sep 25 2025,69,29,25,0,1026,1039,916,1150,994,1072
8th Sep 25 2025,131,18,32,1,1013,1055,902,1167,1002,1067
5th Sep 25 2025,88,12,27,1,914,1150,868,1197,962,1103
4th Sep 25 2025,51,30,19,2,951,1114,863,1203,980,1086
3rd Sep 25 2025,113,13,16,0,1055,1008,915,1149,996,1068
2nd Sep 25 2025,122,23,11,1,875,1187,792,1272,955,1109
1st Sep 25 2025,129,17,11,3,737,1328,707,1359,917,1149
29th Aug 25 2025,52,25,8,2,516,1544,577,1484,833,1228
28th Aug 25 2025,29,63,6,2,529,1530,594,1466,849,1211
26th Aug 25 2025,30,63,11,3,636,1418,694,1361,910,1145
25th Aug 25 2025,74,35,23,1,950,1108,898,1161,1008,1051
22nd Aug 25 2025,53,18,22,0,920,1133,903,1151,993,1061
21st Aug 25 2025,60,20,20,0,1030,1024,967,1088,1009,1046
20th Aug 25 2025,109,11,19,1,1014,1037,958,1094,1005,1047
19th Aug 25 2025,126,15,18,1,959,1091,907,1144,999,1052
18th Aug 25 2025,151,33,19,2,787,1267,811,1244,952,1103
14th Aug 25 2025,48,74,16,3,551,1496,644,1403,882,1166
13th Aug 25 2025,112,49,11,5,602,1445,684,1363,921,1127
12th Aug 25 2025,78,51,6,5,502,1545,618,1430,891,1157
11th Aug 25 2025,90,65,6,4,445,1603,606,1443,879,1170
8th Aug 25 2025,50,76,8,4,373,1676,552,1497,849,1200
7th Aug 25 2025,54,53,8,5,445,1604,639,1410,930,1119
6th Aug 25 2025,40,73,8,5,463,1584,644,1403,945,1102
5th Aug 25 2025,48,41,9,5,575,1469,738,1306,1001,1043
4th Aug 25 2025,96,48,13,4,581,1465,785,1261,1027,1019
1st Aug 25 2025,36,118,10,0,448,1593,714,1327,980,1061
31st Jul 25 2025,54,47,10,1,583,1455,868,1170,1077,961
30th Jul 25 2025,93,33,10,1,681,1352,984,1049,1113,920
29th Jul 25 2025,119,18,10,1,611,1423,952,1081,1104,930
28th Jul 25 2025,38,119,10,4,496,1543,807,1232,1048,991
25th Jul 25 2025,24,88,10,3,636,1396,1008,1025,1136,897
24th Jul 25 2025,46,36,12,2,962,1071,1307,726,1269,763
23rd Jul 25 2025,53,28,15,2,1090,942,1361,671,1288,744
22nd Jul 25 2025,58,22,16,2,1045,985,1377,654,1281,750
21st Jul 25 2025,71,34,15,3,1140,895,1435,600,1293,742
18th Jul 25 2025,52,18,15,1,1164,865,1473,556,1309,720
17th Jul 25 2025,66,15,16,1,1332,696,1555,473,1336,692
16th Jul 25 2025,88,13,12,0,1337,691,1558,470,1323,705
15th Jul 25 2025,103,8,9,0,1262,766,1498,530,1290,738
14th Jul 25 2025,72,21,16,1,1004,1027,1366,665,1215,816
11th Jul 25 2025,43,15,6,0,995,1032,1401,626,1213,814
10th Jul 25 2025,69,10,11,1,1219,804,1509,514,1267,756
9th Jul 25 2025,76,8,10,1,1253,768,1512,510,1256,766
8th Jul 25 2025,57,16,13,1,1221,803,1497,527,1251,773
7th Jul 25 2025,66,27,20,1,1275,752,1523,504,1264,763
4th Jul 25 2025,67,15,19,1,1379,646,1573,452,1276,749
3rd Jul 25 2025,73,14,20,1,1364,659,1546,477,1261,762
2nd Jul 25 2025,58,21,21,1,1349,671,1536,484,1234,786
1st Jul 25 2025,84,22,27,0,1446,570,1570,446,1246,770
30th Jun 25 2025,116,17,29,0,1478,539,1574,443,1258,759
27th Jun 25 2025,89,14,23,0,1429,584,1540,473,1241,772
26th Jun 25 2025,64,12,22,0,1364,650,1519,495,1208,806
25th Jun 25 2025,154,6,10,0,1362,651,1516,497,1206,807
24th Jun 25 2025,97,16,5,1,1052,962,1354,659,1110,905
23rd Jun 25 2025,73,18,5,1,841,1175,1206,810,1064,953
20th Jun 25 2025,80,12,7,2,833,1178,1239,772,1049,963
19th Jun 25 2025,16,82,6,1,594,1417,1126,885,1003,1009
18th Jun 25 2025,40,25,4,0,935,1074,1362,647,1118,892
17th Jun 25 2025,48,38,7,1,1022,987,1413,596,1151,859
16th Jun 25 2025,74,16,9,1,1252,760,1511,501,1194,819
13th Jun 25 2025,38,24,17,1,1192,816,1525,483,1167,842
12th Jun 25 2025,37,47,22,0,1430,577,1602,405,1223,785
11th Jun 25 2025,112,19,27,0,1652,353,1715,290,1299,707
10th Jun 25 2025,105,10,31,1,1647,358,1693,312,1279,727
9th Jun 25 2025,157,10,25,0,1633,375,1676,332,1256,753
6th Jun 25 2025,117,18,22,0,1500,506,1586,420,1176,831
5th Jun 25 2025,116,6,15,0,1460,546,1517,489,1127,880
4th Jun 25 2025,99,20,13,0,1378,627,1496,509,1095,911
3rd Jun 25 2025,70,23,17,0,1324,680,1487,517,1070,935
2nd Jun 25 2025,123,47,24,0,1432,572,1521,483,1070,935
30th May 25 2025,92,58,27,0,1450,551,1530,471,1067,935
29th May 25 2025,103,44,34,0,1516,484,1550,450,1104,897
28th May 25 2025,99,31,24,1,1555,444,1563,436,1085,915
27th May 25 2025,80,26,27,1,1601,397,1589,410,1092,907
26th May 25 2025,115,40,19,0,1640,361,1625,377,1074,928
23rd May 25 2025,83,29,23,1,1647,350,1615,383,1054,944
22nd May 25 2025,71,37,26,1,1624,373,1584,414,1015,983
21st May 25 2025,83,37,30,1,1687,309,1608,389,1022,975
20th May 25 2025,57,73,55,1,1661,335,1597,400,988,1009
19th May 25 2025,181,29,82,0,1783,216,1700,300,1055,945
16th May 25 2025,194,26,157,0,1769,227,1658,339,1002,995
15th May 25 2025,154,26,87,0,1722,273,1558,438,936,1060
14th May 25 2025,208,10,43,1,1708,286,1489,506,867,1128
13th May 25 2025,165,17,33,1,1600,394,1306,689,781,1214
12th May 25 2025,976,9,14,2,1462,534,1173,824,735,1262
9th May 25 2025,43,45,8,4,544,1450,650,1345,519,1476
8th May 25 2025,49,39,5,3,639,1357,683,1313,535,1461
7th May 25 2025,87,23,4,5,790,1205,806,1189,582,1413
6th May 25 2025,13,319,5,3,678,1316,709,1285,532,1462
5th May 25 2025,133,22,11,3,1077,918,944,1051,648,1347
2nd May 25 2025,39,34,6,4,822,1173,828,1167,601,1394
30th Apr 25 2025,16,107,7,5,881,1112,834,1159,604,1389
29th Apr 25 2025,55,27,10,2,1239,754,1051,942,664,1329
28th Apr 25 2025,63,37,18,2,1290,705,1080,915,677,1318
25th Apr 25 2025,20,361,18,1,1304,688,1049,943,656,1336
24th Apr 25 2025,87,28,29,2,1763,231,1423,571,777,1217
23rd Apr 25 2025,94,15,43,2,1785,209,1400,594,785,1209
22nd Apr 25 2025,137,15,73,2,1781,212,1388,605,768,1225
21st Apr 25 2025,186,12,103,2,1766,228,1306,688,741,1253
17th Apr 25 2025,87,13,42,2,1642,349,1116,875,657,1334
16th Apr 25 2025,147,14,69,2,1639,352,1052,939,614,1377
15th Apr 25 2025,450,6,16,1,1509,482,909,1082,563,1428
11th Apr 25 2025,313,5,6,3,918,1071,578,1411,446,1543
9th Apr 25 2025,40,94,6,18,509,1477,400,1586,361,1625
8th Apr 25 2025,263,13,7,8,566,1422,442,1546,376,1612
7th Apr 25 2025,5,828,14,17,300,1688,292,1696,302,1686
4th Apr 25 2025,30,466,23,8,801,1186,558,1429,446,1541
3rd Apr 25 2025,206,23,30,3,1423,564,879,1108,551,1436
2nd Apr 25 2025,163,11,11,2,1264,722,754,1232,507,1479
8th Apr 26 2026,921,14,416,1,1905,247,1031,1121,539,1613
7th Apr 26 2026,129,10,65,4,1095,1062,534,1623,424,1733
6th Apr 26 2026,222,13,24,5,936,1222,459,1699,409,1749
2nd Apr 26 2026,180,24,18,6,641,1517,370,1788,373,1785
1st Apr 26 2026,1148,9,11,6,484,1674,333,1825,381,1777
30th Mar 26 2026,31,750,6,40,196,1963,207,1952,310,1849
27th Mar 26 2026,33,644,8,12,288,1869,249,1908,360,1797
25th Mar 26 2026,219,18,6,6,485,1672,329,1828,393,1764
24th Mar 26 2026,294,27,7,8,272,1885,245,1912,350,1807
23rd Mar 26 2026,6,979,5,5,146,2013,168,1991,298,1861
20th Mar 26 2026,101,26,14,4,372,1785,322,1835,396,1761
19th Mar 26 2026,17,304,6,2,268,1889,251,1906,377,1780
18th Mar 26 2026,325,8,8,2,504,1653,393,1764,450,1707
17th Mar 26 2026,99,17,7,7,261,1896,304,1853,407,1750
16th Mar 26 2026,41,123,6,6,193,1966,256,1903,379,1780
13th Mar 26 2026,20,381,9,6,217,1940,296,1861,384,1773
12th Mar 26 2026,60,49,11,5,435,1722,421,1736,448,1709
11th Mar 26 2026,77,53,11,4,441,1717,431,1727,468,1690
10th Mar 26 2026,282,15,11,4,450,1707,441,1717,478,1680
9th Mar 26 2026,28,288,6,13,274,1884,335,1824,416,1743
6th Mar 26 2026,61,39,4,7,395,1762,454,1704,502,1656
5th Mar 26 2026,115,18,9,2,405,1752,471,1687,512,1646
4th Mar 26 2026,49,265,8,3,293,1864,405,1753,469,1689
2nd Mar 26 2026,61,270,6,4,445,1713,493,1666,563,1596
27th Feb 26 2026,44,61,8,1,693,1463,689,1468,670,1487
26th Feb 26 2026,68,20,9,5,835,1321,762,1395,706,1451
25th Feb 26 2026,56,44,5,4,789,1367,745,1412,699,1458
24th Feb 26 2026,25,96,9,3,701,1455,676,1481,687,1470
23rd Feb 26 2026,63,49,6,2,861,1297,787,1372,719,1440
20th Feb 26 2026,50,30,9,5,834,1322,774,1383,710,1447
19th Feb 26 2026,36,54,9,5,805,1351,760,1397,708,1449
18th Feb 26 2026,71,16,6,5,1097,1059,932,1225,776,1381
17th Feb 26 2026,111,18,8,3,1036,1120,870,1287,753,1404
16th Feb 26 2026,54,108,12,4,930,1228,782,1377,730,1429
13th Feb 26 2026,35,166,22,1,966,1190,794,1363,726,1431
12th Feb 26 2026,62,104,27,1,1316,840,1029,1128,793,1363
11th Feb 26 2026,92,67,14,2,1500,656,1123,1034,822,1335
10th Feb 26 2026,139,38,34,1,1581,574,1153,1003,822,1334
9th Feb 26 2026,393,19,53,1,1523,635,1073,1086,809,1350
6th Feb 26 2026,59,76,30,3,1126,1030,773,1384,686,1471
5th Feb 26 2026,56,92,35,6,1163,993,780,1377,695,1462
4th Feb 26 2026,244,55,45,18,1349,807,845,1312,728,1429
3rd Feb 26 2026,530,12,28,18,1143,1014,749,1408,708,1449
2nd Feb 26 2026,78,76,16,19,453,1705,371,1787,534,1624
1st Feb 26 2026,61,238,9,4,437,1721,361,1797,494,1664
30th Jan 26 2026,172,99,15,6,673,1483,497,1659,606,1550
29th Jan 26 2026,143,62,25,5,536,1620,433,1723,574,1582
28th Jan 26 2026,353,20,12,6,542,1613,426,1729,561,1594
27th Jan 26 2026,101,76,4,11,309,1849,323,1835,487,1671
23rd Jan 26 2026,57,211,2,6,275,1880,295,1860,481,1674
22nd Jan 26 2026,185,55,3,4,364,1791,372,1783,550,1605
21st Jan 26 2026,58,150,21,2,232,1922,291,1863,490,1664
20th Jan 26 2026,30,383,25,1,255,1898,317,1836,526,1627
19th Jan 26 2026,43,93,29,2,453,1702,477,1678,628,1527
16th Jan 26 2026,72,32,27,2,536,1615,538,1613,677,1474
14th Jan 26 2026,85,21,7,1,524,1626,556,1594,691,1459
13th Jan 26 2026,72,17,5,1,486,1664,527,1623,678,1472
12th Jan 26 2026,61,75,6,3,426,1727,506,1647,670,1483
9th Jan 26 2026,17,104,4,3,429,1719,539,1609,688,1460
8th Jan 26 2026,16,140,7,3,670,1479,702,1447,773,1376
7th Jan 26 2026,69,18,14,3,1066,1083,918,1231,860,1289
6th Jan 26 2026,45,27,16,1,1028,1120,881,1267,845,1303
5th Jan 26 2026,64,38,15,1,1144,1006,938,1212,870,1280
2nd Jan 26 2026,103,11,12,1,1322,825,957,1190,872,1275
1st Jan 26 2026,64,16,9,2,1080,1068,831,1317,818,1330
31st Dec 25 2025,84,15,7,2,1054,1092,809,1337,815,1331
30th Dec 25 2025,58,35,9,2,775,1369,689,1455,764,1380
29th Dec 25 2025,45,48,13,0,754,1394,717,1431,768,1380
26th Dec 25 2025,63,19,19,0,930,1215,768,1377,797,1348
24th Dec 25 2025,57,15,13,0,1086,1058,805,1339,815,1329
23rd Dec 25 2025,66,16,9,2,1134,1010,812,1332,823,1321
22nd Dec 25 2025,115,13,8,1,1017,1129,753,1393,806,1340
19th Dec 25 2025,91,17,9,1,704,1439,644,1499,763,1380
18th Dec 25 2025,40,31,11,1,491,1651,539,1603,719,1423
17th Dec 25 2025,33,57,13,1,496,1644,569,1571,727,1413
16th Dec 25 2025,38,29,14,0,624,1516,620,1520,759,1381
15th Dec 25 2025,79,21,16,1,749,1390,676,1463,781,1358
12th Dec 25 2025,100,11,9,3,698,1436,654,1481,763,1372
11th Dec 25 2025,77,16,5,3,503,1630,562,1571,728,1406
10th Dec 25 2025,54,29,7,2,388,1741,479,1650,712,1418
9th Dec 25 2025,134,15,1,2,425,1704,516,1613,717,1413
8th Dec 25 2025,18,244,3,3,321,1810,465,1666,690,1442
5th Dec 25 2025,32,37,3,3,545,1583,623,1505,787,1342
4th Dec 25 2025,31,28,3,4,535,1593,644,1484,795,1334
3rd Dec 25 2025,18,42,1,3,538,1589,642,1485,812,1316
2nd Dec 25 2025,28,35,5,2,652,1475,714,1413,831,1297
1st Dec 25 2025,65,38,6,3,734,1394,748,1381,857,1272
28th Nov 25 2025,58,20,2,3,759,1364,768,1356,863,1261
27th Nov 25 2025,54,20,2,3,745,1376,759,1363,857,1265
26th Nov 25 2025,85,13,3,2,751,1369,764,1357,871,1250
25th Nov 25 2025,72,13,5,3,558,1561,647,1474,819,1302
24th Nov 25 2025,35,137,6,6,519,1603,626,1497,797,1326
21st Nov 25 2025,32,36,6,4,609,1507,698,1420,852,1266
20th Nov 25 2025,39,24,9,4,764,1352,824,1293,891,1226
19th Nov 25 2025,42,42,7,3,791,1323,830,1285,910,1205
18th Nov 25 2025,39,37,12,3,780,1332,838,1275,911,1202
17th Nov 25 2025,96,50,11,2,945,1170,914,1202,958,1158
14th Nov 25 2025,75,44,12,2,877,1232,881,1229,935,1175
13th Nov 25 2025,72,48,12,2,859,1248,877,1231,962,1146
12th Nov 25 2025,105,28,8,2,894,1211,908,1198,970,1136
11th Nov 25 2025,69,53,7,8,747,1360,819,1289,929,1179
10th Nov 25 2025,83,88,11,7,747,1361,820,1289,931,1178
7th Nov 25 2025,74,39,11,3,672,1432,816,1288,929,1175
6th Nov 25 2025,45,148,13,3,609,1494,813,1290,916,1187
4th Nov 25 2025,39,28,15,1,885,1217,975,1127,1018,1084
3rd Nov 25 2025,100,38,17,1,1104,1001,1089,1016,1060,1045
31st Oct 25 2025,45,30,12,0,984,1113,1022,1075,1029,1068
30th Oct 25 2025,51,24,10,1,1137,960,1104,993,1061,1036
29th Oct 25 2025,89,23,11,0,1174,922,1111,985,1072,1024
28th Oct 25 2025,62,29,13,1,1008,1093,1005,1096,1033,1068
27th Oct 25 2025,80,37,19,2,1033,1075,1018,1090,1055,1053
24th Oct 25 2025,50,27,18,3,994,1107,983,1118,1019,1082
23rd Oct 25 2025,80,48,20,3,1081,1020,1023,1078,1044,1057
21st Oct 25 2025,57,2,23,0,1134,966,1035,1065,1050,1050
20th Oct 25 2025,96,44,14,3,947,1160,922,1185,1005,1102
17th Oct 25 2025,45,42,11,1,854,1244,866,1232,971,1127
16th Oct 25 2025,78,35,13,2,941,1154,928,1167,1004,1091
15th Oct 25 2025,89,28,13,2,838,1257,879,1216,970,1125
14th Oct 25 2025,44,66,24,3,683,1410,787,1306,931,1162
13th Oct 25 2025,55,45,18,4,866,1231,912,1185,997,1100
10th Oct 25 2025,86,26,20,3,1016,1075,984,1107,1036,1055
9th Oct 25 2025,93,39,32,5,919,1174,934,1159,1011,1082
8th Oct 25 2025,78,26,31,2,827,1263,882,1208,994,1096
7th Oct 25 2025,63,33,23,1,913,1175,938,1150,1011,1077
6th Oct 25 2025,83,36,19,1,944,1144,951,1137,1009,1079
3rd Oct 25 2025,128,13,11,1,914,1171,931,1154,1025,1061
1st Oct 25 2025,126,9,12,1,693,1389,792,1290,967,1116
30th Sep 25 2025,44,29,8,2,489,1587,619,1457,885,1192
29th Sep 25 2025,65,64,14,3,457,1622,628,1451,882,1198
26th Sep 25 2025,14,115,18,1,450,1620,615,1455,888,1183
25th Sep 25 2025,41,38,21,1,750,1319,898,1171,1013,1057
24th Sep 25 2025,54,29,19,2,947,1121,1062,1006,1078,991
23rd Sep 25 2025,67,24,21,2,1124,943,1166,901,1120,948
22nd Sep 25 2025,80,40,26,2,1225,848,1211,863,1161,913
19th Sep 25 2025,71,20,21,1,1406,661,1308,761,1184,885
18th Sep 25 2025,57,17,20,1,1454,612,1315,752,1177,890
17th Sep 25 2025,76,18,25,1,1469,594,1311,753,1174,890
16th Sep 25 2025,80,14,18,1,1407,656,1256,808,1145,919
15th Sep 25 2025,90,19,16,1,1323,744,1134,934,1096,972
12th Sep 25 2025,57,12,19,0,1228,835,1083,981,1061,1003
11th Sep 25 2025,57,23,26,0,1230,833,1072,992,1049,1015
10th Sep 25 2025,95,20,18,0,1215,848,1057,1007,1051,1013
9th Sep 25 2025,69,29,25,0,1025,1037,916,1147,993,1070
8th Sep 25 2025,131,17,32,1,1013,1052,901,1165,1000,1066
5th Sep 25 2025,87,12,27,1,912,1149,866,1196,960,1102
4th Sep 25 2025,51,30,19,2,950,1112,862,1201,979,1084
3rd Sep 25 2025,113,13,16,0,1053,1007,914,1147,995,1066
2nd Sep 25 2025,121,23,11,1,874,1185,791,1270,954,1107
1st Sep 25 2025,129,17,11,3,737,1325,707,1356,915,1148
29th Aug 25 2025,51,25,8,2,515,1542,576,1482,831,1227
28th Aug 25 2025,29,62,6,2,529,1527,594,1463,848,1209
26th Aug 25 2025,29,63,11,3,636,1415,694,1358,909,1143
25th Aug 25 2025,74,35,23,1,949,1106,897,1159,1006,1050
22nd Aug 25 2025,53,18,22,0,919,1131,902,1149,991,1060
21st Aug 25 2025,60,20,20,0,1029,1022,967,1085,1008,1044
20th Aug 25 2025,109,10,19,1,1014,1034,957,1092,1003,1046
19th Aug 25 2025,125,14,18,1,958,1089,906,1142,997,1051
18th Aug 25 2025,150,33,18,2,786,1265,810,1242,950,1102
14th Aug 25 2025,47,74,15,3,550,1494,643,1401,880,1165
13th Aug 25 2025,111,49,11,5,601,1443,683,1361,919,1126
12th Aug 25 2025,78,51,6,5,501,1543,617,1428,889,1156
11th Aug 25 2025,89,65,6,4,444,1601,605,1441,877,1169
8th Aug 25 2025,49,76,8,4,372,1674,550,1496,847,1199
7th Aug 25 2025,54,53,8,5,445,1601,639,1407,928,1118
6th Aug 25 2025,40,73,8,5,463,1581,643,1401,943,1101
5th Aug 25 2025,48,41,9,5,574,1467,736,1305,998,1043
4th Aug 25 2025,96,48,13,4,578,1465,782,1261,1024,1019
1st Aug 25 2025,36,118,10,0,447,1592,712,1327,977,1062
31st Jul 25 2025,54,47,10,1,580,1455,865,1170,1075,960
30th Jul 25 2025,93,33,10,1,679,1352,982,1049,1110,921
29th Jul 25 2025,119,18,10,1,609,1422,949,1081,1102,929
28th Jul 25 2025,38,119,10,4,494,1542,803,1233,1046,990
25th Jul 25 2025,24,88,10,3,633,1396,1004,1026,1134,896
24th Jul 25 2025,46,36,12,2,961,1069,1304,726,1268,761
23rd Jul 25 2025,53,28,15,2,1088,941,1359,670,1286,743
22nd Jul 25 2025,58,22,16,2,1043,984,1375,653,1279,749
21st Jul 25 2025,71,34,15,3,1138,893,1433,598,1291,740
18th Jul 25 2025,51,18,15,1,1162,863,1471,554,1307,718
17th Jul 25 2025,65,15,16,1,1330,694,1553,471,1334,690
16th Jul 25 2025,87,13,12,0,1335,689,1555,469,1321,703
15th Jul 25 2025,103,8,9,0,1260,764,1496,528,1288,736
14th Jul 25 2025,72,21,16,1,1002,1025,1363,664,1213,814
11th Jul 25 2025,43,15,6,0,993,1030,1398,625,1211,812
10th Jul 25 2025,69,10,11,1,1217,802,1506,513,1264,755
9th Jul 25 2025,76,8,10,1,1251,766,1509,509,1253,765
8th Jul 25 2025,57,16,13,1,1219,801,1494,526,1248,772
7th Jul 25 2025,66,27,20,1,1273,750,1520,503,1261,762
4th Jul 25 2025,67,15,19,1,1376,645,1570,451,1273,748
3rd Jul 25 2025,73,14,20,1,1361,658,1543,476,1258,761
2nd Jul 25 2025,57,21,21,1,1346,670,1533,483,1231,785
1st Jul 25 2025,83,21,27,0,1443,569,1567,445,1243,769
30th Jun 25 2025,115,17,29,0,1475,538,1571,442,1255,758
27th Jun 25 2025,89,13,23,0,1426,583,1537,472,1238,771
26th Jun 25 2025,63,12,22,0,1361,649,1516,494,1206,804
25th Jun 25 2025,153,6,10,0,1359,650,1513,496,1204,805
24th Jun 25 2025,96,15,5,1,1049,961,1351,658,1108,903
23rd Jun 25 2025,72,18,5,1,839,1173,1204,808,1062,951
20th Jun 25 2025,80,11,7,1,831,1176,1237,770,1047,961
19th Jun 25 2025,16,81,6,0,590,1417,1123,884,1001,1007
18th Jun 25 2025,40,24,4,0,932,1073,1359,646,1116,890
17th Jun 25 2025,48,37,7,1,1019,986,1410,595,1149,857
16th Jun 25 2025,74,15,9,1,1250,758,1509,499,1192,817
13th Jun 25 2025,38,23,16,1,1190,814,1523,481,1165,840
12th Jun 25 2025,36,47,21,0,1428,575,1600,403,1221,783
11th Jun 25 2025,111,19,25,0,1650,351,1713,288,1297,705
10th Jun 25 2025,104,10,30,1,1644,357,1691,310,1277,725
9th Jun 25 2025,156,9,24,0,1631,373,1674,330,1254,751
6th Jun 25 2025,115,18,21,0,1498,504,1584,418,1174,829
5th Jun 25 2025,116,6,15,0,1458,544,1515,487,1126,877
4th Jun 25 2025,99,20,13,0,1376,625,1494,507,1094,908
3rd Jun 25 2025,70,23,17,0,1322,678,1485,515,1069,932
2nd Jun 25 2025,123,47,24,0,1429,571,1519,481,1069,932
30th May 25 2025,92,58,27,0,1446,551,1528,469,1066,932
29th May 25 2025,103,44,34,0,1513,483,1548,448,1103,894
28th May 25 2025,99,31,24,1,1551,444,1561,434,1084,912
27th May 25 2025,80,26,27,1,1597,397,1587,408,1091,904
26th May 25 2025,115,39,19,0,1637,360,1624,374,1073,925
23rd May 25 2025,83,29,23,1,1645,348,1614,380,1053,941
22nd May 25 2025,71,36,26,1,1622,371,1583,411,1014,980
21st May 25 2025,83,37,30,1,1685,307,1607,386,1021,972
20th May 25 2025,57,72,55,1,1659,333,1596,397,987,1006
19th May 25 2025,181,29,82,0,1779,216,1699,297,1054,942
16th May 25 2025,192,26,157,0,1765,227,1656,337,1001,992
15th May 25 2025,152,26,87,0,1720,271,1557,435,936,1056
14th May 25 2025,208,10,43,1,1707,283,1489,502,867,1124
13th May 25 2025,165,17,33,1,1600,390,1306,685,781,1210
12th May 25 2025,976,9,14,2,1461,531,1173,820,735,1258
9th May 25 2025,43,45,8,4,544,1446,650,1341,519,1472
8th May 25 2025,47,39,5,3,639,1353,683,1309,535,1457
7th May 25 2025,86,23,4,4,790,1201,806,1185,582,1409
6th May 25 2025,13,318,5,2,678,1312,709,1281,532,1458
5th May 25 2025,133,21,11,2,1076,915,944,1047,648,1343
2nd May 25 2025,39,32,6,4,822,1169,828,1163,601,1390
30th Apr 25 2025,16,106,7,5,880,1109,833,1156,604,1385
29th Apr 25 2025,55,27,10,2,1238,751,1050,939,664,1325
28th Apr 25 2025,63,37,18,2,1289,702,1079,912,677,1314
25th Apr 25 2025,19,360,18,1,1303,685,1048,940,656,1332
24th Apr 25 2025,87,28,29,2,1761,229,1422,568,777,1213
23rd Apr 25 2025,94,15,43,2,1783,207,1400,590,785,1205
22nd Apr 25 2025,136,15,73,2,1779,210,1388,601,768,1221
21st Apr 25 2025,186,12,103,2,1765,225,1305,685,741,1249
17th Apr 25 2025,87,13,42,2,1640,347,1115,872,657,1330
16th Apr 25 2025,147,14,69,2,1637,350,1050,937,614,1373
15th Apr 25 2025,449,6,16,1,1507,480,909,1078,563,1424
11th Apr 25 2025,312,5,6,3,917,1068,578,1407,446,1539
9th Apr 25 2025,40,93,6,18,509,1474,400,1583,361,1622
8th Apr 25 2025,263,13,7,8,566,1418,442,1542,376,1608
7th Apr 25 2025,5,827,14,17,300,1684,292,1692,302,1682
4th Apr 25 2025,30,465,23,8,801,1182,558,1425,446,1537
3rd Apr 25 2025,206,23,30,3,1422,561,879,1104,551,1432
2nd Apr 25 2025,162,11,11,2,1262,720,754,1228,507,1475
1st Apr 25 2025,298,34,7,4,1056,927,650,1333,443,1540
7th Apr 26 2026,131,9,64,4,1093,1051,528,1616,423,1721
6th Apr 26 2026,222,13,24,5,931,1217,458,1690,409,1739
2nd Apr 26 2026,178,24,18,6,637,1511,369,1779,373,1775
1st Apr 26 2026,1144,9,11,6,481,1667,332,1816,381,1767
30th Mar 26 2026,31,746,6,39,195,1954,206,1943,310,1839
27th Mar 26 2026,33,642,8,12,287,1861,248,1900,360,1788
25th Mar 26 2026,217,18,6,6,483,1665,328,1820,393,1755
24th Mar 26 2026,293,27,7,8,271,1877,245,1903,350,1798
23rd Mar 26 2026,6,975,5,4,145,2004,167,1982,298,1851
20th Mar 26 2026,101,26,14,4,371,1777,322,1826,396,1752
19th Mar 26 2026,17,304,6,2,266,1882,250,1898,377,1771
18th Mar 26 2026,323,8,7,2,502,1646,393,1755,450,1698
17th Mar 26 2026,99,17,6,7,260,1888,303,1845,407,1741
16th Mar 26 2026,40,122,5,5,192,1957,255,1894,379,1770
13th Mar 26 2026,19,381,9,6,215,1933,295,1853,384,1764
12th Mar 26 2026,59,48,11,5,434,1714,420,1728,448,1700
11th Mar 26 2026,76,53,11,4,440,1709,430,1719,468,1681
10th Mar 26 2026,282,15,11,4,449,1699,441,1708,478,1671
9th Mar 26 2026,28,285,6,12,274,1874,335,1814,416,1733
6th Mar 26 2026,60,39,4,7,393,1755,453,1696,502,1647
5th Mar 26 2026,115,18,9,2,404,1744,471,1678,512,1637
4th Mar 26 2026,48,264,8,3,293,1855,404,1745,469,1680
2nd Mar 26 2026,61,265,6,4,445,1703,493,1656,563,1586
27th Feb 26 2026,44,59,8,1,692,1455,689,1459,669,1479
26th Feb 26 2026,68,20,9,5,834,1313,762,1386,705,1443
25th Feb 26 2026,56,44,5,4,788,1359,744,1404,698,1450
24th Feb 26 2026,25,95,9,3,701,1446,676,1472,686,1462
23rd Feb 26 2026,63,47,6,2,860,1288,786,1363,718,1431
20th Feb 26 2026,50,30,9,5,834,1313,774,1374,709,1439
19th Feb 26 2026,36,52,9,5,803,1344,758,1390,706,1442
18th Feb 26 2026,70,16,6,5,1095,1052,930,1218,774,1374
17th Feb 26 2026,111,18,8,3,1035,1112,869,1279,751,1397
16th Feb 26 2026,52,106,12,4,928,1220,781,1368,729,1420
13th Feb 26 2026,35,166,21,1,966,1181,794,1354,725,1423
12th Feb 26 2026,62,104,27,1,1315,832,1028,1120,792,1355
11th Feb 26 2026,93,65,15,2,1497,650,1122,1026,820,1328
10th Feb 26 2026,139,38,32,1,1576,570,1151,996,819,1328
9th Feb 26 2026,391,18,52,1,1518,630,1072,1077,806,1343
6th Feb 26 2026,59,75,29,3,1127,1020,774,1374,686,1462
5th Feb 26 2026,57,91,34,6,1162,985,780,1368,693,1455
4th Feb 26 2026,242,55,45,18,1349,798,845,1303,726,1422
3rd Feb 26 2026,529,12,28,18,1141,1007,748,1400,705,1443
2nd Feb 26 2026,77,76,16,19,452,1697,371,1778,533,1616
1st Feb 26 2026,59,238,8,4,436,1712,359,1789,494,1654
30th Jan 26 2026,171,98,14,6,670,1476,496,1650,603,1543
29th Jan 26 2026,141,62,24,5,534,1612,432,1714,571,1575
28th Jan 26 2026,350,20,12,6,538,1607,424,1721,558,1587
27th Jan 26 2026,100,74,4,10,308,1840,322,1826,485,1663
23rd Jan 26 2026,55,211,2,6,273,1872,295,1850,478,1667
22nd Jan 26 2026,183,55,3,4,364,1781,372,1773,547,1598
21st Jan 26 2026,58,148,21,2,231,1913,291,1853,488,1656
20th Jan 26 2026,30,377,25,1,255,1888,317,1826,523,1620
19th Jan 26 2026,43,90,29,2,450,1695,475,1670,625,1520
16th Jan 26 2026,72,31,27,2,535,1606,534,1607,673,1468
14th Jan 26 2026,83,21,7,1,523,1617,553,1587,687,1453
13th Jan 26 2026,71,17,5,1,485,1655,523,1617,675,1465
12th Jan 26 2026,61,74,6,3,424,1719,503,1640,667,1476
9th Jan 26 2026,17,105,4,3,428,1710,536,1602,685,1453
8th Jan 26 2026,15,140,7,3,667,1472,699,1440,770,1369
7th Jan 26 2026,68,18,14,3,1062,1077,915,1224,858,1281
6th Jan 26 2026,45,27,16,1,1025,1113,878,1260,842,1296
5th Jan 26 2026,64,38,15,1,1141,999,935,1205,867,1273
2nd Jan 26 2026,102,11,12,1,1318,819,954,1183,869,1268
1st Jan 26 2026,64,16,9,2,1077,1061,829,1309,815,1323
31st Dec 25 2025,84,15,7,2,1051,1085,806,1330,813,1323
30th Dec 25 2025,59,35,9,2,775,1359,687,1447,762,1372
29th Dec 25 2025,45,47,13,0,752,1386,715,1423,766,1372
26th Dec 25 2025,63,19,19,0,928,1207,766,1369,795,1340
24th Dec 25 2025,57,15,13,0,1082,1052,803,1331,813,1321
23rd Dec 25 2025,66,16,9,2,1131,1003,809,1325,820,1314
22nd Dec 25 2025,115,13,8,1,1014,1122,750,1386,803,1333
19th Dec 25 2025,91,17,9,1,701,1432,641,1492,760,1373
18th Dec 25 2025,40,31,11,1,492,1640,537,1595,716,1416
17th Dec 25 2025,33,56,13,1,495,1635,568,1562,724,1406
16th Dec 25 2025,38,29,14,0,624,1506,617,1513,756,1374
15th Dec 25 2025,79,21,16,1,746,1383,673,1456,778,1351
12th Dec 25 2025,100,11,9,3,697,1427,652,1473,760,1365
11th Dec 25 2025,77,16,5,3,503,1620,560,1563,725,1399
10th Dec 25 2025,53,29,7,2,388,1731,478,1641,709,1411
9th Dec 25 2025,134,15,1,2,425,1694,514,1605,714,1406
8th Dec 25 2025,18,243,3,3,320,1801,462,1659,686,1436
5th Dec 25 2025,32,36,3,3,541,1577,619,1499,783,1336
4th Dec 25 2025,31,28,3,4,532,1586,640,1478,791,1328
3rd Dec 25 2025,18,42,1,3,536,1581,638,1479,808,1310
2nd Dec 25 2025,28,34,5,2,648,1469,710,1407,827,1291
1st Dec 25 2025,64,38,6,3,729,1389,743,1376,853,1266
28th Nov 25 2025,56,20,2,3,755,1358,764,1350,859,1255
27th Nov 25 2025,53,20,2,3,741,1370,755,1357,854,1258
26th Nov 25 2025,84,13,3,2,747,1363,759,1352,868,1243
25th Nov 25 2025,71,13,5,3,556,1553,643,1468,816,1295
24th Nov 25 2025,35,136,6,6,516,1596,622,1491,794,1319
21st Nov 25 2025,31,35,6,4,605,1501,694,1414,849,1259
20th Nov 25 2025,39,24,9,4,761,1345,821,1286,888,1219
19th Nov 25 2025,42,42,7,3,789,1315,826,1279,906,1199
18th Nov 25 2025,39,37,12,3,776,1326,834,1269,907,1196
17th Nov 25 2025,96,49,11,2,942,1163,909,1197,954,1152
14th Nov 25 2025,75,44,12,2,873,1226,876,1224,931,1169
13th Nov 25 2025,71,48,12,2,854,1243,871,1227,958,1140
12th Nov 25 2025,104,28,8,2,888,1207,903,1193,966,1130
11th Nov 25 2025,68,53,7,8,743,1354,814,1284,925,1173
10th Nov 25 2025,82,88,11,7,744,1354,815,1284,927,1172
7th Nov 25 2025,74,38,11,2,670,1424,811,1283,925,1169
6th Nov 25 2025,45,146,13,2,607,1486,809,1284,912,1181
4th Nov 25 2025,39,28,15,0,882,1210,969,1123,1014,1078
3rd Nov 25 2025,99,37,17,0,1100,995,1084,1011,1056,1039
31st Oct 25 2025,44,30,12,0,980,1108,1017,1071,1025,1063
30th Oct 25 2025,51,23,10,0,1132,956,1098,990,1057,1031
29th Oct 25 2025,88,23,11,0,1168,919,1105,982,1068,1019
28th Oct 25 2025,61,29,13,1,1002,1090,999,1093,1029,1063
27th Oct 25 2025,79,35,19,1,1027,1071,1011,1087,1051,1047
24th Oct 25 2025,50,26,17,3,986,1106,975,1117,1015,1077
23rd Oct 25 2025,78,49,19,3,1073,1019,1015,1077,1040,1052
21st Oct 25 2025,55,2,22,0,1128,963,1029,1062,1046,1045
20th Oct 25 2025,95,43,14,2,942,1155,917,1180,1001,1096
17th Oct 25 2025,45,42,11,1,849,1240,861,1228,967,1122
16th Oct 25 2025,78,35,13,2,935,1151,922,1164,1000,1086
15th Oct 25 2025,89,28,13,2,832,1254,873,1213,966,1120
14th Oct 25 2025,44,66,24,3,680,1404,783,1301,928,1156
13th Oct 25 2025,55,44,18,4,860,1227,905,1182,993,1094
10th Oct 25 2025,86,26,20,3,1009,1073,977,1105,1032,1050
9th Oct 25 2025,91,39,32,5,913,1171,927,1157,1008,1076
8th Oct 25 2025,78,26,31,2,825,1256,879,1202,992,1089
7th Oct 25 2025,63,33,23,1,910,1169,934,1145,1008,1071
6th Oct 25 2025,83,35,19,1,940,1138,946,1132,1007,1071
3rd Oct 25 2025,128,13,11,1,910,1166,928,1148,1023,1054
1st Oct 25 2025,126,9,12,1,691,1382,789,1284,965,1109
30th Sep 25 2025,43,29,8,2,487,1580,616,1451,883,1185
29th Sep 25 2025,65,63,14,3,456,1613,624,1445,881,1189
26th Sep 25 2025,14,115,18,1,449,1612,614,1447,886,1176
25th Sep 25 2025,41,37,21,1,749,1311,896,1164,1011,1050
24th Sep 25 2025,54,29,19,2,944,1115,1058,1001,1074,986
23rd Sep 25 2025,67,24,21,2,1119,939,1160,898,1116,943
22nd Sep 25 2025,80,39,26,2,1217,846,1204,860,1157,907
19th Sep 25 2025,71,20,21,1,1399,659,1302,758,1179,881
18th Sep 25 2025,57,18,20,1,1447,610,1309,749,1173,885
17th Sep 25 2025,76,18,24,1,1461,593,1303,752,1169,886
16th Sep 25 2025,81,14,17,1,1399,655,1248,807,1140,915
15th Sep 25 2025,89,18,14,1,1314,743,1128,930,1091,967
12th Sep 25 2025,55,12,17,0,1218,835,1076,978,1057,997
11th Sep 25 2025,54,23,24,0,1221,832,1065,989,1045,1009
10th Sep 25 2025,94,20,18,0,1209,844,1053,1001,1048,1006
9th Sep 25 2025,69,27,25,0,1019,1033,913,1140,990,1063
8th Sep 25 2025,127,17,32,1,1006,1049,894,1162,998,1058
5th Sep 25 2025,87,12,27,1,907,1144,862,1190,958,1094
4th Sep 25 2025,51,30,19,2,946,1106,859,1194,976,1077
3rd Sep 25 2025,112,12,15,0,1049,1001,910,1141,992,1059
2nd Sep 25 2025,121,23,11,1,870,1179,787,1264,951,1100
1st Sep 25 2025,129,15,11,2,733,1319,704,1349,913,1140
29th Aug 25 2025,50,24,8,2,513,1535,574,1475,829,1220
28th Aug 25 2025,29,62,6,2,526,1521,591,1457,846,1202
26th Aug 25 2025,28,63,11,3,632,1410,690,1353,906,1137
25th Aug 25 2025,74,34,23,0,944,1101,893,1153,1005,1041
22nd Aug 25 2025,53,19,22,0,913,1128,898,1144,990,1052
21st Aug 25 2025,61,20,20,0,1024,1018,963,1080,1006,1037
20th Aug 25 2025,108,10,19,1,1009,1030,953,1087,1002,1038
19th Aug 25 2025,125,14,18,1,955,1083,904,1135,996,1043
18th Aug 25 2025,148,32,17,1,782,1259,806,1236,949,1093
14th Aug 25 2025,46,74,15,3,550,1485,643,1392,880,1156
13th Aug 25 2025,112,49,11,5,601,1434,683,1352,918,1118
12th Aug 25 2025,78,51,6,5,500,1535,617,1419,889,1147
11th Aug 25 2025,88,64,6,3,443,1592,604,1432,876,1160
8th Aug 25 2025,49,75,8,4,373,1664,551,1486,846,1191
7th Aug 25 2025,53,52,8,5,446,1591,639,1398,928,1109
6th Aug 25 2025,40,73,8,5,463,1572,642,1393,942,1093
5th Aug 25 2025,49,40,9,5,574,1458,735,1297,996,1036
4th Aug 25 2025,96,47,13,4,578,1455,781,1252,1022,1011
1st Aug 25 2025,35,118,10,0,446,1584,712,1318,976,1054
31st Jul 25 2025,53,47,10,1,579,1447,864,1162,1073,953
30th Jul 25 2025,93,33,10,1,679,1343,982,1040,1108,914
29th Jul 25 2025,119,18,10,1,610,1412,949,1072,1101,921
28th Jul 25 2025,38,118,10,4,495,1531,804,1222,1045,981
25th Jul 25 2025,24,89,10,3,634,1386,1004,1017,1133,888
24th Jul 25 2025,47,36,12,2,960,1061,1303,718,1265,755
23rd Jul 25 2025,53,28,15,2,1088,932,1358,662,1284,736
22nd Jul 25 2025,58,22,16,2,1044,974,1373,646,1277,742
21st Jul 25 2025,71,33,15,3,1135,887,1428,594,1289,733
18th Jul 25 2025,51,18,15,1,1159,858,1467,550,1305,712
17th Jul 25 2025,65,15,16,1,1327,689,1549,467,1332,684
16th Jul 25 2025,87,13,12,0,1332,684,1551,465,1319,697
15th Jul 25 2025,102,8,9,0,1256,760,1492,524,1286,730
14th Jul 25 2025,72,20,16,1,1001,1017,1359,659,1211,807
11th Jul 25 2025,43,15,6,0,991,1024,1394,621,1209,806
10th Jul 25 2025,68,10,11,1,1214,797,1501,510,1262,749
9th Jul 25 2025,77,8,10,1,1246,763,1504,506,1251,759
8th Jul 25 2025,57,15,13,1,1214,798,1488,524,1246,766
7th Jul 25 2025,65,27,19,1,1267,747,1515,499,1259,755
4th Jul 25 2025,65,15,18,1,1370,642,1566,446,1270,742
3rd Jul 25 2025,71,14,19,0,1355,655,1538,472,1255,755
2nd Jul 25 2025,55,20,21,0,1341,666,1528,479,1228,779
1st Jul 25 2025,81,21,27,0,1439,564,1562,441,1241,762
30th Jun 25 2025,114,16,29,0,1471,533,1567,437,1252,752
27th Jun 25 2025,89,13,23,0,1422,578,1533,467,1235,765
26th Jun 25 2025,63,12,22,0,1357,644,1512,489,1203,798
25th Jun 25 2025,153,6,10,0,1356,644,1509,491,1201,799
24th Jun 25 2025,95,15,5,1,1045,956,1346,654,1105,897
23rd Jun 25 2025,72,18,5,1,835,1168,1201,802,1059,945
20th Jun 25 2025,80,11,7,1,827,1171,1232,766,1044,955
19th Jun 25 2025,16,81,6,0,587,1411,1118,880,998,1001
18th Jun 25 2025,39,24,4,0,928,1068,1354,642,1113,884
17th Jun 25 2025,46,36,7,1,1016,980,1405,591,1146,851
16th Jun 25 2025,75,15,9,1,1245,754,1505,494,1189,811
13th Jun 25 2025,38,23,16,1,1186,809,1518,477,1162,834
12th Jun 25 2025,36,47,21,0,1423,571,1595,399,1218,777
11th Jun 25 2025,110,19,25,0,1644,348,1707,285,1294,699
10th Jun 25 2025,104,9,30,1,1638,354,1685,307,1274,719
9th Jun 25 2025,155,9,24,0,1625,370,1669,326,1251,745
6th Jun 25 2025,114,18,21,0,1492,501,1579,414,1171,823
5th Jun 25 2025,116,6,15,0,1453,540,1511,482,1123,871
4th Jun 25 2025,99,20,13,0,1373,619,1490,502,1091,902
3rd Jun 25 2025,70,23,17,0,1318,673,1480,511,1066,926
2nd Jun 25 2025,123,48,23,0,1424,567,1514,477,1066,926
30th May 25 2025,92,58,27,0,1440,548,1522,466,1063,926
29th May 25 2025,104,43,34,0,1507,480,1542,445,1100,888
28th May 25 2025,99,30,24,1,1545,441,1554,432,1081,906
27th May 25 2025,79,26,27,1,1589,396,1581,405,1088,898
26th May 25 2025,115,39,19,0,1631,357,1618,371,1071,918
23rd May 25 2025,83,29,23,1,1638,346,1609,376,1051,934
22nd May 25 2025,70,36,26,1,1617,367,1578,407,1012,973
21st May 25 2025,83,36,30,1,1680,303,1603,381,1019,965
20th May 25 2025,57,71,54,1,1653,330,1591,393,985,999
19th May 25 2025,179,29,80,0,1772,214,1694,293,1052,935
16th May 25 2025,190,26,157,0,1759,224,1651,333,999,985
15th May 25 2025,151,26,87,0,1714,268,1552,431,934,1049
14th May 25 2025,207,10,43,1,1702,279,1484,498,865,1117
13th May 25 2025,164,17,33,1,1596,385,1301,681,779,1203
12th May 25 2025,973,8,14,1,1456,527,1169,815,733,1251
9th May 25 2025,43,42,8,3,542,1439,648,1334,519,1463
8th May 25 2025,47,38,5,2,638,1345,682,1301,535,1447
7th May 25 2025,86,22,4,3,789,1193,804,1178,582,1400
6th May 25 2025,13,315,5,1,676,1305,708,1273,532,1449
5th May 25 2025,133,20,11,1,1071,911,940,1042,647,1335
2nd May 25 2025,40,31,6,3,819,1163,824,1158,600,1382
30th Apr 25 2025,16,104,7,4,877,1103,829,1151,603,1377
29th Apr 25 2025,55,25,10,1,1235,745,1046,934,663,1317
28th Apr 25 2025,62,36,17,1,1285,697,1075,907,676,1306
25th Apr 25 2025,19,356,17,0,1297,682,1043,936,655,1324
24th Apr 25 2025,86,26,28,1,1754,227,1416,565,776,1205
23rd Apr 25 2025,93,13,42,1,1776,205,1393,588,784,1197
22nd Apr 25 2025,134,14,73,1,1771,209,1382,598,767,1213
21st Apr 25 2025,186,10,102,1,1757,224,1300,681,740,1241
17th Apr 25 2025,86,12,41,1,1633,345,1109,869,656,1322
16th Apr 25 2025,146,13,68,1,1630,348,1045,933,614,1364
15th Apr 25 2025,445,6,16,0,1500,478,905,1073,563,1415
11th Apr 25 2025,311,4,6,3,911,1065,577,1399,446,1530
9th Apr 25 2025,40,92,6,18,508,1466,400,1574,361,1613
8th Apr 25 2025,261,12,7,8,564,1411,442,1533,376,1599
7th Apr 25 2025,5,822,13,17,300,1675,293,1682,303,1672
4th Apr 25 2025,29,464,22,8,798,1176,557,1417,446,1528
3rd Apr 25 2025,204,22,30,2,1417,557,879,1095,551,1423
2nd Apr 25 2025,160,10,11,1,1259,714,754,1219,507,1466
1st Apr 25 2025,296,33,7,3,1054,920,650,1324,444,1530
28th Mar 25 2025,52,60,9,2,899,1070,634,1335,482,1487
6th Apr 26 2026,232,15,24,6,939,1202,451,1690,408,1733
2nd Apr 26 2026,179,25,18,7,637,1507,368,1776,371,1773
1st Apr 26 2026,1140,10,11,7,480,1664,331,1813,379,1765
30th Mar 26 2026,31,743,6,39,194,1951,205,1940,308,1837
27th Mar 26 2026,33,640,8,13,286,1858,247,1897,358,1786
25th Mar 26 2026,217,19,6,7,481,1663,327,1817,391,1753
24th Mar 26 2026,293,28,7,9,269,1875,243,1901,348,1796
23rd Mar 26 2026,6,974,5,5,144,2001,166,1979,296,1849
20th Mar 26 2026,100,27,14,5,370,1774,320,1824,394,1750
19th Mar 26 2026,17,305,6,3,264,1880,249,1895,375,1769
18th Mar 26 2026,323,9,7,3,500,1644,390,1754,448,1696
17th Mar 26 2026,99,18,6,8,259,1885,302,1842,405,1739
16th Mar 26 2026,40,123,5,6,191,1954,254,1891,377,1768
13th Mar 26 2026,19,380,9,7,214,1930,294,1850,382,1762
12th Mar 26 2026,59,50,11,6,432,1712,419,1725,446,1698
11th Mar 26 2026,76,54,11,5,438,1707,429,1716,466,1679
10th Mar 26 2026,280,16,11,5,448,1696,438,1707,476,1669
9th Mar 26 2026,28,286,6,13,273,1871,334,1811,415,1730
6th Mar 26 2026,60,40,4,8,392,1752,452,1693,501,1644
5th Mar 26 2026,114,19,9,3,403,1741,469,1676,511,1634
4th Mar 26 2026,48,263,8,4,292,1852,403,1742,468,1677
2nd Mar 26 2026,61,264,6,4,443,1701,492,1653,562,1583
27th Feb 26 2026,44,61,8,1,689,1454,687,1457,668,1476
26th Feb 26 2026,67,21,9,5,832,1311,760,1384,704,1440
25th Feb 26 2026,56,45,5,4,787,1356,743,1401,697,1447
24th Feb 26 2026,25,95,9,3,701,1442,675,1469,685,1459
23rd Feb 26 2026,63,47,6,2,859,1285,785,1360,717,1428
20th Feb 26 2026,50,30,9,5,833,1310,773,1371,708,1436
19th Feb 26 2026,36,52,9,5,801,1342,757,1387,705,1439
18th Feb 26 2026,71,16,6,5,1095,1048,929,1215,773,1371
17th Feb 26 2026,110,18,8,3,1033,1110,868,1276,750,1394
16th Feb 26 2026,52,107,12,4,926,1218,780,1365,728,1417
13th Feb 26 2026,35,166,21,1,963,1180,794,1350,724,1420
12th Feb 26 2026,62,104,27,1,1311,832,1026,1118,791,1352
11th Feb 26 2026,92,64,14,2,1492,651,1120,1024,819,1325
10th Feb 26 2026,138,38,32,1,1574,568,1148,995,818,1325
9th Feb 26 2026,391,18,52,1,1515,629,1070,1075,805,1340
6th Feb 26 2026,59,75,29,3,1125,1018,772,1372,685,1459
5th Feb 26 2026,55,92,34,6,1161,982,779,1365,692,1452
4th Feb 26 2026,241,55,45,18,1348,795,845,1299,725,1419
3rd Feb 26 2026,529,12,28,18,1141,1003,748,1396,704,1440
2nd Feb 26 2026,77,75,16,19,452,1693,371,1774,532,1613
1st Feb 26 2026,58,238,8,4,436,1708,359,1785,493,1651
30th Jan 26 2026,170,96,14,6,669,1473,495,1647,603,1539
29th Jan 26 2026,141,62,24,5,534,1608,433,1709,571,1571
28th Jan 26 2026,350,19,12,6,539,1602,425,1716,558,1583
27th Jan 26 2026,100,74,4,10,308,1836,323,1821,485,1659
23rd Jan 26 2026,55,212,2,6,274,1867,295,1846,477,1664
22nd Jan 26 2026,184,55,3,4,364,1777,372,1769,546,1595
21st Jan 26 2026,58,148,21,2,232,1908,291,1849,487,1653
20th Jan 26 2026,30,377,25,1,255,1884,317,1822,522,1617
19th Jan 26 2026,43,90,30,2,449,1692,473,1668,623,1518
16th Jan 26 2026,73,31,27,2,534,1603,533,1604,672,1465
14th Jan 26 2026,85,21,7,1,522,1614,552,1584,686,1450
13th Jan 26 2026,71,17,5,1,484,1652,521,1615,674,1462
12th Jan 26 2026,61,74,6,3,423,1716,502,1637,666,1473
9th Jan 26 2026,17,102,4,3,427,1707,534,1600,684,1450
8th Jan 26 2026,15,140,7,3,664,1471,698,1437,769,1366
7th Jan 26 2026,67,18,14,3,1059,1076,913,1222,856,1279
6th Jan 26 2026,43,26,16,1,1022,1112,877,1257,842,1292
5th Jan 26 2026,64,38,15,1,1139,997,934,1202,867,1269
2nd Jan 26 2026,101,11,12,1,1315,818,953,1180,869,1264
1st Jan 26 2026,64,16,9,2,1074,1060,828,1306,815,1319
31st Dec 25 2025,85,15,7,2,1049,1083,805,1327,812,1320
30th Dec 25 2025,57,35,9,2,772,1358,686,1444,761,1369
29th Dec 25 2025,43,47,13,0,749,1385,714,1420,765,1369
26th Dec 25 2025,64,19,19,0,927,1204,765,1366,794,1337
24th Dec 25 2025,57,15,13,0,1079,1051,801,1329,812,1318
23rd Dec 25 2025,66,16,9,2,1129,1001,807,1323,820,1310
22nd Dec 25 2025,115,13,8,1,1011,1121,748,1384,803,1329
19th Dec 25 2025,91,17,9,1,698,1431,639,1490,760,1369
18th Dec 25 2025,40,30,11,1,489,1639,536,1592,716,1412
17th Dec 25 2025,32,55,13,1,495,1631,567,1559,724,1402
16th Dec 25 2025,38,29,14,0,622,1504,616,1510,756,1370
15th Dec 25 2025,79,21,16,1,744,1381,672,1453,778,1347
12th Dec 25 2025,99,11,9,3,694,1426,650,1471,760,1361
11th Dec 25 2025,77,16,5,3,503,1616,559,1560,725,1395
10th Dec 25 2025,53,29,7,2,388,1727,478,1637,709,1407
9th Dec 25 2025,133,15,1,2,424,1691,514,1601,714,1402
8th Dec 25 2025,18,241,3,3,319,1798,462,1655,686,1432
5th Dec 25 2025,31,36,3,3,540,1574,619,1495,783,1332
4th Dec 25 2025,31,28,3,4,530,1584,639,1475,791,1324
3rd Dec 25 2025,18,42,1,3,534,1579,636,1477,808,1306
2nd Dec 25 2025,28,34,5,2,647,1466,708,1405,827,1287
1st Dec 25 2025,64,37,6,3,728,1386,741,1374,852,1263
28th Nov 25 2025,56,21,2,3,754,1355,762,1348,858,1252
27th Nov 25 2025,53,20,2,3,742,1365,755,1353,853,1255
26th Nov 25 2025,83,13,3,2,747,1359,759,1348,867,1240
25th Nov 25 2025,71,13,5,3,557,1548,643,1464,816,1291
24th Nov 25 2025,35,136,6,6,516,1592,622,1487,794,1315
21st Nov 25 2025,31,35,6,4,606,1496,694,1410,848,1256
20th Nov 25 2025,39,24,9,4,760,1342,820,1283,887,1216
19th Nov 25 2025,43,42,7,3,787,1313,825,1276,905,1196
18th Nov 25 2025,39,36,12,3,774,1324,833,1266,906,1193
17th Nov 25 2025,96,50,11,2,939,1162,906,1196,953,1149
14th Nov 25 2025,75,44,12,2,871,1224,874,1222,930,1166
13th Nov 25 2025,71,49,12,2,852,1241,870,1224,957,1137
12th Nov 25 2025,104,28,8,2,886,1205,902,1190,965,1127
11th Nov 25 2025,68,52,7,8,740,1353,812,1282,924,1170
10th Nov 25 2025,81,89,11,7,740,1354,812,1283,926,1169
7th Nov 25 2025,73,38,11,2,667,1423,809,1281,924,1166
6th Nov 25 2025,45,146,13,2,606,1483,807,1282,912,1177
4th Nov 25 2025,39,28,15,0,880,1208,967,1121,1013,1075
3rd Nov 25 2025,97,37,17,0,1099,992,1082,1009,1055,1036
31st Oct 25 2025,43,30,12,0,978,1106,1015,1069,1025,1059
30th Oct 25 2025,51,23,10,0,1131,953,1097,987,1057,1027
29th Oct 25 2025,89,23,11,0,1167,916,1104,979,1068,1015
28th Oct 25 2025,62,29,13,1,1002,1086,998,1090,1029,1059
27th Oct 25 2025,80,36,19,1,1027,1067,1010,1084,1051,1043
24th Oct 25 2025,49,26,17,3,985,1103,974,1114,1015,1073
23rd Oct 25 2025,77,48,19,3,1072,1016,1015,1073,1040,1048
21st Oct 25 2025,56,2,22,0,1127,960,1028,1059,1046,1041
20th Oct 25 2025,95,43,14,2,941,1152,916,1177,1001,1092
17th Oct 25 2025,44,42,11,1,848,1237,860,1225,967,1118
16th Oct 25 2025,78,34,13,2,935,1147,922,1160,1000,1082
15th Oct 25 2025,90,27,13,2,832,1250,873,1209,966,1116
14th Oct 25 2025,43,66,24,3,679,1401,783,1297,928,1152
13th Oct 25 2025,55,43,17,4,859,1224,904,1179,993,1090
10th Oct 25 2025,85,25,19,3,1007,1071,975,1103,1032,1046
9th Oct 25 2025,92,39,31,5,912,1168,927,1153,1008,1072
8th Oct 25 2025,78,26,30,2,824,1253,878,1199,992,1085
7th Oct 25 2025,62,33,22,1,909,1166,934,1141,1008,1067
6th Oct 25 2025,83,35,19,1,938,1136,946,1128,1007,1067
3rd Oct 25 2025,128,13,11,1,909,1163,927,1145,1023,1050
1st Oct 25 2025,126,8,12,1,690,1379,787,1282,965,1105
30th Sep 25 2025,43,29,8,2,488,1575,616,1447,883,1181
29th Sep 25 2025,63,63,14,3,456,1609,624,1441,881,1185
26th Sep 25 2025,14,114,18,1,450,1607,615,1442,886,1172
25th Sep 25 2025,41,37,21,1,749,1307,895,1161,1011,1046
24th Sep 25 2025,54,29,19,2,943,1112,1056,999,1074,982
23rd Sep 25 2025,67,24,21,2,1117,937,1158,896,1116,939
22nd Sep 25 2025,80,39,26,2,1215,844,1202,858,1157,903
19th Sep 25 2025,71,20,21,1,1396,658,1300,756,1179,877
18th Sep 25 2025,57,17,20,1,1444,609,1307,747,1173,881
17th Sep 25 2025,76,18,24,1,1458,592,1301,750,1168,883
16th Sep 25 2025,80,14,17,1,1395,655,1245,806,1140,911
15th Sep 25 2025,88,18,14,1,1311,742,1125,929,1090,964
12th Sep 25 2025,55,12,16,0,1216,833,1075,975,1057,993
11th Sep 25 2025,54,23,23,0,1219,830,1064,986,1044,1006
10th Sep 25 2025,94,20,18,0,1208,841,1052,998,1047,1003
9th Sep 25 2025,67,27,24,0,1017,1031,912,1137,989,1060
8th Sep 25 2025,127,17,32,1,1004,1047,893,1159,997,1055
5th Sep 25 2025,87,12,26,1,906,1141,861,1187,957,1091
4th Sep 25 2025,51,28,18,2,945,1102,858,1190,975,1073
3rd Sep 25 2025,113,12,15,0,1047,998,909,1137,990,1056
2nd Sep 25 2025,120,23,10,1,868,1176,785,1261,949,1097
1st Sep 25 2025,127,16,11,2,732,1315,703,1345,912,1136
29th Aug 25 2025,51,24,8,2,513,1530,574,1470,829,1215
28th Aug 25 2025,29,62,6,2,526,1516,591,1452,845,1198
26th Aug 25 2025,29,63,11,3,631,1406,689,1349,906,1132
25th Aug 25 2025,74,34,23,0,943,1097,893,1148,1003,1038
22nd Aug 25 2025,53,18,22,0,911,1125,897,1140,988,1049
21st Aug 25 2025,60,20,20,0,1020,1017,959,1079,1004,1034
20th Aug 25 2025,107,10,19,1,1005,1029,950,1085,1000,1035
19th Aug 25 2025,124,14,18,1,953,1080,902,1132,994,1040
18th Aug 25 2025,149,32,18,1,781,1255,805,1232,947,1090
14th Aug 25 2025,46,74,15,3,548,1482,641,1389,878,1153
13th Aug 25 2025,111,48,11,5,598,1432,680,1350,916,1115
12th Aug 25 2025,77,51,6,5,498,1532,615,1416,887,1144
11th Aug 25 2025,88,63,6,3,441,1589,601,1430,874,1157
8th Aug 25 2025,49,75,8,4,371,1661,548,1484,844,1188
7th Aug 25 2025,53,52,8,5,443,1589,637,1395,926,1106
6th Aug 25 2025,40,73,8,5,461,1569,640,1390,940,1090
5th Aug 25 2025,48,40,9,5,572,1455,733,1294,994,1033
4th Aug 25 2025,96,46,13,4,576,1452,779,1249,1020,1008
1st Aug 25 2025,35,118,10,0,446,1579,710,1315,974,1051
31st Jul 25 2025,53,47,10,1,576,1445,862,1159,1071,950
30th Jul 25 2025,93,33,10,1,677,1340,979,1038,1106,911
29th Jul 25 2025,119,18,10,1,608,1409,946,1070,1099,918
28th Jul 25 2025,38,118,10,4,493,1528,802,1219,1043,978
25th Jul 25 2025,24,88,10,3,631,1384,1001,1015,1131,885
24th Jul 25 2025,46,36,12,2,957,1059,1300,716,1263,752
23rd Jul 25 2025,52,28,15,2,1084,931,1355,660,1282,733
22nd Jul 25 2025,58,21,16,2,1041,972,1370,644,1275,739
21st Jul 25 2025,71,32,15,3,1132,885,1424,593,1287,730
18th Jul 25 2025,50,18,15,1,1156,856,1463,549,1303,709
17th Jul 25 2025,64,15,16,1,1323,688,1547,464,1330,681
16th Jul 25 2025,87,13,12,0,1330,681,1548,463,1317,694
15th Jul 25 2025,102,8,9,0,1253,758,1489,522,1284,727
14th Jul 25 2025,72,20,16,1,998,1015,1357,656,1209,804
11th Jul 25 2025,42,15,6,0,987,1023,1391,619,1207,803
10th Jul 25 2025,68,10,11,1,1210,796,1498,508,1260,746
9th Jul 25 2025,75,8,10,1,1243,761,1501,504,1249,756
8th Jul 25 2025,56,15,13,1,1211,796,1485,522,1244,763
7th Jul 25 2025,65,27,19,1,1263,746,1512,497,1257,752
4th Jul 25 2025,65,15,18,1,1368,639,1564,443,1268,739
3rd Jul 25 2025,71,14,19,0,1353,652,1536,469,1253,752
2nd Jul 25 2025,55,20,21,0,1339,663,1527,475,1226,776
1st Jul 25 2025,79,20,26,0,1436,562,1559,439,1239,759
30th Jun 25 2025,112,16,29,0,1470,529,1566,433,1250,749
27th Jun 25 2025,89,13,23,0,1421,574,1531,464,1234,761
26th Jun 25 2025,63,12,22,0,1355,641,1510,486,1202,794
25th Jun 25 2025,152,6,10,0,1354,641,1506,489,1200,795
24th Jun 25 2025,95,15,5,1,1045,951,1344,651,1104,893
23rd Jun 25 2025,72,18,5,1,835,1163,1199,799,1058,941
20th Jun 25 2025,80,11,7,1,825,1168,1230,763,1043,951
19th Jun 25 2025,16,81,6,0,586,1407,1117,876,997,997
18th Jun 25 2025,39,24,4,0,927,1064,1351,640,1112,880
17th Jun 25 2025,47,36,7,1,1015,976,1402,589,1145,847
16th Jun 25 2025,74,15,9,1,1243,751,1502,492,1188,807
13th Jun 25 2025,38,23,16,1,1184,806,1515,475,1161,830
12th Jun 25 2025,36,47,21,0,1419,570,1591,398,1217,773
11th Jun 25 2025,110,19,25,0,1640,347,1703,284,1292,696
10th Jun 25 2025,104,9,30,1,1634,353,1681,306,1272,716
9th Jun 25 2025,154,9,24,0,1621,369,1664,326,1249,742
6th Jun 25 2025,114,18,21,0,1488,500,1575,413,1170,819
5th Jun 25 2025,116,6,15,0,1449,539,1507,481,1122,867
4th Jun 25 2025,99,20,13,0,1369,618,1486,501,1090,898
3rd Jun 25 2025,70,23,17,0,1313,673,1475,511,1065,922
2nd Jun 25 2025,123,47,23,0,1419,567,1509,477,1064,923
30th May 25 2025,91,58,26,0,1435,548,1517,466,1061,923
29th May 25 2025,103,44,34,0,1502,480,1537,445,1099,884
28th May 25 2025,97,30,24,1,1542,439,1551,430,1080,902
27th May 25 2025,79,26,27,1,1586,394,1577,404,1087,894
26th May 25 2025,113,39,19,0,1628,355,1615,369,1070,914
23rd May 25 2025,83,29,23,1,1635,344,1606,374,1050,930
22nd May 25 2025,70,36,26,1,1613,366,1576,404,1011,969
21st May 25 2025,83,36,30,1,1676,302,1601,378,1018,961
20th May 25 2025,57,71,54,1,1648,330,1588,391,984,995
19th May 25 2025,178,29,80,0,1768,213,1689,293,1051,931
16th May 25 2025,190,26,157,0,1755,223,1647,332,998,981
15th May 25 2025,151,26,87,0,1710,267,1550,428,933,1045
14th May 25 2025,206,10,43,1,1698,278,1482,495,864,1113
13th May 25 2025,163,17,33,1,1593,383,1299,678,778,1199
12th May 25 2025,970,8,14,1,1453,525,1167,812,732,1247
9th May 25 2025,43,43,8,3,540,1436,646,1331,518,1459
8th May 25 2025,47,38,5,2,636,1342,680,1298,534,1443
7th May 25 2025,86,21,4,3,787,1190,802,1175,581,1396
6th May 25 2025,13,316,5,1,674,1302,706,1270,531,1445
5th May 25 2025,133,20,11,1,1069,908,938,1039,646,1331
2nd May 25 2025,39,31,6,3,817,1160,823,1154,599,1378
30th Apr 25 2025,16,105,7,4,875,1100,828,1147,602,1373
29th Apr 25 2025,54,25,10,1,1232,743,1045,930,662,1313
28th Apr 25 2025,62,36,17,1,1283,694,1074,903,675,1302
25th Apr 25 2025,19,356,17,0,1296,678,1042,932,654,1320
24th Apr 25 2025,86,27,28,1,1752,224,1415,561,775,1201
23rd Apr 25 2025,93,13,42,1,1774,202,1393,583,783,1193
22nd Apr 25 2025,133,14,73,1,1769,206,1382,593,766,1209
21st Apr 25 2025,185,9,102,1,1756,220,1299,677,739,1237
17th Apr 25 2025,85,12,41,1,1631,342,1108,865,655,1318
16th Apr 25 2025,145,13,68,1,1628,345,1044,929,613,1360
15th Apr 25 2025,443,6,16,0,1498,475,904,1069,562,1411
11th Apr 25 2025,310,4,6,3,908,1063,576,1395,445,1526
9th Apr 25 2025,40,91,6,18,507,1462,399,1570,360,1609
8th Apr 25 2025,261,12,7,8,563,1407,441,1529,375,1595
7th Apr 25 2025,5,818,13,17,298,1672,292,1678,302,1668
4th Apr 25 2025,29,465,22,8,796,1173,556,1413,445,1524
3rd Apr 25 2025,203,22,30,2,1413,556,878,1091,550,1419
2nd Apr 25 2025,161,10,11,1,1257,711,753,1215,506,1462
1st Apr 25 2025,295,33,7,3,1052,917,649,1320,443,1526
28th Mar 25 2025,52,59,9,2,898,1066,633,1331,481,1483
27th Mar 25 2025,122,88,13,2,988,976,649,1315,493,1471
2nd Apr 26 2026,179,23,18,6,639,1505,369,1775,372,1772
1st Apr 26 2026,1139,9,11,6,481,1663,332,1812,380,1764
30th Mar 26 2026,31,741,6,39,195,1950,206,1939,309,1836
27th Mar 26 2026,33,638,8,12,287,1857,248,1896,359,1785
25th Mar 26 2026,217,19,6,6,482,1662,328,1816,392,1752
24th Mar 26 2026,293,28,7,8,270,1874,244,1900,349,1795
23rd Mar 26 2026,6,971,5,4,145,2000,167,1978,297,1848
20th Mar 26 2026,101,26,14,4,370,1774,321,1823,396,1748
19th Mar 26 2026,17,304,6,2,264,1880,250,1894,376,1768
18th Mar 26 2026,322,8,7,2,499,1645,391,1753,450,1694
17th Mar 26 2026,99,17,6,7,260,1884,303,1841,407,1737
16th Mar 26 2026,40,122,5,5,192,1953,255,1890,379,1766
13th Mar 26 2026,19,378,9,6,215,1929,295,1849,384,1760
12th Mar 26 2026,59,49,11,5,433,1711,420,1724,448,1696
11th Mar 26 2026,76,53,11,4,438,1707,430,1715,468,1677
10th Mar 26 2026,278,15,11,4,448,1696,440,1705,478,1667
9th Mar 26 2026,28,284,6,12,274,1870,335,1810,416,1729
6th Mar 26 2026,60,38,4,7,393,1751,454,1691,502,1643
5th Mar 26 2026,114,18,9,2,406,1738,471,1674,512,1633
4th Mar 26 2026,48,261,8,3,293,1851,404,1741,469,1676
2nd Mar 26 2026,61,262,6,4,446,1698,493,1652,563,1582
27th Feb 26 2026,43,60,8,1,690,1453,689,1455,669,1475
26th Feb 26 2026,67,20,9,5,833,1310,762,1382,705,1439
25th Feb 26 2026,56,44,5,4,790,1353,744,1400,698,1446
24th Feb 26 2026,25,95,9,3,702,1441,676,1468,686,1458
23rd Feb 26 2026,63,47,6,2,861,1283,786,1359,718,1427
20th Feb 26 2026,49,30,9,5,834,1309,774,1370,709,1435
19th Feb 26 2026,36,52,9,5,801,1342,758,1386,706,1438
18th Feb 26 2026,71,16,6,5,1095,1048,930,1214,774,1370
17th Feb 26 2026,110,18,8,3,1034,1109,869,1275,751,1393
16th Feb 26 2026,51,107,12,4,926,1218,781,1364,729,1416
13th Feb 26 2026,35,166,21,1,963,1180,794,1350,725,1419
12th Feb 26 2026,62,104,27,1,1312,831,1027,1117,792,1351
11th Feb 26 2026,92,64,14,2,1493,650,1121,1023,819,1325
10th Feb 26 2026,139,38,32,1,1575,567,1149,994,818,1325
9th Feb 26 2026,390,18,52,1,1515,629,1070,1075,805,1340
6th Feb 26 2026,59,75,29,3,1124,1019,773,1371,685,1459
5th Feb 26 2026,55,92,34,6,1160,983,779,1365,692,1452
4th Feb 26 2026,240,55,45,18,1347,796,845,1299,725,1419
3rd Feb 26 2026,528,12,28,18,1139,1005,747,1397,704,1440
2nd Feb 26 2026,77,74,16,19,452,1693,371,1774,533,1612
1st Feb 26 2026,59,238,8,4,434,1710,359,1785,494,1650
30th Jan 26 2026,170,96,14,6,669,1473,495,1647,602,1540
29th Jan 26 2026,141,62,24,5,533,1609,433,1709,570,1572
28th Jan 26 2026,350,19,12,6,537,1604,424,1717,557,1584
27th Jan 26 2026,99,73,4,10,307,1837,322,1822,483,1661
23rd Jan 26 2026,55,211,2,6,272,1869,294,1847,476,1665
22nd Jan 26 2026,183,55,3,4,362,1779,371,1770,545,1596
21st Jan 26 2026,58,146,21,2,231,1909,290,1850,486,1654
20th Jan 26 2026,30,377,25,1,254,1885,316,1823,521,1618
19th Jan 26 2026,42,90,29,2,448,1693,473,1668,623,1518
16th Jan 26 2026,72,31,27,2,535,1602,532,1605,672,1465
14th Jan 26 2026,84,21,7,1,523,1613,552,1584,686,1450
13th Jan 26 2026,70,17,5,1,485,1651,521,1615,674,1462
12th Jan 26 2026,60,74,6,3,424,1715,501,1638,666,1473
9th Jan 26 2026,17,102,4,3,428,1706,533,1601,683,1451
8th Jan 26 2026,15,140,7,3,664,1471,698,1437,769,1366
7th Jan 26 2026,67,18,14,3,1059,1076,913,1222,855,1280
6th Jan 26 2026,44,26,16,1,1024,1110,877,1257,842,1292
5th Jan 26 2026,64,38,15,1,1139,997,934,1202,866,1270
2nd Jan 26 2026,102,11,12,1,1315,818,953,1180,868,1265
1st Jan 26 2026,64,16,9,2,1073,1061,828,1306,814,1320
31st Dec 25 2025,84,15,7,2,1048,1084,805,1327,811,1321
30th Dec 25 2025,56,35,9,2,773,1357,686,1444,760,1370
29th Dec 25 2025,43,46,13,0,750,1384,713,1421,764,1370
26th Dec 25 2025,63,19,19,0,928,1203,765,1366,794,1337
24th Dec 25 2025,57,15,13,0,1080,1050,801,1329,811,1319
23rd Dec 25 2025,66,16,9,2,1130,1000,807,1323,818,1312
22nd Dec 25 2025,114,13,8,1,1012,1120,748,1384,801,1331
19th Dec 25 2025,90,17,9,1,699,1430,639,1490,759,1370
18th Dec 25 2025,40,29,11,1,491,1637,537,1591,715,1413
17th Dec 25 2025,31,55,13,1,494,1632,567,1559,723,1403
16th Dec 25 2025,38,28,14,0,624,1502,617,1509,755,1371
15th Dec 25 2025,79,21,16,1,745,1380,672,1453,777,1348
12th Dec 25 2025,100,11,9,3,694,1426,650,1471,759,1362
11th Dec 25 2025,77,16,5,3,503,1616,558,1561,724,1396
10th Dec 25 2025,53,29,7,2,388,1727,477,1638,707,1409
9th Dec 25 2025,133,15,1,2,425,1690,512,1603,712,1404
8th Dec 25 2025,18,240,3,2,320,1797,460,1657,684,1434
5th Dec 25 2025,32,36,3,3,540,1574,618,1496,782,1333
4th Dec 25 2025,31,27,3,4,530,1584,638,1476,789,1326
3rd Dec 25 2025,17,42,1,3,534,1579,635,1478,806,1308
2nd Dec 25 2025,27,33,5,2,646,1467,707,1406,826,1288
1st Dec 25 2025,63,38,6,2,727,1387,739,1376,851,1264
28th Nov 25 2025,56,19,2,2,753,1356,761,1349,857,1253
27th Nov 25 2025,53,19,2,3,740,1367,753,1355,853,1255
26th Nov 25 2025,84,12,3,2,745,1361,757,1350,866,1241
25th Nov 25 2025,71,13,4,3,557,1548,641,1466,814,1293
24th Nov 25 2025,35,135,5,6,515,1593,620,1489,792,1317
21st Nov 25 2025,31,35,5,4,604,1498,693,1411,847,1257
20th Nov 25 2025,38,24,8,4,758,1344,819,1284,886,1217
19th Nov 25 2025,41,42,6,3,787,1313,825,1276,905,1196
18th Nov 25 2025,38,36,12,3,775,1323,833,1266,905,1194
17th Nov 25 2025,96,49,11,2,941,1160,907,1195,953,1149
14th Nov 25 2025,75,44,12,2,872,1223,875,1221,931,1165
13th Nov 25 2025,71,48,12,2,854,1239,872,1222,956,1138
12th Nov 25 2025,104,28,8,2,888,1203,902,1190,965,1127
11th Nov 25 2025,68,52,7,8,741,1352,813,1281,924,1170
10th Nov 25 2025,81,88,11,7,742,1352,812,1283,926,1169
7th Nov 25 2025,74,38,11,2,668,1422,809,1281,923,1167
6th Nov 25 2025,45,147,13,2,606,1483,806,1283,911,1178
4th Nov 25 2025,39,28,15,0,880,1208,966,1122,1013,1075
3rd Nov 25 2025,98,37,17,0,1099,992,1082,1009,1055,1036
31st Oct 25 2025,43,30,12,0,978,1106,1014,1070,1024,1060
30th Oct 25 2025,51,23,10,0,1130,954,1096,988,1056,1028
29th Oct 25 2025,89,23,11,0,1167,916,1103,980,1067,1016
28th Oct 25 2025,62,29,13,1,1003,1085,999,1089,1028,1060
27th Oct 25 2025,80,35,19,1,1026,1068,1009,1085,1050,1044
24th Oct 25 2025,50,26,17,3,984,1104,973,1115,1014,1074
23rd Oct 25 2025,78,48,19,3,1071,1017,1013,1075,1039,1049
21st Oct 25 2025,55,2,22,0,1127,960,1027,1060,1045,1042
20th Oct 25 2025,95,43,14,2,941,1152,915,1178,1000,1093
17th Oct 25 2025,44,42,11,1,848,1237,859,1226,966,1119
16th Oct 25 2025,78,34,13,2,934,1148,921,1161,999,1083
15th Oct 25 2025,89,27,13,2,831,1251,872,1210,965,1117
14th Oct 25 2025,43,66,24,3,679,1401,783,1297,927,1153
13th Oct 25 2025,55,42,17,4,858,1225,903,1180,992,1091
10th Oct 25 2025,85,25,19,3,1007,1071,975,1103,1031,1047
9th Oct 25 2025,92,39,31,5,912,1168,926,1154,1007,1073
8th Oct 25 2025,78,26,30,2,824,1253,879,1198,991,1086
7th Oct 25 2025,62,33,22,1,910,1165,933,1142,1007,1068
6th Oct 25 2025,82,35,19,1,940,1134,946,1128,1006,1068
3rd Oct 25 2025,128,13,11,1,911,1161,929,1143,1022,1051
1st Oct 25 2025,126,8,12,1,690,1379,787,1282,964,1106
30th Sep 25 2025,44,30,8,2,488,1575,615,1448,882,1182
29th Sep 25 2025,63,63,14,3,456,1609,624,1441,880,1186
26th Sep 25 2025,14,115,18,1,450,1607,615,1442,884,1174
25th Sep 25 2025,42,37,21,1,750,1306,896,1160,1010,1047
24th Sep 25 2025,55,29,19,2,943,1112,1055,1000,1073,983
23rd Sep 25 2025,68,24,21,2,1116,938,1157,897,1115,940
22nd Sep 25 2025,80,40,26,2,1214,845,1200,860,1156,904
19th Sep 25 2025,71,20,21,1,1395,659,1300,756,1178,878
18th Sep 25 2025,57,17,20,1,1443,610,1307,747,1172,882
17th Sep 25 2025,76,17,24,1,1456,594,1300,751,1167,884
16th Sep 25 2025,80,13,17,1,1394,656,1243,808,1137,914
15th Sep 25 2025,88,17,14,1,1310,743,1124,930,1087,967
12th Sep 25 2025,55,13,15,1,1214,835,1074,976,1055,995
11th Sep 25 2025,53,24,22,1,1217,832,1062,988,1042,1008
10th Sep 25 2025,94,21,18,0,1206,843,1050,1000,1045,1005
9th Sep 25 2025,65,28,24,0,1016,1032,911,1138,987,1062
8th Sep 25 2025,127,18,33,1,1003,1048,892,1160,996,1056
5th Sep 25 2025,87,13,27,1,906,1141,860,1188,956,1092
4th Sep 25 2025,51,28,19,2,945,1103,857,1192,974,1075
3rd Sep 25 2025,113,12,16,0,1047,999,909,1138,989,1058
2nd Sep 25 2025,121,23,11,1,869,1176,785,1262,949,1098
1st Sep 25 2025,127,16,12,2,732,1316,703,1346,912,1137
29th Aug 25 2025,52,23,8,2,513,1531,574,1471,829,1216
28th Aug 25 2025,30,61,6,2,526,1517,590,1454,843,1201
26th Aug 25 2025,29,62,11,3,629,1409,687,1352,904,1135
25th Aug 25 2025,73,34,24,0,941,1100,892,1150,1001,1041
22nd Aug 25 2025,53,17,22,0,911,1126,897,1141,986,1052
21st Aug 25 2025,59,20,21,0,1020,1018,959,1080,1002,1037
20th Aug 25 2025,108,10,20,1,1005,1030,950,1086,998,1038
19th Aug 25 2025,125,14,18,1,952,1082,900,1135,991,1044
18th Aug 25 2025,148,31,18,1,779,1258,804,1234,944,1094
14th Aug 25 2025,46,74,15,3,547,1484,640,1391,875,1157
13th Aug 25 2025,110,48,11,5,595,1436,678,1353,913,1119
12th Aug 25 2025,77,51,6,5,498,1533,615,1417,885,1147
11th Aug 25 2025,89,63,6,3,439,1592,600,1432,872,1160
8th Aug 25 2025,49,75,8,4,371,1662,546,1487,842,1191
7th Aug 25 2025,53,52,8,5,442,1591,635,1398,924,1109
6th Aug 25 2025,40,72,8,5,459,1572,638,1393,938,1093
5th Aug 25 2025,48,40,9,5,570,1458,730,1298,991,1037
4th Aug 25 2025,95,46,13,4,573,1456,776,1253,1017,1012
1st Aug 25 2025,35,118,10,0,445,1581,708,1318,973,1053
31st Jul 25 2025,53,47,10,1,577,1445,862,1160,1069,953
30th Jul 25 2025,93,33,10,1,677,1341,980,1038,1104,914
29th Jul 25 2025,119,18,10,1,610,1408,947,1070,1097,921
28th Jul 25 2025,38,118,10,4,493,1529,802,1220,1042,980
25th Jul 25 2025,23,88,10,3,630,1386,1000,1017,1130,887
24th Jul 25 2025,46,36,12,2,957,1060,1300,717,1261,755
23rd Jul 25 2025,52,28,15,2,1086,930,1355,661,1281,735
22nd Jul 25 2025,58,21,16,2,1041,973,1370,645,1274,741
21st Jul 25 2025,71,32,15,3,1132,886,1424,594,1286,732
18th Jul 25 2025,50,18,15,1,1154,859,1462,551,1302,711
17th Jul 25 2025,63,15,16,1,1322,690,1545,467,1329,683
16th Jul 25 2025,87,13,12,0,1328,683,1547,464,1315,696
15th Jul 25 2025,102,7,9,0,1251,761,1489,523,1284,728
14th Jul 25 2025,71,20,16,1,997,1017,1355,659,1209,805
11th Jul 25 2025,42,15,6,0,989,1022,1392,619,1207,804
10th Jul 25 2025,68,10,11,1,1209,797,1497,509,1259,747
9th Jul 25 2025,75,8,10,1,1242,763,1501,505,1248,758
8th Jul 25 2025,56,15,13,1,1212,796,1485,523,1244,764
7th Jul 25 2025,65,27,19,1,1264,746,1513,497,1257,753
4th Jul 25 2025,65,15,18,1,1368,640,1564,444,1269,739
3rd Jul 25 2025,71,14,19,0,1352,653,1535,470,1253,752
2nd Jul 25 2025,55,20,21,0,1339,664,1527,476,1226,777
1st Jul 25 2025,79,20,26,0,1436,563,1559,440,1240,759
30th Jun 25 2025,112,16,29,0,1470,530,1566,434,1251,749
27th Jun 25 2025,89,13,23,0,1420,576,1530,466,1235,761
26th Jun 25 2025,63,12,22,0,1355,642,1510,487,1203,794
25th Jun 25 2025,152,6,10,0,1353,643,1505,491,1200,796
24th Jun 25 2025,95,15,5,1,1043,954,1343,653,1104,894
23rd Jun 25 2025,72,19,5,1,834,1165,1199,800,1059,941
20th Jun 25 2025,80,11,7,1,825,1169,1230,764,1043,952
19th Jun 25 2025,17,81,6,0,587,1407,1117,877,996,999
18th Jun 25 2025,38,23,4,0,926,1066,1352,640,1111,882
17th Jun 25 2025,47,36,7,1,1014,978,1404,588,1145,848
16th Jun 25 2025,74,15,9,1,1246,749,1504,491,1188,808
13th Jun 25 2025,38,23,16,1,1185,806,1516,475,1160,832
12th Jun 25 2025,36,47,21,0,1420,570,1592,398,1216,775
11th Jun 25 2025,110,19,25,0,1642,346,1705,283,1292,697
10th Jun 25 2025,104,9,30,1,1636,352,1682,306,1272,717
9th Jun 25 2025,154,9,24,0,1622,369,1664,327,1249,743
6th Jun 25 2025,114,18,21,0,1489,500,1576,413,1169,821
5th Jun 25 2025,116,6,15,0,1451,537,1509,479,1121,868
4th Jun 25 2025,99,19,13,0,1370,617,1486,501,1089,899
3rd Jun 25 2025,70,23,17,0,1314,672,1475,511,1064,923
2nd Jun 25 2025,122,46,23,0,1419,567,1508,478,1062,925
30th May 25 2025,91,58,26,0,1435,548,1517,466,1059,925
29th May 25 2025,103,44,34,0,1504,478,1538,444,1098,885
28th May 25 2025,97,30,24,1,1542,439,1551,430,1078,904
27th May 25 2025,79,27,27,1,1586,394,1575,406,1086,895
26th May 25 2025,113,39,19,0,1628,355,1614,370,1069,915
23rd May 25 2025,83,29,23,1,1635,344,1605,375,1049,931
22nd May 25 2025,70,37,26,1,1612,367,1574,406,1009,971
21st May 25 2025,84,36,30,1,1675,303,1600,379,1016,963
20th May 25 2025,57,71,54,1,1648,330,1586,393,982,997
19th May 25 2025,178,29,80,0,1768,213,1689,293,1049,933
16th May 25 2025,190,26,157,0,1756,222,1646,333,996,983
15th May 25 2025,151,26,87,0,1711,266,1549,429,931,1047
14th May 25 2025,205,10,43,1,1697,279,1481,496,862,1115
13th May 25 2025,163,17,33,1,1591,385,1297,680,776,1201
12th May 25 2025,971,8,14,1,1451,527,1165,814,730,1249
9th May 25 2025,43,44,8,3,538,1438,645,1332,519,1458
8th May 25 2025,47,38,5,2,635,1343,679,1299,534,1443
7th May 25 2025,86,21,4,3,787,1190,801,1176,581,1396
6th May 25 2025,14,316,5,1,674,1302,704,1272,531,1445
5th May 25 2025,132,20,11,1,1067,910,936,1041,646,1331
2nd May 25 2025,39,31,6,3,816,1161,821,1156,600,1377
30th Apr 25 2025,16,105,7,4,876,1099,828,1147,603,1372
29th Apr 25 2025,54,25,10,1,1232,743,1044,931,663,1312
28th Apr 25 2025,62,36,17,1,1283,694,1073,904,676,1301
25th Apr 25 2025,19,355,17,0,1295,679,1041,933,655,1319
24th Apr 25 2025,86,28,28,1,1751,225,1414,562,776,1200
23rd Apr 25 2025,95,13,42,1,1774,202,1391,585,783,1193
22nd Apr 25 2025,132,13,72,1,1769,206,1382,593,766,1209
21st Apr 25 2025,183,9,102,1,1755,221,1298,678,740,1236
17th Apr 25 2025,85,12,41,1,1630,343,1107,866,656,1317
16th Apr 25 2025,145,13,67,1,1627,346,1044,929,614,1359
15th Apr 25 2025,443,6,15,0,1497,476,904,1069,563,1410
11th Apr 25 2025,311,4,5,3,909,1062,576,1395,446,1525
9th Apr 25 2025,39,91,5,18,507,1462,399,1570,361,1608
8th Apr 25 2025,259,12,6,8,562,1408,440,1530,376,1594
7th Apr 25 2025,4,818,12,17,298,1672,292,1678,303,1667
4th Apr 25 2025,28,465,21,8,794,1175,555,1414,446,1523
3rd Apr 25 2025,201,22,30,2,1415,554,878,1091,551,1418
2nd Apr 25 2025,160,10,11,1,1258,710,754,1214,507,1461
1st Apr 25 2025,293,33,7,3,1052,917,648,1321,444,1525
28th Mar 25 2025,52,58,9,2,897,1067,633,1331,482,1482
27th Mar 25 2025,122,88,13,2,989,975,649,1315,494,1470
26th Mar 25 2025,26,178,19,3,955,1008,599,1364,456,1507
2nd Apr 26 2026,182,25,20,6,627,1513,367,1773,365,1775
1st Apr 26 2026,1139,9,11,6,481,1662,332,1811,380,1763
30th Mar 26 2026,31,741,6,39,195,1949,206,1938,309,1835
27th Mar 26 2026,33,638,8,12,287,1856,248,1895,359,1784
25th Mar 26 2026,217,19,6,6,482,1661,328,1815,392,1751
24th Mar 26 2026,292,28,7,8,269,1874,244,1899,349,1794
23rd Mar 26 2026,6,971,5,4,145,1999,167,1977,297,1847
20th Mar 26 2026,101,26,14,4,370,1773,321,1822,396,1747
19th Mar 26 2026,17,304,6,2,264,1879,250,1893,376,1767
18th Mar 26 2026,321,8,7,2,498,1645,391,1752,450,1693
17th Mar 26 2026,99,17,6,7,260,1883,303,1840,407,1736
16th Mar 26 2026,40,121,5,5,192,1952,255,1889,379,1765
13th Mar 26 2026,18,378,9,6,214,1929,294,1849,383,1760
12th Mar 26 2026,59,49,11,5,433,1710,420,1723,448,1695
11th Mar 26 2026,76,53,11,4,438,1706,430,1714,468,1676
10th Mar 26 2026,278,15,11,4,448,1695,440,1704,478,1666
9th Mar 26 2026,28,284,6,12,274,1869,335,1809,416,1728
6th Mar 26 2026,60,38,4,7,393,1750,454,1690,502,1642
5th Mar 26 2026,114,18,9,2,406,1737,471,1673,512,1632
4th Mar 26 2026,48,261,8,3,293,1850,404,1740,469,1675
2nd Mar 26 2026,61,262,6,4,446,1697,493,1651,563,1581
27th Feb 26 2026,43,60,8,1,690,1452,689,1454,669,1474
26th Feb 26 2026,67,20,9,5,832,1310,761,1382,704,1439
25th Feb 26 2026,56,44,5,4,790,1352,744,1399,698,1445
24th Feb 26 2026,25,95,9,3,702,1440,676,1467,686,1457
23rd Feb 26 2026,63,47,6,2,861,1282,786,1358,718,1426
20th Feb 26 2026,49,30,9,5,834,1308,774,1369,709,1434
19th Feb 26 2026,36,52,9,5,801,1341,758,1385,706,1437
18th Feb 26 2026,71,16,6,5,1094,1048,929,1214,773,1370
17th Feb 26 2026,110,18,8,3,1033,1109,868,1275,750,1393
16th Feb 26 2026,51,107,12,4,926,1217,781,1363,729,1415
13th Feb 26 2026,35,166,21,1,963,1179,794,1349,725,1418
12th Feb 26 2026,62,104,27,1,1311,831,1026,1117,791,1351
11th Feb 26 2026,92,64,14,2,1492,650,1120,1023,818,1325
10th Feb 26 2026,139,38,32,1,1574,567,1148,994,817,1325
9th Feb 26 2026,390,18,52,1,1514,629,1069,1075,804,1340
6th Feb 26 2026,59,75,29,3,1123,1019,772,1371,684,1459
5th Feb 26 2026,55,92,34,6,1160,982,779,1364,692,1451
4th Feb 26 2026,240,55,45,18,1346,796,844,1299,724,1419
3rd Feb 26 2026,528,11,28,18,1138,1005,747,1396,704,1439
2nd Feb 26 2026,76,74,16,19,451,1693,370,1774,532,1612
1st Feb 26 2026,59,238,8,4,434,1709,359,1784,494,1649
30th Jan 26 2026,170,96,14,6,669,1472,495,1646,602,1539
29th Jan 26 2026,141,62,24,5,533,1608,433,1708,570,1571
28th Jan 26 2026,350,19,12,6,537,1603,424,1716,557,1583
27th Jan 26 2026,99,73,4,10,307,1836,322,1821,483,1660
23rd Jan 26 2026,55,211,2,6,272,1868,294,1846,476,1664
22nd Jan 26 2026,183,55,3,4,362,1778,371,1769,545,1595
21st Jan 26 2026,58,146,21,2,231,1908,290,1849,486,1653
20th Jan 26 2026,30,377,25,1,254,1884,316,1822,521,1617
19th Jan 26 2026,42,90,29,2,448,1692,473,1667,623,1517
16th Jan 26 2026,72,31,27,2,535,1601,532,1604,672,1464
14th Jan 26 2026,84,21,7,1,523,1612,552,1583,685,1450
13th Jan 26 2026,70,17,5,1,485,1650,521,1614,674,1461
12th Jan 26 2026,60,74,6,3,424,1714,501,1637,666,1472
9th Jan 26 2026,17,102,4,3,428,1705,533,1600,682,1451
8th Jan 26 2026,15,140,7,3,664,1470,697,1437,768,1366
7th Jan 26 2026,67,18,14,3,1058,1076,912,1222,854,1280
6th Jan 26 2026,44,26,16,1,1023,1110,876,1257,841,1292
5th Jan 26 2026,64,38,15,1,1138,997,933,1202,865,1270
2nd Jan 26 2026,102,11,12,1,1314,818,952,1180,867,1265
1st Jan 26 2026,64,15,9,2,1072,1061,827,1306,813,1320
31st Dec 25 2025,83,15,7,2,1047,1084,804,1327,810,1321
30th Dec 25 2025,56,35,9,2,773,1356,686,1443,759,1370
29th Dec 25 2025,43,46,13,0,749,1384,712,1421,763,1370
26th Dec 25 2025,63,19,19,0,927,1203,764,1366,793,1337
24th Dec 25 2025,57,15,13,0,1079,1050,800,1329,810,1319
23rd Dec 25 2025,66,16,9,2,1129,1000,806,1323,817,1312
22nd Dec 25 2025,114,13,8,1,1011,1120,747,1384,800,1331
19th Dec 25 2025,90,17,9,1,698,1430,638,1490,758,1370
18th Dec 25 2025,40,29,11,1,491,1637,537,1591,715,1413
17th Dec 25 2025,31,55,13,1,494,1632,567,1559,723,1403
16th Dec 25 2025,38,28,14,0,624,1502,617,1509,755,1371
15th Dec 25 2025,79,21,16,1,745,1380,672,1453,777,1348
12th Dec 25 2025,100,11,9,3,694,1426,650,1471,759,1362
11th Dec 25 2025,77,16,5,3,503,1616,558,1561,724,1396
10th Dec 25 2025,53,29,7,2,388,1727,477,1638,707,1409
9th Dec 25 2025,133,15,1,2,425,1690,512,1603,712,1404
8th Dec 25 2025,18,240,3,2,320,1797,460,1657,684,1434
5th Dec 25 2025,32,36,3,3,540,1574,618,1496,782,1333
4th Dec 25 2025,31,27,3,4,530,1584,638,1476,789,1326
3rd Dec 25 2025,17,42,1,3,534,1579,635,1478,806,1308
2nd Dec 25 2025,27,33,5,2,646,1467,707,1406,826,1288
1st Dec 25 2025,63,38,6,2,727,1387,739,1376,851,1264
28th Nov 25 2025,56,19,2,2,753,1356,761,1349,857,1253
27th Nov 25 2025,53,19,2,3,740,1367,753,1355,853,1255
26th Nov 25 2025,84,12,3,2,745,1361,757,1350,866,1241
25th Nov 25 2025,71,13,4,3,557,1548,641,1466,814,1293
24th Nov 25 2025,35,135,5,6,515,1593,620,1489,792,1317
21st Nov 25 2025,31,35,5,4,604,1498,693,1411,847,1257
20th Nov 25 2025,38,24,8,4,758,1344,819,1284,886,1217
19th Nov 25 2025,41,42,6,3,787,1313,825,1276,905,1196
18th Nov 25 2025,38,36,12,3,775,1323,833,1266,905,1194
17th Nov 25 2025,96,49,11,2,941,1160,907,1195,953,1149
14th Nov 25 2025,75,44,12,2,872,1223,875,1221,931,1165
13th Nov 25 2025,71,48,12,2,854,1239,872,1222,956,1138
12th Nov 25 2025,104,28,8,2,888,1203,902,1190,965,1127
11th Nov 25 2025,68,52,7,8,741,1352,813,1281,924,1170
10th Nov 25 2025,81,88,11,7,742,1352,812,1283,926,1169
7th Nov 25 2025,74,38,11,2,668,1422,809,1281,923,1167
6th Nov 25 2025,45,147,13,2,606,1483,806,1283,911,1178
4th Nov 25 2025,39,28,15,0,880,1208,966,1122,1013,1075
3rd Nov 25 2025,98,37,17,0,1099,992,1082,1009,1055,1036
31st Oct 25 2025,43,30,12,0,978,1106,1014,1070,1024,1060
30th Oct 25 2025,51,23,10,0,1130,954,1096,988,1056,1028
29th Oct 25 2025,89,23,11,0,1167,916,1103,980,1067,1016
28th Oct 25 2025,62,29,13,1,1003,1085,999,1089,1028,1060
27th Oct 25 2025,80,35,19,1,1026,1068,1009,1085,1050,1044
24th Oct 25 2025,50,26,17,3,984,1104,973,1115,1014,1074
23rd Oct 25 2025,78,48,19,3,1071,1017,1013,1075,1039,1049
21st Oct 25 2025,55,2,22,0,1127,960,1027,1060,1045,1042
20th Oct 25 2025,95,43,14,2,941,1152,915,1178,1000,1093
17th Oct 25 2025,44,42,11,1,848,1237,859,1226,966,1119
16th Oct 25 2025,78,34,13,2,934,1148,921,1161,999,1083
15th Oct 25 2025,89,27,13,2,831,1251,872,1210,965,1117
14th Oct 25 2025,43,66,24,3,679,1401,783,1297,927,1153
13th Oct 25 2025,55,42,17,4,858,1225,903,1180,992,1091
10th Oct 25 2025,85,25,19,3,1007,1071,975,1103,1031,1047
9th Oct 25 2025,92,39,31,5,912,1168,926,1154,1007,1073
8th Oct 25 2025,78,26,30,2,824,1253,879,1198,991,1086
7th Oct 25 2025,62,33,22,1,910,1165,933,1142,1007,1068
6th Oct 25 2025,82,35,19,1,940,1134,946,1128,1006,1068
3rd Oct 25 2025,128,13,11,1,911,1161,929,1143,1022,1051
1st Oct 25 2025,126,8,12,1,690,1379,787,1282,964,1106
30th Sep 25 2025,44,30,8,2,488,1575,615,1448,882,1182
29th Sep 25 2025,63,63,14,3,456,1609,624,1441,880,1186
26th Sep 25 2025,14,115,18,1,450,1607,615,1442,884,1174
25th Sep 25 2025,42,37,21,1,750,1306,896,1160,1010,1047
24th Sep 25 2025,55,29,19,2,943,1112,1055,1000,1073,983
23rd Sep 25 2025,68,24,21,2,1116,938,1157,897,1115,940
22nd Sep 25 2025,80,40,26,2,1214,845,1200,860,1156,904
19th Sep 25 2025,71,20,21,1,1395,659,1300,756,1178,878
18th Sep 25 2025,57,17,20,1,1443,610,1307,747,1172,882
17th Sep 25 2025,76,17,24,1,1456,594,1300,751,1167,884
16th Sep 25 2025,80,13,17,1,1394,656,1243,808,1137,914
15th Sep 25 2025,88,17,14,1,1310,743,1124,930,1087,967
12th Sep 25 2025,55,13,15,1,1214,835,1074,976,1055,995
11th Sep 25 2025,53,24,22,1,1217,832,1062,988,1042,1008
10th Sep 25 2025,94,21,18,0,1206,843,1050,1000,1045,1005
9th Sep 25 2025,65,28,24,0,1016,1032,911,1138,987,1062
8th Sep 25 2025,127,18,33,1,1003,1048,892,1160,996,1056
5th Sep 25 2025,87,13,27,1,906,1141,860,1188,956,1092
4th Sep 25 2025,51,28,19,2,945,1103,857,1192,974,1075
3rd Sep 25 2025,113,12,16,0,1047,999,909,1138,989,1058
2nd Sep 25 2025,121,23,11,1,869,1176,785,1262,949,1098
1st Sep 25 2025,127,16,12,2,732,1316,703,1346,912,1137
29th Aug 25 2025,52,23,8,2,513,1531,574,1471,829,1216
28th Aug 25 2025,30,61,6,2,526,1517,590,1454,843,1201
26th Aug 25 2025,29,62,11,3,629,1409,687,1352,904,1135
25th Aug 25 2025,73,34,24,0,941,1100,892,1150,1001,1041
22nd Aug 25 2025,53,17,22,0,911,1126,897,1141,986,1052
21st Aug 25 2025,59,20,21,0,1020,1018,959,1080,1002,1037
20th Aug 25 2025,108,10,20,1,1005,1030,950,1086,998,1038
19th Aug 25 2025,125,14,18,1,952,1082,900,1135,991,1044
18th Aug 25 2025,148,31,18,1,779,1258,804,1234,944,1094
14th Aug 25 2025,46,74,15,3,547,1484,640,1391,875,1157
13th Aug 25 2025,110,48,11,5,595,1436,678,1353,913,1119
12th Aug 25 2025,77,51,6,5,498,1533,615,1417,885,1147
11th Aug 25 2025,89,63,6,3,439,1592,600,1432,872,1160
8th Aug 25 2025,49,75,8,4,371,1662,546,1487,842,1191
7th Aug 25 2025,53,52,8,5,442,1591,635,1398,924,1109
6th Aug 25 2025,40,72,8,5,459,1572,638,1393,938,1093
5th Aug 25 2025,48,40,9,5,570,1458,730,1298,991,1037
4th Aug 25 2025,95,46,13,4,573,1456,776,1253,1017,1012
1st Aug 25 2025,35,118,10,0,445,1581,708,1318,973,1053
31st Jul 25 2025,53,47,10,1,577,1445,862,1160,1069,953
30th Jul 25 2025,93,33,10,1,677,1341,980,1038,1104,914
29th Jul 25 2025,119,18,10,1,610,1408,947,1070,1097,921
28th Jul 25 2025,38,118,10,4,493,1529,802,1220,1042,980
25th Jul 25 2025,23,88,10,3,630,1386,1000,1017,1130,887
24th Jul 25 2025,46,36,12,2,957,1060,1300,717,1261,755
23rd Jul 25 2025,52,28,15,2,1086,930,1355,661,1281,735
22nd Jul 25 2025,58,21,16,2,1041,973,1370,645,1274,741
21st Jul 25 2025,71,32,15,3,1132,886,1424,594,1286,732
18th Jul 25 2025,50,18,15,1,1154,859,1462,551,1302,711
17th Jul 25 2025,63,15,16,1,1322,690,1545,467,1329,683
16th Jul 25 2025,87,13,12,0,1328,683,1547,464,1315,696
15th Jul 25 2025,102,7,9,0,1251,761,1489,523,1284,728
14th Jul 25 2025,71,20,16,1,997,1017,1355,659,1209,805
11th Jul 25 2025,42,15,6,0,989,1022,1392,619,1207,804
10th Jul 25 2025,68,10,11,1,1209,797,1497,509,1259,747
9th Jul 25 2025,75,8,10,1,1242,763,1501,505,1248,758
8th Jul 25 2025,56,15,13,1,1212,796,1485,523,1244,764
7th Jul 25 2025,65,27,19,1,1264,746,1513,497,1257,753
4th Jul 25 2025,65,15,18,1,1368,640,1564,444,1269,739
3rd Jul 25 2025,71,14,19,0,1352,653,1535,470,1253,752
2nd Jul 25 2025,55,20,21,0,1339,664,1527,476,1226,777
1st Jul 25 2025,79,20,26,0,1436,563,1559,440,1240,759
30th Jun 25 2025,112,16,29,0,1470,530,1566,434,1251,749
27th Jun 25 2025,89,13,23,0,1420,576,1530,466,1235,761
26th Jun 25 2025,63,12,22,0,1355,642,1510,487,1203,794
25th Jun 25 2025,152,6,10,0,1353,643,1505,491,1200,796
24th Jun 25 2025,95,15,5,1,1043,954,1343,653,1104,894
23rd Jun 25 2025,72,19,5,1,834,1165,1199,800,1059,941
20th Jun 25 2025,80,11,7,1,825,1169,1230,764,1043,952
19th Jun 25 2025,17,81,6,0,587,1407,1117,877,996,999
18th Jun 25 2025,38,23,4,0,926,1066,1352,640,1111,882
17th Jun 25 2025,47,36,7,1,1014,978,1404,588,1145,848
16th Jun 25 2025,74,15,9,1,1246,749,1504,491,1188,808
13th Jun 25 2025,38,23,16,1,1185,806,1516,475,1160,832
12th Jun 25 2025,36,47,21,0,1420,570,1592,398,1216,775
11th Jun 25 2025,110,19,25,0,1642,346,1705,283,1292,697
10th Jun 25 2025,104,9,30,1,1636,352,1682,306,1272,717
9th Jun 25 2025,154,9,24,0,1622,369,1664,327,1249,743
6th Jun 25 2025,114,18,21,0,1489,500,1576,413,1169,821
5th Jun 25 2025,116,6,15,0,1451,537,1509,479,1121,868
4th Jun 25 2025,99,19,13,0,1370,617,1486,501,1089,899
3rd Jun 25 2025,70,23,17,0,1314,672,1475,511,1064,923
2nd Jun 25 2025,122,46,23,0,1419,567,1508,478,1062,925
30th May 25 2025,91,58,26,0,1435,548,1517,466,1059,925
29th May 25 2025,103,44,34,0,1504,478,1538,444,1098,885
28th May 25 2025,97,30,24,1,1542,439,1551,430,1078,904
27th May 25 2025,79,27,27,1,1586,394,1575,406,1086,895
26th May 25 2025,113,39,19,0,1628,355,1614,370,1069,915
23rd May 25 2025,83,29,23,1,1635,344,1605,375,1049,931
22nd May 25 2025,70,37,26,1,1612,367,1574,406,1009,971
21st May 25 2025,84,36,30,1,1675,303,1600,379,1016,963
20th May 25 2025,57,71,54,1,1648,330,1586,393,982,997
19th May 25 2025,178,29,80,0,1768,213,1689,293,1049,933
16th May 25 2025,190,26,157,0,1756,222,1646,333,996,983
15th May 25 2025,151,26,87,0,1711,266,1549,429,931,1047
14th May 25 2025,205,10,43,1,1697,279,1481,496,862,1115
13th May 25 2025,163,17,33,1,1591,385,1297,680,776,1201
12th May 25 2025,971,8,14,1,1451,527,1165,814,730,1249
9th May 25 2025,43,44,8,3,538,1438,645,1332,519,1458
8th May 25 2025,47,38,5,2,635,1343,679,1299,534,1443
7th May 25 2025,86,21,4,3,787,1190,801,1176,581,1396
6th May 25 2025,14,316,5,1,674,1302,704,1272,531,1445
5th May 25 2025,132,20,11,1,1067,910,936,1041,646,1331
2nd May 25 2025,39,31,6,3,816,1161,821,1156,600,1377
30th Apr 25 2025,16,105,7,4,876,1099,828,1147,603,1372
29th Apr 25 2025,54,25,10,1,1232,743,1044,931,663,1312
28th Apr 25 2025,62,36,17,1,1283,694,1073,904,676,1301
25th Apr 25 2025,19,355,17,0,1295,679,1041,933,655,1319
24th Apr 25 2025,86,28,28,1,1751,225,1414,562,776,1200
23rd Apr 25 2025,95,13,42,1,1774,202,1391,585,783,1193
22nd Apr 25 2025,132,13,72,1,1769,206,1382,593,766,1209
21st Apr 25 2025,183,9,102,1,1755,221,1298,678,740,1236
17th Apr 25 2025,85,12,41,1,1630,343,1107,866,656,1317
16th Apr 25 2025,145,13,67,1,1627,346,1044,929,614,1359
15th Apr 25 2025,443,6,15,0,1497,476,904,1069,563,1410
11th Apr 25 2025,311,4,5,3,909,1062,576,1395,446,1525
9th Apr 25 2025,39,91,5,18,507,1462,399,1570,361,1608
8th Apr 25 2025,259,12,6,8,562,1408,440,1530,376,1594
7th Apr 25 2025,4,818,12,17,298,1672,292,1678,303,1667
4th Apr 25 2025,28,465,21,8,794,1175,555,1414,446,1523
3rd Apr 25 2025,201,22,30,2,1415,554,878,1091,551,1418
2nd Apr 25 2025,160,10,11,1,1258,710,754,1214,507,1461
1st Apr 25 2025,293,33,7,3,1052,917,648,1321,444,1525
28th Mar 25 2025,52,58,9,2,897,1067,633,1331,482,1482
27th Mar 25 2025,122,88,13,2,989,975,649,1315,494,1470
26th Mar 25 2025,26,178,19,3,955,1008,599,1364,456,1507
1st Apr 26 2026,1133,10,11,7,478,1657,332,1803,380,1755
30th Mar 26 2026,31,736,6,40,195,1941,206,1930,309,1827
27th Mar 26 2026,33,634,8,13,287,1848,248,1887,359,1776
25th Mar 26 2026,216,20,6,7,482,1653,328,1807,392,1743
24th Mar 26 2026,290,29,7,9,269,1866,244,1891,349,1786
23rd Mar 26 2026,6,968,5,5,145,1991,167,1969,297,1839
20th Mar 26 2026,101,27,14,5,370,1765,321,1814,396,1739
19th Mar 26 2026,17,305,6,3,264,1871,250,1885,376,1759
18th Mar 26 2026,318,9,7,3,498,1637,391,1744,450,1685
17th Mar 26 2026,99,18,6,8,260,1875,303,1832,407,1728
16th Mar 26 2026,40,119,5,6,192,1944,255,1881,379,1757
13th Mar 26 2026,18,376,9,7,214,1921,294,1841,383,1752
12th Mar 26 2026,59,49,11,6,433,1702,420,1715,448,1687
11th Mar 26 2026,76,54,11,5,438,1698,430,1706,468,1668
10th Mar 26 2026,277,15,11,5,447,1688,440,1696,478,1658
9th Mar 26 2026,28,281,6,13,274,1861,335,1801,417,1719
6th Mar 26 2026,59,39,4,8,392,1743,454,1682,503,1633
5th Mar 26 2026,114,19,9,3,405,1730,471,1665,513,1623
4th Mar 26 2026,47,261,8,4,293,1842,404,1732,470,1666
2nd Mar 26 2026,61,261,6,4,445,1690,493,1643,563,1573
27th Feb 26 2026,43,59,8,1,689,1445,689,1446,669,1466
26th Feb 26 2026,67,21,9,5,832,1302,761,1374,704,1431
25th Feb 26 2026,56,42,5,4,791,1343,745,1390,698,1437
24th Feb 26 2026,25,94,9,3,702,1432,676,1459,686,1449
23rd Feb 26 2026,63,47,6,2,861,1274,785,1351,717,1419
20th Feb 26 2026,49,30,9,5,833,1301,772,1363,708,1427
19th Feb 26 2026,36,51,9,5,801,1333,758,1377,705,1430
18th Feb 26 2026,69,16,6,5,1092,1042,927,1208,772,1363
17th Feb 26 2026,110,18,8,3,1031,1103,866,1269,749,1386
16th Feb 26 2026,51,105,12,4,924,1211,779,1357,728,1408
13th Feb 26 2026,35,166,21,1,960,1174,792,1343,724,1411
12th Feb 26 2026,62,103,27,1,1308,826,1024,1111,790,1344
11th Feb 26 2026,92,63,14,2,1488,646,1117,1018,817,1318
10th Feb 26 2026,138,38,32,1,1569,564,1144,990,816,1318
9th Feb 26 2026,388,18,52,1,1510,625,1066,1070,803,1333
6th Feb 26 2026,59,75,29,3,1120,1014,770,1365,683,1452
5th Feb 26 2026,55,91,34,6,1157,977,778,1357,691,1444
4th Feb 26 2026,240,54,45,18,1343,791,844,1291,723,1412
3rd Feb 26 2026,525,11,28,18,1135,1000,746,1389,703,1432
2nd Feb 26 2026,76,74,16,19,451,1685,370,1766,532,1604
1st Feb 26 2026,59,238,8,4,433,1702,359,1776,493,1642
30th Jan 26 2026,168,96,14,6,667,1466,495,1638,601,1532
29th Jan 26 2026,140,62,24,5,532,1601,433,1700,569,1564
28th Jan 26 2026,349,19,12,6,537,1595,424,1708,556,1576
27th Jan 26 2026,100,71,4,10,307,1828,322,1813,483,1652
23rd Jan 26 2026,54,209,2,6,272,1860,294,1838,476,1656
22nd Jan 26 2026,179,55,3,4,362,1770,371,1761,545,1587
21st Jan 26 2026,58,143,21,2,232,1899,291,1840,487,1644
20th Jan 26 2026,30,374,25,1,255,1875,317,1813,522,1608
19th Jan 26 2026,43,88,30,2,449,1683,474,1658,623,1509
16th Jan 26 2026,72,31,27,2,536,1592,533,1595,672,1456
14th Jan 26 2026,84,21,7,1,524,1603,553,1574,685,1442
13th Jan 26 2026,70,16,5,1,485,1642,521,1606,674,1453
12th Jan 26 2026,61,73,6,3,425,1705,502,1628,666,1464
9th Jan 26 2026,17,102,4,3,428,1697,533,1592,682,1443
8th Jan 26 2026,15,139,7,3,665,1461,697,1429,768,1358
7th Jan 26 2026,67,17,14,3,1056,1070,911,1215,854,1272
6th Jan 26 2026,44,26,16,1,1018,1107,874,1251,840,1285
5th Jan 26 2026,64,38,15,1,1136,991,931,1196,863,1264
2nd Jan 26 2026,102,11,12,1,1311,813,950,1174,865,1259
1st Jan 26 2026,63,15,9,2,1070,1055,827,1298,812,1313
31st Dec 25 2025,83,15,7,2,1044,1079,802,1321,810,1313
30th Dec 25 2025,56,34,9,2,773,1348,686,1435,759,1362
29th Dec 25 2025,43,46,13,0,748,1377,711,1414,763,1362
26th Dec 25 2025,64,19,19,0,926,1196,763,1359,793,1329
24th Dec 25 2025,57,15,13,0,1077,1044,798,1323,810,1311
23rd Dec 25 2025,66,16,9,2,1127,994,805,1316,816,1305
22nd Dec 25 2025,113,13,8,1,1010,1113,746,1377,799,1324
19th Dec 25 2025,90,17,9,1,697,1423,637,1483,757,1363
18th Dec 25 2025,40,29,11,1,491,1629,537,1583,714,1406
17th Dec 25 2025,31,54,13,1,494,1624,568,1550,722,1396
16th Dec 25 2025,38,28,14,0,624,1494,617,1501,754,1364
15th Dec 25 2025,79,21,16,1,743,1374,671,1446,776,1341
12th Dec 25 2025,100,10,9,3,693,1419,649,1464,758,1355
11th Dec 25 2025,77,15,5,3,502,1609,558,1553,723,1389
10th Dec 25 2025,53,28,7,2,388,1719,478,1629,706,1402
9th Dec 25 2025,133,15,1,2,424,1683,512,1595,711,1397
8th Dec 25 2025,18,237,3,2,319,1790,461,1648,683,1427
5th Dec 25 2025,32,36,3,3,536,1570,613,1493,781,1326
4th Dec 25 2025,29,27,3,4,526,1580,633,1473,788,1319
3rd Dec 25 2025,17,41,1,3,532,1573,631,1474,805,1301
2nd Dec 25 2025,27,33,5,2,642,1463,702,1403,824,1282
1st Dec 25 2025,62,37,6,2,723,1383,734,1373,848,1259
28th Nov 25 2025,56,20,2,2,748,1353,756,1346,855,1247
27th Nov 25 2025,52,17,2,3,736,1363,750,1350,852,1248
26th Nov 25 2025,83,12,3,2,741,1357,752,1347,864,1235
25th Nov 25 2025,70,13,4,3,554,1543,637,1462,811,1288
24th Nov 25 2025,35,134,5,6,514,1586,617,1484,790,1311
21st Nov 25 2025,30,34,5,4,601,1493,690,1406,844,1252
20th Nov 25 2025,38,23,8,4,755,1339,816,1279,883,1212
19th Nov 25 2025,42,41,6,3,785,1307,822,1271,902,1191
18th Nov 25 2025,37,36,12,3,772,1318,830,1261,902,1189
17th Nov 25 2025,95,46,11,2,937,1156,903,1191,950,1144
14th Nov 25 2025,74,44,12,2,868,1219,871,1217,928,1160
13th Nov 25 2025,70,49,12,2,850,1235,869,1217,953,1133
12th Nov 25 2025,104,27,8,2,884,1199,899,1185,962,1122
11th Nov 25 2025,68,52,7,8,738,1347,810,1276,921,1165
10th Nov 25 2025,81,88,11,7,739,1347,809,1278,923,1164
7th Nov 25 2025,73,38,10,2,665,1417,806,1276,920,1162
6th Nov 25 2025,44,145,12,2,603,1478,804,1277,908,1173
4th Nov 25 2025,39,28,14,0,876,1204,964,1116,1010,1070
3rd Nov 25 2025,97,37,16,0,1095,988,1079,1004,1052,1031
31st Oct 25 2025,42,30,11,0,973,1103,1011,1065,1021,1055
30th Oct 25 2025,51,23,10,0,1127,949,1093,983,1054,1022
29th Oct 25 2025,87,23,11,0,1164,911,1100,975,1065,1010
28th Oct 25 2025,61,29,13,1,1001,1079,998,1082,1026,1054
27th Oct 25 2025,79,36,19,1,1022,1064,1008,1078,1048,1038
24th Oct 25 2025,49,26,17,3,980,1100,972,1108,1012,1068
23rd Oct 25 2025,77,48,19,3,1068,1012,1012,1068,1037,1043
21st Oct 25 2025,55,2,22,0,1125,954,1025,1054,1043,1036
20th Oct 25 2025,95,42,14,2,940,1145,914,1171,998,1087
17th Oct 25 2025,43,42,11,1,847,1230,858,1219,964,1113
16th Oct 25 2025,77,34,13,2,933,1141,920,1154,997,1077
15th Oct 25 2025,89,27,13,2,830,1244,871,1203,963,1111
14th Oct 25 2025,43,67,24,3,677,1395,782,1290,925,1147
13th Oct 25 2025,55,41,17,4,857,1218,902,1173,990,1085
10th Oct 25 2025,85,24,19,3,1006,1064,974,1096,1029,1041
9th Oct 25 2025,91,39,31,5,911,1161,925,1147,1005,1067
8th Oct 25 2025,78,26,30,2,823,1246,878,1191,989,1080
7th Oct 25 2025,62,33,22,1,909,1158,932,1135,1005,1062
6th Oct 25 2025,83,35,19,1,939,1127,943,1123,1004,1062
3rd Oct 25 2025,128,12,11,1,910,1154,927,1137,1020,1045
1st Oct 25 2025,126,8,12,1,690,1371,786,1275,962,1100
30th Sep 25 2025,42,30,8,2,487,1568,614,1441,880,1176
29th Sep 25 2025,63,61,14,3,457,1600,623,1434,878,1180
26th Sep 25 2025,14,113,18,1,450,1599,614,1435,882,1168
25th Sep 25 2025,42,36,21,1,749,1299,893,1155,1008,1041
24th Sep 25 2025,55,29,18,2,940,1107,1050,997,1070,978
23rd Sep 25 2025,67,23,20,2,1113,933,1153,893,1112,935
22nd Sep 25 2025,79,40,25,2,1208,843,1195,857,1153,899
19th Sep 25 2025,69,20,20,1,1392,654,1295,753,1175,873
18th Sep 25 2025,55,17,20,1,1440,605,1303,743,1170,876
17th Sep 25 2025,75,17,24,1,1454,588,1297,746,1165,878
16th Sep 25 2025,79,12,17,1,1392,650,1241,802,1135,908
15th Sep 25 2025,88,16,14,0,1308,737,1122,924,1085,961
12th Sep 25 2025,55,12,15,1,1211,830,1072,970,1053,989
11th Sep 25 2025,53,23,22,1,1215,826,1059,983,1040,1002
10th Sep 25 2025,93,20,18,0,1204,837,1046,996,1043,999
9th Sep 25 2025,66,27,24,0,1015,1025,909,1132,985,1056
8th Sep 25 2025,125,17,33,1,999,1044,888,1156,993,1051
5th Sep 25 2025,86,13,27,1,901,1138,857,1183,953,1087
4th Sep 25 2025,50,28,19,2,942,1097,853,1187,971,1069
3rd Sep 25 2025,111,12,15,0,1044,993,905,1133,986,1052
2nd Sep 25 2025,121,22,11,0,866,1170,781,1257,946,1092
1st Sep 25 2025,127,14,12,1,729,1310,700,1340,909,1131
29th Aug 25 2025,50,22,8,1,510,1525,571,1465,826,1210
28th Aug 25 2025,30,59,6,1,523,1511,587,1448,841,1194
26th Aug 25 2025,28,60,11,2,625,1404,683,1347,901,1129
25th Aug 25 2025,72,33,23,0,936,1096,887,1146,999,1034
22nd Aug 25 2025,52,16,21,0,907,1121,893,1136,984,1045
21st Aug 25 2025,58,19,21,0,1014,1015,955,1075,1000,1030
20th Aug 25 2025,108,9,20,1,1002,1024,946,1081,996,1031
19th Aug 25 2025,123,14,17,1,948,1077,896,1130,989,1037
18th Aug 25 2025,146,31,16,1,775,1253,801,1228,942,1087
14th Aug 25 2025,45,74,14,3,545,1477,637,1385,872,1151
13th Aug 25 2025,109,48,10,5,592,1430,676,1346,910,1113
12th Aug 25 2025,76,51,5,5,494,1528,613,1410,882,1141
11th Aug 25 2025,86,63,5,3,436,1586,598,1425,870,1153
8th Aug 25 2025,47,74,7,4,369,1655,544,1480,840,1184
7th Aug 25 2025,52,52,7,5,441,1583,634,1390,922,1102
6th Aug 25 2025,39,72,7,5,458,1564,637,1385,936,1086
5th Aug 25 2025,47,40,8,5,568,1451,728,1291,988,1031
4th Aug 25 2025,93,46,12,4,571,1449,774,1246,1013,1007
1st Aug 25 2025,34,118,9,0,442,1575,705,1312,970,1047
31st Jul 25 2025,52,47,9,1,574,1439,858,1155,1066,947
30th Jul 25 2025,91,33,9,1,674,1335,976,1033,1101,908
29th Jul 25 2025,117,18,9,1,607,1402,943,1065,1094,915
28th Jul 25 2025,37,116,9,4,491,1522,800,1213,1039,974
25th Jul 25 2025,22,87,9,3,628,1379,996,1012,1126,882
24th Jul 25 2025,44,36,11,2,954,1054,1296,712,1257,750
23rd Jul 25 2025,51,28,14,2,1083,924,1352,655,1277,730
22nd Jul 25 2025,56,21,16,2,1038,967,1365,641,1270,736
21st Jul 25 2025,70,32,15,3,1129,880,1420,589,1283,726
18th Jul 25 2025,50,18,15,1,1151,854,1458,547,1300,705
17th Jul 25 2025,62,15,16,1,1317,686,1539,464,1325,678
16th Jul 25 2025,87,13,12,0,1323,679,1542,460,1312,690
15th Jul 25 2025,101,7,9,0,1246,757,1484,519,1281,722
14th Jul 25 2025,71,20,16,1,993,1012,1350,655,1206,799
11th Jul 25 2025,42,15,6,0,986,1016,1388,614,1204,798
10th Jul 25 2025,67,10,11,1,1206,791,1493,504,1256,741
9th Jul 25 2025,75,8,10,1,1239,757,1497,500,1245,752
8th Jul 25 2025,55,15,13,1,1207,792,1480,519,1241,758
7th Jul 25 2025,64,27,19,1,1260,741,1508,493,1254,747
4th Jul 25 2025,65,15,18,1,1364,635,1559,440,1265,734
3rd Jul 25 2025,71,14,19,0,1348,648,1531,465,1250,746
2nd Jul 25 2025,55,20,21,0,1335,659,1522,472,1223,771
1st Jul 25 2025,79,20,26,0,1430,560,1554,436,1237,753
30th Jun 25 2025,112,16,29,0,1465,526,1562,429,1248,743
27th Jun 25 2025,89,13,23,0,1416,571,1525,462,1232,755
26th Jun 25 2025,63,12,22,0,1351,637,1506,482,1200,788
25th Jun 25 2025,151,6,10,0,1348,639,1499,488,1197,790
24th Jun 25 2025,95,15,5,1,1037,951,1338,649,1101,888
23rd Jun 25 2025,72,19,5,1,830,1160,1195,795,1056,935
20th Jun 25 2025,79,11,7,1,820,1165,1224,761,1040,946
19th Jun 25 2025,17,81,6,0,585,1400,1114,871,994,992
18th Jun 25 2025,38,23,4,0,922,1061,1347,636,1108,876
17th Jun 25 2025,46,36,7,1,1008,975,1397,586,1142,842
16th Jun 25 2025,74,15,9,1,1240,746,1498,488,1185,802
13th Jun 25 2025,38,23,16,1,1178,804,1509,473,1156,827
12th Jun 25 2025,33,47,21,0,1413,568,1584,397,1212,770
11th Jun 25 2025,109,19,25,0,1634,345,1699,280,1289,691
10th Jun 25 2025,103,9,29,1,1629,350,1677,302,1269,711
9th Jun 25 2025,151,9,23,0,1615,367,1660,322,1246,737
6th Jun 25 2025,113,18,21,0,1485,495,1573,407,1166,815
5th Jun 25 2025,115,6,15,0,1446,533,1506,473,1118,862
4th Jun 25 2025,98,18,13,0,1365,613,1484,494,1086,893
3rd Jun 25 2025,68,23,17,0,1311,666,1473,504,1061,917
2nd Jun 25 2025,121,46,23,0,1416,561,1506,471,1059,919
30th May 25 2025,91,56,26,0,1430,544,1515,459,1056,919
29th May 25 2025,103,43,34,0,1501,472,1535,438,1095,879
28th May 25 2025,96,30,24,1,1536,436,1547,425,1075,898
27th May 25 2025,79,27,27,1,1580,391,1572,400,1083,889
26th May 25 2025,113,39,19,0,1622,352,1610,365,1066,909
23rd May 25 2025,83,29,23,1,1631,339,1602,369,1046,925
22nd May 25 2025,70,37,26,1,1609,361,1571,400,1006,965
21st May 25 2025,84,36,30,1,1670,299,1597,373,1013,957
20th May 25 2025,57,70,54,1,1645,324,1583,387,979,991
19th May 25 2025,178,29,80,0,1762,210,1686,287,1046,927
16th May 25 2025,190,26,157,0,1750,219,1643,327,993,977
15th May 25 2025,150,26,87,0,1706,262,1547,422,928,1041
14th May 25 2025,205,10,43,1,1693,274,1479,489,859,1109
13th May 25 2025,163,17,33,1,1588,379,1295,673,773,1195
12th May 25 2025,966,8,14,1,1449,520,1163,807,728,1242
9th May 25 2025,42,43,8,3,537,1430,643,1325,517,1451
8th May 25 2025,47,37,5,2,635,1334,678,1291,532,1436
7th May 25 2025,86,20,4,3,786,1182,800,1168,579,1389
6th May 25 2025,14,314,5,1,673,1294,703,1264,529,1438
5th May 25 2025,132,20,11,1,1065,903,934,1034,644,1324
2nd May 25 2025,39,31,6,3,814,1154,819,1149,598,1370
30th Apr 25 2025,16,103,7,4,874,1092,826,1140,601,1365
29th Apr 25 2025,54,25,10,1,1228,738,1042,924,661,1305
28th Apr 25 2025,62,36,17,1,1279,689,1071,897,674,1294
25th Apr 25 2025,19,353,17,0,1291,674,1039,926,653,1312
24th Apr 25 2025,85,27,28,1,1746,221,1410,557,774,1193
23rd Apr 25 2025,95,13,41,1,1769,198,1387,580,781,1186
22nd Apr 25 2025,131,13,71,1,1763,204,1379,588,764,1203
21st Apr 25 2025,182,9,102,1,1750,218,1296,672,738,1230
17th Apr 25 2025,84,12,41,1,1625,340,1105,860,654,1311
16th Apr 25 2025,143,12,67,1,1622,343,1042,923,611,1354
15th Apr 25 2025,441,6,14,0,1491,474,902,1063,560,1405
11th Apr 25 2025,309,3,4,2,905,1058,573,1390,444,1519
9th Apr 25 2025,39,90,5,17,505,1456,398,1563,360,1601
8th Apr 25 2025,257,11,6,7,560,1402,439,1523,375,1587
7th Apr 25 2025,4,812,12,16,297,1665,292,1670,302,1660
4th Apr 25 2025,27,463,20,7,789,1172,553,1408,444,1517
3rd Apr 25 2025,200,21,30,2,1410,551,876,1085,549,1412
2nd Apr 25 2025,158,9,11,1,1256,704,754,1206,506,1454
1st Apr 25 2025,288,32,7,3,1051,910,648,1313,443,1518
28th Mar 25 2025,52,58,9,2,897,1060,632,1325,481,1476
27th Mar 25 2025,122,86,13,2,989,968,648,1309,493,1464
26th Mar 25 2025,26,175,19,3,955,1001,598,1358,455,1501
25th Mar 25 2025,43,210,46,0,1177,779,692,1264,495,1461
24th Mar 26 2026,284,29,7,9,270,1860,234,1896,339,1791
23rd Mar 26 2026,6,969,5,6,144,1992,165,1971,294,1842
20th Mar 26 2026,100,27,14,5,370,1764,320,1814,394,1740
19th Mar 26 2026,17,304,6,3,265,1870,249,1886,374,1761
18th Mar 26 2026,319,9,7,3,498,1637,390,1745,447,1688
17th Mar 26 2026,99,18,6,8,259,1875,301,1833,404,1730
16th Mar 26 2026,40,120,5,7,191,1946,254,1883,377,1760
13th Mar 26 2026,18,378,9,7,213,1922,293,1842,381,1754
12th Mar 26 2026,59,49,11,6,433,1702,420,1715,446,1689
11th Mar 26 2026,77,54,12,5,438,1698,430,1706,466,1670
10th Mar 26 2026,279,16,11,5,447,1688,439,1697,475,1661
9th Mar 26 2026,28,282,6,14,273,1863,334,1803,414,1723
6th Mar 26 2026,60,40,4,8,390,1745,451,1685,500,1636
5th Mar 26 2026,114,19,9,3,402,1733,468,1668,510,1626
4th Mar 26 2026,47,261,7,4,290,1845,401,1735,467,1669
2nd Mar 26 2026,60,262,6,4,443,1693,491,1646,561,1576
27th Feb 26 2026,42,60,8,1,688,1446,687,1448,667,1468
26th Feb 26 2026,66,21,9,5,831,1303,759,1376,702,1433
25th Feb 26 2026,55,43,5,3,787,1347,742,1393,697,1438
24th Feb 26 2026,25,95,9,2,703,1431,675,1460,685,1450
23rd Feb 26 2026,63,48,6,2,859,1277,784,1353,717,1420
20th Feb 26 2026,50,30,9,4,833,1301,773,1362,708,1427
19th Feb 26 2026,36,50,9,5,799,1335,755,1380,705,1430
18th Feb 26 2026,70,17,6,6,1093,1041,927,1208,772,1363
17th Feb 26 2026,110,18,8,3,1031,1103,866,1269,749,1386
16th Feb 26 2026,51,107,12,4,925,1211,779,1358,729,1408
13th Feb 26 2026,35,166,21,1,961,1173,794,1341,725,1410
12th Feb 26 2026,62,103,28,1,1308,826,1024,1111,791,1343
11th Feb 26 2026,93,63,15,2,1489,645,1118,1017,818,1317
10th Feb 26 2026,136,38,33,1,1569,564,1146,988,817,1317
9th Feb 26 2026,388,18,52,1,1512,624,1068,1069,803,1334
6th Feb 26 2026,59,74,30,3,1122,1012,770,1365,683,1452
5th Feb 26 2026,56,91,33,6,1160,974,780,1355,690,1445
4th Feb 26 2026,238,54,44,18,1345,789,844,1291,722,1413
3rd Feb 26 2026,526,11,27,18,1138,997,747,1388,703,1432
2nd Feb 26 2026,76,74,16,19,451,1685,371,1765,532,1604
1st Feb 26 2026,58,237,9,4,433,1703,361,1775,494,1642
30th Jan 26 2026,167,96,15,6,668,1466,496,1638,603,1531
29th Jan 26 2026,140,61,25,5,534,1600,434,1700,571,1563
28th Jan 26 2026,352,19,12,6,538,1596,425,1709,558,1576
27th Jan 26 2026,101,71,4,10,308,1829,323,1814,484,1653
23rd Jan 26 2026,55,208,2,6,273,1861,295,1839,476,1658
22nd Jan 26 2026,179,56,3,4,362,1772,372,1762,545,1589
21st Jan 26 2026,58,143,21,2,232,1901,291,1842,486,1647
20th Jan 26 2026,30,373,25,1,255,1877,317,1815,521,1611
19th Jan 26 2026,43,88,30,2,449,1685,473,1661,624,1510
16th Jan 26 2026,73,32,27,2,536,1594,534,1596,673,1457
14th Jan 26 2026,84,21,7,1,524,1605,554,1575,686,1443
13th Jan 26 2026,70,17,5,1,486,1643,522,1607,675,1454
12th Jan 26 2026,61,75,6,3,425,1707,503,1629,667,1465
9th Jan 26 2026,17,102,4,3,427,1700,534,1593,683,1444
8th Jan 26 2026,15,139,7,3,664,1464,699,1429,768,1360
7th Jan 26 2026,67,17,14,3,1058,1070,914,1214,855,1273
6th Jan 26 2026,44,26,16,1,1020,1107,877,1250,841,1286
5th Jan 26 2026,64,38,15,1,1139,990,935,1194,866,1263
2nd Jan 26 2026,102,11,12,1,1313,813,954,1172,868,1258
1st Jan 26 2026,63,15,9,2,1074,1053,829,1298,814,1313
31st Dec 25 2025,83,15,7,2,1046,1079,804,1321,811,1314
30th Dec 25 2025,57,33,9,2,771,1352,686,1437,759,1364
29th Dec 25 2025,43,45,13,0,749,1378,712,1415,763,1364
26th Dec 25 2025,64,18,19,0,926,1198,764,1360,793,1331
24th Dec 25 2025,57,15,13,0,1078,1045,798,1325,810,1313
23rd Dec 25 2025,66,16,9,2,1127,996,806,1317,817,1306
22nd Dec 25 2025,115,13,8,1,1011,1114,747,1378,800,1325
19th Dec 25 2025,91,17,9,1,696,1426,638,1484,757,1365
18th Dec 25 2025,39,29,11,1,489,1633,536,1586,714,1408
17th Dec 25 2025,31,55,13,1,494,1626,567,1553,722,1398
16th Dec 25 2025,38,29,14,0,623,1497,616,1504,754,1366
15th Dec 25 2025,79,21,16,1,744,1375,673,1446,777,1342
12th Dec 25 2025,99,10,9,3,695,1418,651,1463,759,1355
11th Dec 25 2025,77,16,5,3,504,1609,559,1554,724,1390
10th Dec 25 2025,54,28,7,2,389,1720,479,1630,708,1402
9th Dec 25 2025,133,15,1,2,425,1684,513,1596,713,1397
8th Dec 25 2025,18,237,3,2,319,1792,461,1650,684,1428
5th Dec 25 2025,32,36,3,3,538,1570,615,1493,782,1327
4th Dec 25 2025,29,27,3,4,527,1581,635,1473,790,1319
3rd Dec 25 2025,18,41,1,3,532,1575,633,1474,807,1301
2nd Dec 25 2025,28,32,5,2,644,1463,705,1402,826,1282
1st Dec 25 2025,63,35,6,3,723,1385,736,1373,849,1260
28th Nov 25 2025,56,21,2,3,749,1354,757,1347,854,1250
27th Nov 25 2025,53,21,2,3,737,1363,751,1350,851,1250
26th Nov 25 2025,81,13,3,2,742,1357,754,1346,865,1235
25th Nov 25 2025,70,13,5,3,554,1544,639,1461,813,1287
24th Nov 25 2025,35,136,6,6,514,1587,619,1483,791,1311
21st Nov 25 2025,30,35,6,4,603,1491,692,1404,847,1249
20th Nov 25 2025,39,23,9,4,757,1338,818,1278,885,1211
19th Nov 25 2025,43,42,7,3,786,1307,823,1271,903,1191
18th Nov 25 2025,39,36,12,3,772,1319,832,1260,905,1187
17th Nov 25 2025,96,47,11,2,936,1158,904,1191,951,1144
14th Nov 25 2025,73,44,12,2,868,1220,872,1217,929,1160
13th Nov 25 2025,70,49,12,2,850,1236,868,1219,955,1132
12th Nov 25 2025,105,26,8,2,884,1200,899,1186,964,1121
11th Nov 25 2025,70,52,7,8,738,1348,809,1278,922,1165
10th Nov 25 2025,82,89,11,7,738,1349,807,1281,924,1164
7th Nov 25 2025,72,40,11,3,665,1418,804,1279,921,1162
6th Nov 25 2025,45,146,13,3,604,1478,803,1279,911,1171
4th Nov 25 2025,39,27,15,1,878,1203,965,1116,1012,1069
3rd Nov 25 2025,97,38,17,1,1094,990,1079,1005,1053,1031
31st Oct 25 2025,43,29,12,0,973,1103,1012,1064,1024,1052
30th Oct 25 2025,52,23,9,0,1127,949,1093,983,1055,1021
29th Oct 25 2025,85,23,11,0,1162,913,1100,975,1066,1009
28th Oct 25 2025,61,29,13,1,1000,1080,996,1084,1028,1052
27th Oct 25 2025,79,37,19,2,1023,1064,1008,1079,1050,1037
24th Oct 25 2025,49,27,17,3,980,1100,972,1108,1015,1065
23rd Oct 25 2025,77,47,19,3,1070,1010,1014,1066,1040,1040
21st Oct 25 2025,56,2,22,0,1125,954,1026,1053,1046,1033
20th Oct 25 2025,96,44,14,3,941,1145,915,1171,1000,1086
17th Oct 25 2025,44,42,11,1,848,1229,859,1218,966,1111
16th Oct 25 2025,78,34,13,2,934,1140,920,1154,999,1075
15th Oct 25 2025,89,27,13,2,830,1244,871,1203,965,1109
14th Oct 25 2025,42,66,24,3,677,1395,782,1290,927,1145
13th Oct 25 2025,55,45,18,4,856,1220,901,1175,993,1083
10th Oct 25 2025,85,25,20,3,1004,1066,972,1098,1032,1038
9th Oct 25 2025,92,39,32,5,910,1162,925,1147,1008,1064
8th Oct 25 2025,79,26,31,2,823,1246,878,1191,991,1078
7th Oct 25 2025,63,33,22,1,909,1158,933,1134,1006,1061
6th Oct 25 2025,83,36,19,1,937,1130,943,1124,1006,1061
3rd Oct 25 2025,128,13,11,1,907,1157,926,1138,1022,1043
1st Oct 25 2025,127,8,12,1,690,1371,785,1276,964,1098
30th Sep 25 2025,42,28,8,2,487,1568,614,1441,882,1174
29th Sep 25 2025,63,62,14,3,455,1603,624,1434,880,1179
26th Sep 25 2025,14,112,18,1,450,1599,615,1434,884,1166
25th Sep 25 2025,41,37,21,1,747,1301,892,1156,1009,1040
24th Sep 25 2025,54,29,19,2,941,1106,1053,994,1072,976
23rd Sep 25 2025,68,23,21,2,1115,931,1155,891,1114,933
22nd Sep 25 2025,80,41,26,2,1210,842,1197,856,1155,898
19th Sep 25 2025,69,21,20,1,1392,654,1296,752,1177,871
18th Sep 25 2025,56,17,20,1,1439,606,1304,742,1172,874
17th Sep 25 2025,75,18,24,1,1453,589,1298,745,1167,876
16th Sep 25 2025,80,12,17,1,1391,651,1242,801,1138,905
15th Sep 25 2025,88,18,15,1,1306,740,1123,924,1087,960
12th Sep 25 2025,57,13,17,1,1213,829,1074,969,1055,988
11th Sep 25 2025,55,24,24,1,1217,825,1063,980,1042,1001
10th Sep 25 2025,94,22,18,0,1206,836,1050,993,1045,998
9th Sep 25 2025,68,28,24,0,1014,1027,909,1133,987,1055
8th Sep 25 2025,127,18,33,1,1001,1043,890,1155,994,1051
5th Sep 25 2025,88,13,27,1,902,1138,858,1183,955,1086
4th Sep 25 2025,52,29,19,2,942,1098,854,1187,973,1068
3rd Sep 25 2025,112,13,15,0,1042,996,905,1134,987,1052
2nd Sep 25 2025,121,23,11,1,865,1172,782,1257,947,1092
1st Sep 25 2025,127,16,12,3,728,1312,701,1340,910,1131
29th Aug 25 2025,51,23,8,2,509,1526,571,1465,827,1209
28th Aug 25 2025,30,61,6,2,523,1511,589,1446,843,1192
26th Aug 25 2025,27,64,11,3,626,1403,685,1345,903,1127
25th Aug 25 2025,72,35,24,1,937,1096,889,1145,1001,1033
22nd Aug 25 2025,52,18,22,0,907,1121,893,1136,986,1043
21st Aug 25 2025,59,20,21,0,1015,1014,956,1074,1002,1028
20th Aug 25 2025,107,10,20,1,1002,1024,946,1081,998,1029
19th Aug 25 2025,124,14,18,1,949,1076,897,1129,991,1035
18th Aug 25 2025,147,33,17,2,776,1253,802,1228,944,1086
14th Aug 25 2025,46,74,15,3,546,1476,638,1384,874,1149
13th Aug 25 2025,111,48,11,5,592,1430,677,1345,912,1111
12th Aug 25 2025,76,51,6,5,492,1530,612,1411,884,1139
11th Aug 25 2025,85,64,6,4,437,1586,598,1426,872,1152
8th Aug 25 2025,49,74,8,4,369,1655,546,1478,842,1182
7th Aug 25 2025,53,52,8,5,441,1583,635,1389,924,1100
6th Aug 25 2025,40,73,8,5,458,1564,638,1384,938,1084
5th Aug 25 2025,48,40,9,5,569,1450,730,1289,991,1028
4th Aug 25 2025,92,47,13,4,573,1448,777,1244,1017,1004
1st Aug 25 2025,35,118,10,0,444,1573,709,1308,974,1043
31st Jul 25 2025,53,47,10,1,575,1437,861,1151,1068,944
30th Jul 25 2025,93,33,10,1,676,1332,978,1030,1104,904
29th Jul 25 2025,119,18,10,1,607,1402,946,1062,1097,912
28th Jul 25 2025,38,117,10,4,491,1523,802,1212,1041,973
25th Jul 25 2025,24,88,10,3,628,1379,1000,1008,1128,880
24th Jul 25 2025,44,35,12,2,955,1053,1298,710,1259,748
23rd Jul 25 2025,51,28,15,2,1082,925,1353,654,1279,728
22nd Jul 25 2025,57,21,16,2,1040,965,1368,638,1273,733
21st Jul 25 2025,71,33,15,3,1132,878,1423,587,1285,725
18th Jul 25 2025,49,18,15,1,1155,849,1460,544,1301,703
17th Jul 25 2025,62,16,16,1,1321,682,1544,459,1327,676
16th Jul 25 2025,87,13,13,0,1326,676,1546,456,1314,688
15th Jul 25 2025,101,8,9,0,1250,753,1486,517,1283,720
14th Jul 25 2025,73,21,16,1,997,1009,1354,652,1209,797
11th Jul 25 2025,42,15,6,0,985,1017,1388,614,1206,796
10th Jul 25 2025,67,10,11,1,1206,791,1494,503,1260,737
9th Jul 25 2025,75,9,10,2,1238,758,1497,500,1247,750
8th Jul 25 2025,56,16,13,2,1207,792,1481,518,1244,755
7th Jul 25 2025,65,28,20,1,1261,741,1508,494,1257,745
4th Jul 25 2025,66,16,19,1,1367,633,1561,439,1266,734
3rd Jul 25 2025,72,14,19,0,1349,648,1530,467,1251,746
2nd Jul 25 2025,56,21,22,0,1335,660,1522,473,1224,771
1st Jul 25 2025,81,19,27,0,1430,561,1554,437,1238,753
30th Jun 25 2025,114,16,29,0,1466,526,1562,430,1249,743
27th Jun 25 2025,89,13,23,0,1417,571,1527,461,1234,754
26th Jun 25 2025,62,12,22,0,1352,637,1506,483,1201,788
25th Jun 25 2025,151,6,10,0,1350,638,1502,486,1200,788
24th Jun 25 2025,96,14,5,1,1041,948,1340,648,1103,887
23rd Jun 25 2025,72,18,5,1,833,1158,1196,795,1058,934
20th Jun 25 2025,79,11,7,1,820,1166,1224,762,1042,945
19th Jun 25 2025,16,80,6,0,585,1401,1114,872,997,990
18th Jun 25 2025,39,24,4,0,923,1061,1346,638,1111,874
17th Jun 25 2025,46,36,6,1,1010,974,1397,587,1145,840
16th Jun 25 2025,73,15,9,1,1239,748,1497,490,1187,801
13th Jun 25 2025,38,23,16,1,1178,805,1510,473,1159,825
12th Jun 25 2025,33,47,20,0,1413,569,1584,398,1214,769
11th Jun 25 2025,108,19,25,0,1634,346,1700,280,1291,690
10th Jun 25 2025,104,8,29,1,1629,351,1677,303,1271,710
9th Jun 25 2025,151,8,23,0,1616,367,1661,322,1248,736
6th Jun 25 2025,114,17,21,0,1485,496,1573,408,1169,813
5th Jun 25 2025,116,5,15,0,1446,534,1506,474,1120,861
4th Jun 25 2025,99,19,13,0,1365,614,1483,496,1088,892
3rd Jun 25 2025,70,23,17,0,1308,670,1470,508,1063,916
2nd Jun 25 2025,121,47,23,0,1413,565,1504,474,1061,918
30th May 25 2025,91,57,26,0,1427,548,1512,463,1058,918
29th May 25 2025,103,43,34,0,1498,476,1532,442,1097,878
28th May 25 2025,96,30,24,1,1535,438,1545,428,1077,897
27th May 25 2025,79,26,27,1,1580,392,1571,402,1085,888
26th May 25 2025,113,39,19,0,1623,352,1608,368,1068,908
23rd May 25 2025,83,29,23,1,1630,341,1601,371,1048,924
22nd May 25 2025,70,36,25,1,1608,363,1570,402,1008,964
21st May 25 2025,83,35,29,1,1669,301,1595,376,1015,956
20th May 25 2025,55,71,53,1,1643,327,1580,391,980,991
19th May 25 2025,179,28,80,0,1762,211,1684,290,1048,926
16th May 25 2025,190,25,156,0,1749,221,1640,331,995,976
15th May 25 2025,149,26,86,0,1704,265,1545,425,930,1040
14th May 25 2025,205,10,43,1,1693,275,1479,490,861,1108
13th May 25 2025,163,16,33,1,1588,380,1295,674,775,1194
12th May 25 2025,963,9,14,2,1451,519,1164,807,730,1241
9th May 25 2025,42,42,8,4,536,1432,643,1326,518,1451
8th May 25 2025,47,37,5,3,634,1336,678,1292,533,1436
7th May 25 2025,86,21,4,4,785,1184,800,1169,580,1389
6th May 25 2025,13,313,5,2,671,1297,702,1266,530,1438
5th May 25 2025,132,21,11,2,1064,905,933,1036,645,1324
2nd May 25 2025,39,32,6,4,814,1155,820,1149,599,1370
30th Apr 25 2025,16,103,7,5,872,1095,825,1142,602,1365
29th Apr 25 2025,54,27,10,2,1228,739,1042,925,662,1305
28th Apr 25 2025,61,37,17,2,1279,690,1072,897,675,1294
25th Apr 25 2025,19,353,17,1,1292,674,1041,925,654,1312
24th Apr 25 2025,85,28,28,2,1747,221,1410,558,775,1193
23rd Apr 25 2025,94,14,42,2,1768,200,1388,580,783,1185
22nd Apr 25 2025,133,14,73,2,1765,203,1379,589,766,1202
21st Apr 25 2025,184,10,102,2,1751,218,1298,671,739,1230
17th Apr 25 2025,85,13,41,2,1627,339,1107,859,655,1311
16th Apr 25 2025,144,13,68,2,1623,343,1044,922,612,1354
15th Apr 25 2025,442,6,15,1,1493,473,904,1062,561,1405
11th Apr 25 2025,309,5,5,3,908,1056,575,1389,445,1519
9th Apr 25 2025,40,91,6,18,508,1454,398,1564,360,1602
8th Apr 25 2025,258,13,7,8,562,1401,440,1523,375,1588
7th Apr 25 2025,5,814,13,17,297,1666,291,1672,302,1661
4th Apr 25 2025,28,464,21,8,793,1169,553,1409,445,1517
3rd Apr 25 2025,201,23,30,3,1409,553,876,1086,550,1412
2nd Apr 25 2025,160,11,11,2,1255,706,753,1208,506,1455
1st Apr 25 2025,290,34,7,4,1051,911,647,1315,443,1519
28th Mar 25 2025,52,59,9,3,897,1060,632,1325,481,1476
27th Mar 25 2025,122,89,13,2,989,968,648,1309,493,1464
26th Mar 25 2025,26,178,18,3,954,1002,598,1358,455,1501
25th Mar 25 2025,42,211,45,0,1176,780,692,1264,495,1461
24th Mar 25 2025,175,15,129,1,1481,474,823,1132,545,1411
21st Mar 25 2025,230,12,55,0,1393,560,701,1253,472,1482
20th Mar 25 2025,131,19,23,1,1152,800,573,1380,407,1546
19th Mar 25 2025,341,8,17,2,1060,890,483,1468,363,1588
23rd Mar 26 2026,13,978,5,6,143,1982,164,1961,290,1835
20th Mar 26 2026,100,27,14,5,371,1756,321,1806,391,1736
19th Mar 26 2026,17,300,6,3,266,1862,249,1879,371,1757
18th Mar 26 2026,320,9,7,3,500,1628,391,1737,444,1684
17th Mar 26 2026,99,17,6,8,259,1868,301,1826,401,1726
16th Mar 26 2026,40,119,5,7,191,1939,254,1876,374,1756
13th Mar 26 2026,18,377,9,7,214,1914,290,1838,378,1750
12th Mar 26 2026,59,49,11,6,431,1697,417,1711,443,1685
11th Mar 26 2026,77,54,12,5,436,1693,428,1701,463,1666
10th Mar 26 2026,279,16,11,5,445,1683,436,1693,472,1657
9th Mar 26 2026,28,283,6,14,274,1855,331,1799,411,1719
6th Mar 26 2026,60,39,4,8,390,1738,448,1681,497,1632
5th Mar 26 2026,115,19,9,3,402,1726,465,1664,507,1622
4th Mar 26 2026,47,257,7,4,287,1841,398,1731,464,1665
2nd Mar 26 2026,57,261,6,4,439,1690,487,1643,555,1575
27th Feb 26 2026,42,60,8,1,684,1443,683,1445,661,1467
26th Feb 26 2026,66,21,9,5,826,1301,753,1375,696,1432
25th Feb 26 2026,55,43,5,3,782,1345,737,1391,691,1437
24th Feb 26 2026,25,95,9,2,699,1428,671,1457,679,1449
23rd Feb 26 2026,60,48,6,2,855,1274,781,1349,711,1419
20th Feb 26 2026,50,30,9,4,831,1296,767,1361,702,1426
19th Feb 26 2026,35,51,9,5,799,1328,753,1375,699,1429
18th Feb 26 2026,70,17,6,6,1090,1037,924,1204,766,1362
17th Feb 26 2026,110,18,8,3,1026,1101,863,1265,743,1385
16th Feb 26 2026,51,107,12,4,921,1208,776,1354,723,1407
13th Feb 26 2026,35,164,21,1,958,1169,792,1336,719,1409
12th Feb 26 2026,62,103,28,1,1304,823,1019,1109,785,1342
11th Feb 26 2026,93,63,15,2,1485,642,1112,1016,812,1316
10th Feb 26 2026,137,38,33,1,1565,561,1139,988,811,1316
9th Feb 26 2026,385,18,52,1,1507,622,1060,1070,797,1333
6th Feb 26 2026,59,71,30,3,1116,1011,767,1361,677,1451
5th Feb 26 2026,56,88,33,5,1155,972,772,1356,684,1444
4th Feb 26 2026,234,54,44,15,1340,787,837,1291,716,1412
3rd Feb 26 2026,522,11,27,15,1133,995,742,1386,697,1431
2nd Feb 26 2026,76,71,16,16,451,1678,371,1758,529,1600
1st Feb 26 2026,58,235,9,4,433,1696,358,1771,490,1639
30th Jan 26 2026,168,93,15,6,665,1462,493,1634,597,1530
29th Jan 26 2026,137,61,25,5,531,1596,431,1696,565,1562
28th Jan 26 2026,351,20,12,6,535,1592,422,1705,552,1575
27th Jan 26 2026,99,71,4,10,305,1825,320,1810,481,1649
23rd Jan 26 2026,52,208,2,6,270,1857,292,1835,473,1654
22nd Jan 26 2026,179,53,3,4,359,1768,369,1758,541,1586
21st Jan 26 2026,57,144,18,2,229,1897,288,1838,483,1643
20th Jan 26 2026,28,372,23,1,252,1873,314,1811,518,1607
19th Jan 26 2026,41,88,27,2,446,1681,470,1657,618,1509
16th Jan 26 2026,73,33,24,2,533,1590,531,1592,667,1456
14th Jan 26 2026,81,21,7,1,521,1601,551,1571,680,1442
13th Jan 26 2026,70,17,5,1,483,1639,519,1603,669,1453
12th Jan 26 2026,58,75,6,3,422,1703,500,1625,661,1464
9th Jan 26 2026,17,102,4,3,424,1696,531,1589,677,1443
8th Jan 26 2026,15,136,7,3,661,1460,693,1428,762,1359
7th Jan 26 2026,67,17,14,3,1052,1069,908,1213,849,1272
6th Jan 26 2026,44,26,16,1,1013,1107,871,1249,835,1285
5th Jan 26 2026,64,38,15,1,1133,989,929,1193,859,1263
2nd Jan 26 2026,102,11,12,1,1306,813,948,1171,861,1258
1st Jan 26 2026,63,15,9,2,1068,1052,823,1297,808,1312
31st Dec 25 2025,83,15,7,2,1040,1078,798,1320,805,1313
30th Dec 25 2025,57,33,9,2,768,1348,683,1433,753,1363
29th Dec 25 2025,43,45,13,0,745,1375,706,1414,757,1363
26th Dec 25 2025,62,18,19,0,920,1197,758,1359,787,1330
24th Dec 25 2025,57,15,13,0,1073,1043,793,1323,804,1312
23rd Dec 25 2025,66,16,9,2,1121,995,801,1315,811,1305
22nd Dec 25 2025,115,13,8,1,1005,1113,742,1376,794,1324
19th Dec 25 2025,91,17,9,1,691,1424,633,1482,751,1364
18th Dec 25 2025,39,29,11,1,486,1629,533,1582,708,1407
17th Dec 25 2025,31,55,13,1,492,1621,565,1548,716,1397
16th Dec 25 2025,38,30,14,0,620,1493,613,1500,748,1365
15th Dec 25 2025,79,22,16,1,739,1373,667,1445,770,1342
12th Dec 25 2025,99,10,9,3,689,1417,645,1462,752,1355
11th Dec 25 2025,78,16,6,3,501,1605,556,1550,717,1390
10th Dec 25 2025,54,28,7,2,385,1717,475,1627,701,1402
9th Dec 25 2025,133,15,1,2,421,1681,509,1593,706,1397
8th Dec 25 2025,18,236,3,2,316,1788,458,1646,678,1427
5th Dec 25 2025,32,36,3,3,533,1568,608,1493,775,1327
4th Dec 25 2025,29,27,3,4,523,1578,628,1473,783,1319
3rd Dec 25 2025,18,41,1,3,528,1572,626,1474,800,1301
2nd Dec 25 2025,28,33,5,2,637,1463,698,1402,819,1282
1st Dec 25 2025,60,36,6,3,718,1383,731,1371,842,1260
28th Nov 25 2025,57,21,2,3,743,1353,751,1346,848,1249
27th Nov 25 2025,53,21,2,3,732,1362,745,1350,845,1250
26th Nov 25 2025,81,14,3,2,736,1357,748,1346,859,1235
25th Nov 25 2025,70,13,5,3,551,1541,634,1460,807,1287
24th Nov 25 2025,35,136,6,6,512,1583,613,1483,785,1311
21st Nov 25 2025,30,35,6,4,603,1486,686,1404,841,1249
20th Nov 25 2025,40,23,9,4,752,1337,812,1278,879,1211
19th Nov 25 2025,43,42,7,3,780,1307,817,1271,897,1191
18th Nov 25 2025,39,37,12,3,768,1317,826,1260,899,1187
17th Nov 25 2025,97,48,11,2,931,1157,898,1191,945,1144
14th Nov 25 2025,73,44,12,2,862,1220,866,1217,923,1160
13th Nov 25 2025,67,50,12,2,844,1236,862,1219,949,1132
12th Nov 25 2025,106,26,8,2,879,1199,894,1185,958,1121
11th Nov 25 2025,70,52,7,8,732,1348,803,1278,916,1165
10th Nov 25 2025,82,89,11,7,732,1349,801,1281,918,1164
7th Nov 25 2025,72,41,11,3,662,1415,798,1279,915,1162
6th Nov 25 2025,45,145,13,3,602,1474,797,1279,905,1171
4th Nov 25 2025,39,27,15,1,875,1200,959,1116,1006,1069
3rd Nov 25 2025,97,38,17,1,1091,987,1073,1005,1047,1031
31st Oct 25 2025,43,29,12,0,970,1100,1006,1064,1018,1052
30th Oct 25 2025,53,23,9,0,1125,945,1088,982,1049,1021
29th Oct 25 2025,82,24,11,0,1159,910,1095,974,1060,1009
28th Oct 25 2025,61,30,13,1,999,1075,994,1080,1022,1052
27th Oct 25 2025,79,37,19,2,1021,1060,1004,1077,1044,1037
24th Oct 25 2025,50,27,17,3,977,1097,968,1106,1009,1065
23rd Oct 25 2025,78,46,19,2,1066,1008,1009,1065,1034,1040
21st Oct 25 2025,56,2,22,0,1120,953,1019,1054,1040,1033
20th Oct 25 2025,96,41,14,3,934,1146,909,1171,994,1086
17th Oct 25 2025,44,42,11,1,842,1229,852,1219,960,1111
16th Oct 25 2025,79,32,13,2,928,1140,915,1153,993,1075
15th Oct 25 2025,88,27,13,2,823,1245,865,1203,959,1109
14th Oct 25 2025,41,65,23,3,671,1395,777,1289,921,1145
13th Oct 25 2025,53,45,18,4,849,1221,895,1175,987,1083
10th Oct 25 2025,85,25,20,3,997,1067,967,1097,1026,1038
9th Oct 25 2025,89,39,32,5,903,1163,919,1147,1002,1064
8th Oct 25 2025,77,26,31,2,817,1246,872,1191,985,1078
7th Oct 25 2025,63,33,22,1,904,1157,928,1133,1000,1061
6th Oct 25 2025,83,36,19,1,932,1129,938,1123,1000,1061
3rd Oct 25 2025,128,13,11,1,903,1155,921,1137,1016,1043
1st Oct 25 2025,128,8,12,1,688,1367,783,1272,958,1098
30th Sep 25 2025,42,28,8,2,484,1565,611,1438,876,1174
29th Sep 25 2025,60,62,14,3,452,1600,621,1431,874,1179
26th Sep 25 2025,14,113,18,1,448,1595,613,1430,878,1166
25th Sep 25 2025,42,37,21,1,746,1296,891,1151,1004,1039
24th Sep 25 2025,54,29,19,2,939,1102,1048,993,1066,976
23rd Sep 25 2025,68,23,21,2,1110,930,1150,890,1108,933
22nd Sep 25 2025,80,41,26,2,1205,841,1193,854,1149,898
19th Sep 25 2025,69,21,20,1,1387,653,1292,750,1171,871
18th Sep 25 2025,57,17,20,1,1434,605,1299,741,1166,874
17th Sep 25 2025,76,18,24,1,1447,589,1293,744,1161,876
16th Sep 25 2025,80,12,17,1,1385,651,1237,800,1132,905
15th Sep 25 2025,87,18,15,1,1300,740,1117,924,1081,960
12th Sep 25 2025,57,13,17,1,1207,829,1068,969,1049,988
11th Sep 25 2025,55,24,24,1,1213,823,1057,980,1036,1001
10th Sep 25 2025,94,22,18,0,1201,835,1044,993,1039,998
9th Sep 25 2025,68,28,24,0,1010,1025,904,1132,981,1055
8th Sep 25 2025,127,19,33,1,997,1041,886,1153,988,1051
5th Sep 25 2025,88,13,27,1,901,1133,857,1178,949,1086
4th Sep 25 2025,52,29,19,2,940,1094,852,1183,967,1068
3rd Sep 25 2025,112,13,15,0,1039,993,901,1132,981,1052
2nd Sep 25 2025,122,23,11,1,863,1168,780,1253,941,1092
1st Sep 25 2025,125,16,12,3,724,1310,698,1337,904,1131
29th Aug 25 2025,50,23,8,2,505,1524,568,1462,821,1209
28th Aug 25 2025,30,61,6,2,519,1509,585,1444,837,1192
26th Aug 25 2025,27,64,11,3,622,1401,681,1343,897,1127
25th Aug 25 2025,72,35,24,1,931,1096,882,1146,995,1033
22nd Aug 25 2025,52,18,22,0,901,1121,887,1136,980,1043
21st Aug 25 2025,59,20,21,0,1008,1015,949,1075,996,1028
20th Aug 25 2025,107,10,19,1,998,1022,939,1082,992,1029
19th Aug 25 2025,124,14,17,1,942,1077,890,1130,985,1035
18th Aug 25 2025,146,33,16,2,769,1254,795,1229,938,1086
14th Aug 25 2025,45,74,15,3,541,1475,634,1382,868,1149
13th Aug 25 2025,110,48,11,5,588,1428,674,1342,906,1111
12th Aug 25 2025,74,51,6,5,489,1527,609,1408,878,1139
11th Aug 25 2025,84,64,6,4,434,1583,595,1423,866,1152
8th Aug 25 2025,49,74,8,4,366,1652,543,1475,836,1182
7th Aug 25 2025,53,52,8,5,438,1580,632,1386,918,1100
6th Aug 25 2025,40,72,8,5,456,1560,636,1380,932,1084
5th Aug 25 2025,48,40,9,5,567,1446,728,1285,985,1028
4th Aug 25 2025,93,47,13,4,572,1443,776,1239,1011,1004
1st Aug 25 2025,35,118,10,0,444,1566,706,1304,968,1042
31st Jul 25 2025,53,47,10,1,576,1430,858,1148,1062,944
30th Jul 25 2025,93,33,10,1,673,1328,972,1029,1098,903
29th Jul 25 2025,119,18,10,1,605,1398,941,1061,1091,912
28th Jul 25 2025,38,117,10,4,489,1519,800,1208,1035,973
25th Jul 25 2025,24,88,10,3,626,1375,995,1007,1122,880
24th Jul 25 2025,44,36,12,2,950,1052,1294,708,1253,748
23rd Jul 25 2025,52,28,15,2,1078,923,1349,652,1273,728
22nd Jul 25 2025,57,21,16,2,1035,964,1363,637,1267,733
21st Jul 25 2025,71,33,15,3,1127,877,1418,586,1279,725
18th Jul 25 2025,50,18,15,1,1150,848,1455,543,1295,703
17th Jul 25 2025,63,16,16,1,1316,681,1539,458,1321,676
16th Jul 25 2025,88,13,13,0,1322,674,1541,455,1308,688
15th Jul 25 2025,101,8,9,0,1246,751,1481,516,1277,720
14th Jul 25 2025,73,21,16,1,993,1007,1349,651,1203,797
11th Jul 25 2025,42,14,6,0,984,1012,1383,613,1200,796
10th Jul 25 2025,67,10,11,1,1202,789,1489,502,1254,737
9th Jul 25 2025,75,9,10,2,1235,755,1492,499,1241,750
8th Jul 25 2025,56,16,13,2,1203,790,1476,517,1238,755
7th Jul 25 2025,65,28,20,1,1257,739,1503,493,1251,745
4th Jul 25 2025,66,16,19,1,1363,631,1555,439,1260,734
3rd Jul 25 2025,72,14,19,0,1345,646,1525,466,1245,746
2nd Jul 25 2025,57,20,22,0,1330,659,1517,472,1218,771
1st Jul 25 2025,81,20,27,0,1425,560,1549,436,1232,753
30th Jun 25 2025,114,16,29,0,1460,526,1556,430,1243,743
27th Jun 25 2025,89,13,23,0,1413,569,1521,461,1228,754
26th Jun 25 2025,62,12,22,0,1346,637,1500,483,1195,788
25th Jun 25 2025,151,6,10,0,1344,638,1496,486,1194,788
24th Jun 25 2025,96,15,5,1,1035,948,1334,648,1097,887
23rd Jun 25 2025,72,18,5,1,828,1157,1190,795,1052,934
20th Jun 25 2025,79,11,7,1,817,1163,1218,762,1036,945
19th Jun 25 2025,16,80,6,0,583,1397,1108,872,991,990
18th Jun 25 2025,39,24,4,0,918,1060,1340,638,1105,874
17th Jun 25 2025,46,36,6,1,1004,974,1391,587,1139,840
16th Jun 25 2025,73,15,9,1,1233,748,1491,490,1181,801
13th Jun 25 2025,38,23,16,1,1172,805,1504,473,1153,825
12th Jun 25 2025,33,47,20,0,1408,568,1579,397,1208,769
11th Jun 25 2025,109,19,25,0,1629,345,1694,280,1285,690
10th Jun 25 2025,104,8,29,1,1624,350,1672,302,1265,710
9th Jun 25 2025,151,9,23,0,1611,366,1655,322,1242,736
6th Jun 25 2025,114,17,21,0,1479,496,1567,408,1163,813
5th Jun 25 2025,116,4,15,0,1440,534,1500,474,1114,861
4th Jun 25 2025,99,19,13,0,1359,614,1477,496,1082,892
3rd Jun 25 2025,69,23,17,0,1303,669,1465,507,1057,916
2nd Jun 25 2025,121,47,23,0,1409,563,1500,472,1056,917
30th May 25 2025,91,57,26,0,1424,545,1508,461,1053,917
29th May 25 2025,103,43,34,0,1495,473,1528,440,1092,877
28th May 25 2025,96,29,24,1,1532,435,1541,426,1072,896
27th May 25 2025,79,26,27,1,1577,389,1567,400,1080,887
26th May 25 2025,113,39,19,0,1619,350,1603,367,1063,907
23rd May 25 2025,83,29,23,1,1626,340,1596,371,1043,924
22nd May 25 2025,70,36,25,1,1604,362,1565,402,1003,964
21st May 25 2025,83,35,29,1,1665,300,1590,376,1010,956
20th May 25 2025,55,72,53,1,1642,323,1578,388,975,991
19th May 25 2025,179,29,80,0,1760,208,1680,289,1043,926
16th May 25 2025,191,25,156,0,1747,218,1638,328,990,976
15th May 25 2025,151,26,86,0,1702,262,1543,422,925,1040
14th May 25 2025,205,10,43,1,1688,275,1474,490,856,1108
13th May 25 2025,163,17,33,1,1583,380,1290,674,770,1194
12th May 25 2025,962,8,14,2,1447,518,1161,805,725,1241
9th May 25 2025,42,42,8,4,535,1428,639,1325,515,1449
8th May 25 2025,47,37,5,3,633,1332,675,1290,530,1434
7th May 25 2025,87,21,4,5,780,1184,795,1169,575,1389
6th May 25 2025,13,312,5,3,666,1297,697,1266,527,1436
5th May 25 2025,132,22,11,3,1061,903,930,1034,640,1324
2nd May 25 2025,39,33,6,4,811,1153,817,1147,594,1370
30th Apr 25 2025,16,104,7,5,870,1092,823,1139,597,1365
29th Apr 25 2025,54,27,10,2,1224,738,1038,924,657,1305
28th Apr 25 2025,61,37,17,2,1275,689,1068,896,670,1294
25th Apr 25 2025,19,353,17,1,1288,673,1037,924,649,1312
24th Apr 25 2025,85,28,28,2,1742,221,1405,558,770,1193
23rd Apr 25 2025,94,13,42,2,1763,200,1384,579,778,1185
22nd Apr 25 2025,134,14,73,2,1761,202,1375,588,761,1202
21st Apr 25 2025,183,10,102,2,1746,218,1293,671,734,1230
17th Apr 25 2025,85,13,41,2,1624,337,1104,857,652,1309
16th Apr 25 2025,144,12,68,2,1618,343,1040,921,609,1352
15th Apr 25 2025,442,5,15,1,1488,473,899,1062,558,1403
11th Apr 25 2025,308,5,5,3,905,1054,573,1386,442,1517
9th Apr 25 2025,40,92,6,18,507,1450,398,1559,359,1598
8th Apr 25 2025,258,13,7,8,561,1397,440,1518,375,1583
7th Apr 25 2025,5,811,13,17,297,1661,291,1667,302,1656
4th Apr 25 2025,28,464,21,8,791,1166,551,1406,442,1515
3rd Apr 25 2025,201,23,29,3,1404,553,870,1087,546,1411
2nd Apr 25 2025,161,11,10,2,1250,706,748,1208,503,1453
1st Apr 25 2025,290,35,6,4,1046,911,643,1314,440,1517
28th Mar 25 2025,51,59,8,3,892,1061,628,1325,478,1475
27th Mar 25 2025,121,89,13,2,985,968,644,1309,491,1462
26th Mar 25 2025,26,178,18,3,951,1001,594,1358,453,1499
25th Mar 25 2025,42,211,45,0,1172,780,688,1264,493,1459
24th Mar 25 2025,175,16,129,1,1478,473,819,1132,543,1409
21st Mar 25 2025,230,12,55,0,1391,558,698,1252,470,1480
20th Mar 25 2025,131,19,23,1,1148,800,572,1377,405,1544
19th Mar 25 2025,340,8,17,2,1056,890,482,1465,361,1586
18th Mar 25 2025,317,18,11,3,719,1227,326,1620,308,1639
20th Mar 26 2026,94,24,13,7,366,1774,315,1825,397,1743
19th Mar 26 2026,18,305,6,3,267,1877,249,1895,374,1770
18th Mar 26 2026,322,9,7,3,501,1643,390,1754,446,1698
17th Mar 26 2026,100,18,6,8,259,1884,301,1842,403,1740
16th Mar 26 2026,42,121,5,7,190,1956,254,1892,375,1771
13th Mar 26 2026,19,378,9,7,214,1930,294,1850,380,1764
12th Mar 26 2026,58,49,11,6,434,1710,418,1726,444,1700
11th Mar 26 2026,78,54,12,5,439,1706,429,1716,464,1681
10th Mar 26 2026,279,16,11,5,447,1697,438,1707,473,1672
9th Mar 26 2026,28,284,6,14,274,1871,333,1813,412,1734
6th Mar 26 2026,60,40,4,8,390,1754,449,1696,498,1647
5th Mar 26 2026,115,19,9,3,403,1741,466,1679,508,1637
4th Mar 26 2026,48,261,7,4,291,1853,400,1745,465,1680
2nd Mar 26 2026,60,264,6,4,445,1700,490,1656,559,1587
27th Feb 26 2026,42,60,8,1,689,1454,687,1457,665,1479
26th Feb 26 2026,67,21,9,5,832,1311,760,1384,701,1443
25th Feb 26 2026,56,43,5,3,786,1357,740,1404,695,1449
24th Feb 26 2026,25,95,9,2,702,1441,673,1471,683,1461
23rd Feb 26 2026,63,49,6,2,857,1288,782,1364,715,1431
20th Feb 26 2026,50,30,9,4,832,1311,771,1373,706,1438
19th Feb 26 2026,35,52,9,6,799,1344,753,1391,703,1441
18th Feb 26 2026,70,18,6,7,1094,1049,926,1218,771,1373
17th Feb 26 2026,109,19,8,3,1030,1113,865,1279,748,1396
16th Feb 26 2026,51,107,12,4,925,1220,777,1369,727,1419
13th Feb 26 2026,35,168,21,1,963,1180,793,1351,724,1420
12th Feb 26 2026,62,104,28,1,1312,831,1025,1119,791,1352
11th Feb 26 2026,93,64,16,2,1494,649,1121,1023,818,1326
10th Feb 26 2026,139,38,34,1,1575,567,1149,994,818,1325
9th Feb 26 2026,390,18,53,1,1514,631,1069,1077,802,1344
6th Feb 26 2026,59,74,30,3,1124,1019,771,1373,682,1462
5th Feb 26 2026,58,91,33,6,1160,983,779,1365,688,1456
4th Feb 26 2026,240,54,44,18,1346,797,843,1301,721,1423
3rd Feb 26 2026,526,12,27,18,1137,1007,745,1399,701,1443
2nd Feb 26 2026,77,74,16,19,450,1695,370,1775,531,1614
1st Feb 26 2026,59,239,9,4,431,1714,359,1786,492,1653
30th Jan 26 2026,167,98,15,6,665,1478,494,1649,601,1542
29th Jan 26 2026,139,61,25,5,533,1610,432,1711,569,1574
28th Jan 26 2026,352,21,12,6,537,1606,423,1720,556,1587
27th Jan 26 2026,103,72,4,10,308,1838,322,1824,483,1663
23rd Jan 26 2026,56,209,2,6,273,1870,294,1849,476,1667
22nd Jan 26 2026,179,56,3,4,362,1781,371,1772,544,1599
21st Jan 26 2026,58,147,21,2,231,1912,290,1853,485,1658
20th Jan 26 2026,30,376,25,1,254,1889,316,1827,520,1623
19th Jan 26 2026,44,88,30,2,450,1696,474,1672,625,1521
16th Jan 26 2026,73,33,27,2,537,1605,534,1608,674,1468
14th Jan 26 2026,84,21,7,1,525,1616,554,1587,688,1453
13th Jan 26 2026,70,17,5,1,488,1653,522,1619,677,1464
12th Jan 26 2026,61,75,6,3,426,1718,503,1641,668,1476
9th Jan 26 2026,17,103,4,3,428,1711,534,1605,685,1454
8th Jan 26 2026,15,139,7,3,666,1474,700,1440,771,1369
7th Jan 26 2026,68,17,14,3,1061,1079,915,1225,858,1282
6th Jan 26 2026,44,27,16,1,1023,1116,878,1261,843,1296
5th Jan 26 2026,64,38,15,1,1143,998,937,1204,869,1272
2nd Jan 26 2026,102,11,12,1,1317,821,956,1182,872,1266
1st Jan 26 2026,63,16,9,2,1077,1062,830,1309,816,1323
31st Dec 25 2025,84,15,7,2,1049,1088,805,1332,813,1324
30th Dec 25 2025,57,34,9,2,773,1362,686,1449,761,1374
29th Dec 25 2025,44,46,13,0,753,1386,714,1425,765,1374
26th Dec 25 2025,64,19,19,0,930,1206,766,1370,795,1341
24th Dec 25 2025,57,15,13,0,1085,1050,801,1334,812,1323
23rd Dec 25 2025,67,16,9,2,1131,1004,809,1326,819,1316
22nd Dec 25 2025,116,13,8,1,1015,1122,750,1387,803,1334
19th Dec 25 2025,91,17,9,1,701,1433,641,1493,759,1375
18th Dec 25 2025,40,30,11,1,492,1641,536,1597,715,1418
17th Dec 25 2025,32,57,13,1,496,1635,569,1562,724,1407
16th Dec 25 2025,38,30,14,0,624,1507,616,1515,756,1375
15th Dec 25 2025,79,22,16,1,746,1384,674,1456,779,1351
12th Dec 25 2025,99,10,9,3,698,1426,652,1473,761,1364
11th Dec 25 2025,78,16,6,3,506,1618,561,1563,726,1399
10th Dec 25 2025,54,29,7,2,389,1731,479,1641,710,1411
9th Dec 25 2025,134,15,1,2,425,1695,513,1607,715,1406
8th Dec 25 2025,18,240,3,2,319,1803,461,1661,686,1437
5th Dec 25 2025,33,36,3,3,540,1579,617,1502,784,1336
4th Dec 25 2025,29,27,3,4,529,1590,635,1484,792,1328
3rd Dec 25 2025,18,41,1,3,533,1585,633,1485,809,1310
2nd Dec 25 2025,28,33,5,2,645,1473,707,1411,828,1291
1st Dec 25 2025,63,36,6,3,727,1392,741,1379,852,1268
28th Nov 25 2025,58,21,2,3,751,1363,760,1355,858,1257
27th Nov 25 2025,54,21,2,3,740,1371,754,1358,854,1258
26th Nov 25 2025,82,14,3,2,744,1366,756,1355,868,1243
25th Nov 25 2025,70,13,5,3,556,1553,642,1469,816,1295
24th Nov 25 2025,35,136,6,6,516,1596,621,1492,794,1319
21st Nov 25 2025,30,35,6,4,605,1500,694,1413,850,1257
20th Nov 25 2025,40,23,9,4,760,1346,820,1287,888,1219
19th Nov 25 2025,43,42,7,3,788,1316,825,1280,906,1199
18th Nov 25 2025,39,38,12,3,774,1328,834,1269,908,1195
17th Nov 25 2025,98,49,11,2,941,1164,908,1198,954,1152
14th Nov 25 2025,73,44,12,2,871,1228,874,1226,932,1168
13th Nov 25 2025,70,50,12,2,853,1244,869,1229,958,1140
12th Nov 25 2025,107,27,8,2,889,1206,903,1193,967,1129
11th Nov 25 2025,71,53,8,8,740,1357,811,1287,926,1172
10th Nov 25 2025,84,89,12,7,741,1357,811,1288,928,1171
7th Nov 25 2025,74,41,12,3,668,1426,807,1287,925,1169
6th Nov 25 2025,46,146,14,3,605,1488,806,1287,914,1179
4th Nov 25 2025,40,28,15,1,880,1212,969,1123,1015,1077
3rd Nov 25 2025,98,38,17,1,1098,997,1083,1012,1057,1038
31st Oct 25 2025,43,30,12,0,976,1111,1016,1071,1028,1059
30th Oct 25 2025,53,23,10,0,1131,956,1098,989,1059,1028
29th Oct 25 2025,86,24,11,0,1167,919,1105,981,1070,1016
28th Oct 25 2025,61,30,13,1,1005,1086,1001,1090,1031,1060
27th Oct 25 2025,80,37,19,2,1028,1070,1012,1086,1053,1045
24th Oct 25 2025,50,27,17,3,985,1106,977,1114,1018,1073
23rd Oct 25 2025,78,47,19,3,1072,1019,1018,1073,1043,1048
21st Oct 25 2025,57,2,22,0,1126,964,1029,1061,1049,1041
20th Oct 25 2025,97,44,14,3,942,1155,918,1179,1003,1094
17th Oct 25 2025,44,42,11,1,849,1239,861,1227,968,1120
16th Oct 25 2025,79,34,13,2,936,1149,924,1161,1001,1084
15th Oct 25 2025,89,27,13,2,831,1254,874,1211,967,1118
14th Oct 25 2025,42,67,24,3,679,1404,785,1298,929,1154
13th Oct 25 2025,55,45,18,4,860,1227,905,1182,996,1091
10th Oct 25 2025,85,25,20,3,1009,1072,977,1104,1035,1046
9th Oct 25 2025,92,39,32,5,914,1169,929,1154,1012,1071
8th Oct 25 2025,79,26,31,2,826,1254,881,1199,994,1086
7th Oct 25 2025,63,33,22,1,913,1165,937,1141,1010,1068
6th Oct 25 2025,84,36,19,1,942,1136,948,1130,1009,1069
3rd Oct 25 2025,128,14,11,1,912,1163,932,1143,1025,1051
1st Oct 25 2025,128,9,12,1,695,1377,792,1280,967,1106
30th Sep 25 2025,42,28,8,2,491,1575,619,1447,886,1181
29th Sep 25 2025,64,62,14,3,458,1611,628,1441,883,1187
26th Sep 25 2025,15,114,19,1,454,1606,620,1440,887,1174
25th Sep 25 2025,43,37,22,1,752,1307,898,1161,1013,1047
24th Sep 25 2025,55,29,20,2,945,1113,1059,999,1075,984
23rd Sep 25 2025,69,23,22,2,1120,937,1161,896,1117,941
22nd Sep 25 2025,81,41,26,2,1216,847,1204,860,1158,906
19th Sep 25 2025,70,21,20,1,1401,656,1304,755,1180,879
18th Sep 25 2025,58,17,20,1,1447,609,1311,746,1175,882
17th Sep 25 2025,77,18,24,1,1462,591,1305,749,1172,882
16th Sep 25 2025,80,12,17,1,1399,654,1250,804,1142,912
15th Sep 25 2025,89,18,16,1,1315,742,1130,928,1092,966
12th Sep 25 2025,59,13,17,1,1221,832,1080,974,1059,995
11th Sep 25 2025,56,24,24,1,1225,828,1068,986,1046,1008
10th Sep 25 2025,95,22,18,0,1212,841,1055,999,1049,1005
9th Sep 25 2025,69,28,24,0,1020,1032,913,1140,991,1062
8th Sep 25 2025,127,19,33,1,1007,1048,896,1160,997,1059
5th Sep 25 2025,88,13,28,1,910,1141,866,1186,958,1094
4th Sep 25 2025,52,30,20,2,947,1104,859,1193,976,1076
3rd Sep 25 2025,112,13,16,0,1050,999,912,1138,991,1059
2nd Sep 25 2025,123,23,12,1,870,1178,788,1262,951,1099
1st Sep 25 2025,128,16,12,3,732,1319,705,1347,913,1139
29th Aug 25 2025,52,23,8,2,512,1534,574,1473,830,1217
28th Aug 25 2025,30,61,6,2,527,1518,593,1453,846,1200
26th Aug 25 2025,28,64,11,3,631,1409,690,1351,906,1135
25th Aug 25 2025,72,35,24,1,943,1101,894,1151,1004,1041
22nd Aug 25 2025,52,18,22,0,913,1126,899,1141,990,1050
21st Aug 25 2025,59,20,21,0,1021,1019,961,1080,1005,1036
20th Aug 25 2025,108,11,20,1,1007,1030,950,1088,1001,1037
19th Aug 25 2025,124,15,18,1,952,1084,900,1137,994,1043
18th Aug 25 2025,150,33,18,2,781,1259,807,1234,947,1094
14th Aug 25 2025,47,74,16,3,548,1485,641,1392,877,1157
13th Aug 25 2025,112,48,11,5,596,1437,681,1352,915,1119
12th Aug 25 2025,76,51,6,5,496,1537,615,1419,887,1147
11th Aug 25 2025,86,64,6,4,442,1592,603,1432,875,1160
8th Aug 25 2025,50,74,8,4,372,1663,550,1485,845,1190
7th Aug 25 2025,53,52,8,5,444,1591,638,1397,927,1108
6th Aug 25 2025,40,73,8,5,463,1570,642,1391,941,1092
5th Aug 25 2025,48,41,9,5,574,1456,735,1295,994,1036
4th Aug 25 2025,94,47,13,4,580,1452,783,1249,1020,1012
1st Aug 25 2025,36,118,10,0,447,1580,713,1314,977,1050
31st Jul 25 2025,54,47,10,1,582,1441,866,1157,1071,952
30th Jul 25 2025,93,33,10,1,679,1339,981,1037,1107,911
29th Jul 25 2025,119,18,10,1,612,1408,951,1068,1101,919
28th Jul 25 2025,38,117,10,4,495,1530,807,1218,1044,981
25th Jul 25 2025,25,88,10,3,632,1386,1005,1014,1131,888
24th Jul 25 2025,45,36,12,2,960,1059,1304,715,1262,756
23rd Jul 25 2025,52,28,15,2,1089,929,1359,659,1282,736
22nd Jul 25 2025,57,21,16,2,1045,971,1373,644,1277,740
21st Jul 25 2025,71,33,15,3,1138,883,1429,592,1288,733
18th Jul 25 2025,51,18,15,1,1161,854,1467,548,1304,711
17th Jul 25 2025,64,16,16,1,1329,685,1550,464,1330,684
16th Jul 25 2025,88,13,13,0,1335,678,1553,460,1317,696
15th Jul 25 2025,101,9,9,0,1259,755,1492,522,1287,727
14th Jul 25 2025,75,21,16,1,1005,1012,1361,656,1212,805
11th Jul 25 2025,42,15,6,0,992,1021,1395,618,1209,804
10th Jul 25 2025,68,10,11,1,1213,795,1501,507,1262,746
9th Jul 25 2025,76,9,10,2,1245,762,1504,504,1249,759
8th Jul 25 2025,57,16,13,2,1213,797,1488,522,1246,764
7th Jul 25 2025,65,28,20,1,1268,745,1515,498,1259,754
4th Jul 25 2025,66,16,19,1,1374,637,1567,444,1270,741
3rd Jul 25 2025,72,15,19,0,1358,650,1537,471,1255,753
2nd Jul 25 2025,57,21,22,0,1343,663,1528,478,1228,778
1st Jul 25 2025,83,21,27,0,1438,564,1562,440,1242,760
30th Jun 25 2025,115,16,30,0,1471,532,1567,436,1253,750
27th Jun 25 2025,89,13,24,0,1422,577,1532,467,1237,762
26th Jun 25 2025,63,12,23,0,1356,644,1510,490,1204,796
25th Jun 25 2025,153,6,10,0,1354,645,1507,492,1201,798
24th Jun 25 2025,96,15,5,1,1045,955,1345,654,1104,897
23rd Jun 25 2025,72,18,5,1,835,1167,1199,803,1058,945
20th Jun 25 2025,80,11,7,1,824,1173,1228,769,1042,956
19th Jun 25 2025,17,80,6,0,590,1407,1119,878,998,1000
18th Jun 25 2025,39,24,4,0,928,1067,1352,643,1111,885
17th Jun 25 2025,46,36,6,1,1015,980,1403,592,1145,851
16th Jun 25 2025,73,15,9,1,1243,755,1502,496,1189,810
13th Jun 25 2025,38,23,16,1,1183,811,1515,479,1160,835
12th Jun 25 2025,33,48,22,0,1420,573,1591,402,1217,777
11th Jun 25 2025,109,19,27,0,1641,350,1706,285,1294,698
10th Jun 25 2025,105,8,31,1,1637,354,1684,307,1273,719
9th Jun 25 2025,153,9,24,0,1623,371,1667,327,1250,745
6th Jun 25 2025,115,17,21,0,1491,501,1578,414,1169,824
5th Jun 25 2025,116,5,15,0,1450,541,1509,482,1121,871
4th Jun 25 2025,99,20,13,0,1369,621,1486,504,1088,903
3rd Jun 25 2025,70,23,17,0,1314,675,1475,514,1064,926
2nd Jun 25 2025,122,47,23,0,1419,570,1509,480,1062,928
30th May 25 2025,91,58,26,0,1435,551,1517,469,1058,929
29th May 25 2025,103,43,34,0,1505,480,1537,448,1098,888
28th May 25 2025,97,30,24,1,1543,441,1550,434,1078,907
27th May 25 2025,79,26,27,1,1589,394,1579,405,1086,898
26th May 25 2025,114,39,19,0,1630,356,1614,373,1069,918
23rd May 25 2025,84,29,23,1,1637,345,1606,377,1049,934
22nd May 25 2025,70,36,26,1,1615,367,1575,408,1009,974
21st May 25 2025,83,36,30,1,1675,306,1600,382,1016,966
20th May 25 2025,56,72,54,1,1651,330,1586,396,982,1000
19th May 25 2025,180,29,80,0,1771,213,1691,294,1049,936
16th May 25 2025,192,25,156,0,1758,223,1647,335,996,986
15th May 25 2025,151,26,86,0,1712,268,1549,432,931,1050
14th May 25 2025,206,10,43,1,1699,280,1482,498,862,1118
13th May 25 2025,163,17,33,1,1590,389,1297,683,776,1204
12th May 25 2025,966,9,14,2,1453,528,1166,816,731,1251
9th May 25 2025,42,42,8,4,537,1442,643,1337,519,1461
8th May 25 2025,48,38,5,3,635,1346,679,1302,533,1447
7th May 25 2025,87,21,4,5,786,1194,801,1179,581,1399
6th May 25 2025,13,313,5,3,673,1306,705,1274,531,1448
5th May 25 2025,132,22,11,3,1069,911,936,1044,646,1334
2nd May 25 2025,39,34,6,4,817,1163,823,1157,600,1380
30th Apr 25 2025,16,106,7,5,877,1101,830,1148,603,1375
29th Apr 25 2025,56,28,10,2,1234,744,1047,931,663,1315
28th Apr 25 2025,64,37,17,2,1285,695,1077,903,676,1304
25th Apr 25 2025,20,356,17,1,1298,679,1046,931,655,1322
24th Apr 25 2025,86,28,28,2,1754,225,1416,563,776,1203
23rd Apr 25 2025,96,14,42,2,1774,205,1392,587,784,1195
22nd Apr 25 2025,136,14,73,2,1773,206,1383,596,767,1212
21st Apr 25 2025,184,10,102,2,1758,222,1301,679,740,1240
17th Apr 25 2025,85,13,41,2,1633,344,1110,867,656,1321
16th Apr 25 2025,144,13,68,2,1628,349,1047,930,613,1364
15th Apr 25 2025,444,6,15,1,1499,478,906,1071,562,1415
11th Apr 25 2025,310,5,5,3,912,1063,576,1399,446,1529
9th Apr 25 2025,40,93,6,18,509,1463,399,1573,361,1611
8th Apr 25 2025,258,13,7,8,564,1410,441,1533,376,1598
7th Apr 25 2025,5,818,13,17,300,1674,292,1682,303,1671
4th Apr 25 2025,28,465,21,8,797,1176,554,1419,446,1527
3rd Apr 25 2025,202,23,30,3,1414,559,877,1096,551,1422
2nd Apr 25 2025,162,11,11,2,1257,715,754,1218,507,1465
1st Apr 25 2025,290,35,7,4,1053,920,648,1325,444,1529
28th Mar 25 2025,52,59,9,3,898,1070,633,1335,482,1486
27th Mar 25 2025,123,89,13,2,991,977,649,1319,494,1474
26th Mar 25 2025,28,182,19,3,956,1011,599,1368,456,1511
25th Mar 25 2025,43,213,45,0,1177,790,693,1274,496,1471
24th Mar 25 2025,176,16,129,1,1483,483,825,1141,546,1421
21st Mar 25 2025,232,12,55,0,1397,567,702,1263,472,1493
20th Mar 25 2025,131,19,23,1,1154,809,575,1389,407,1557
19th Mar 25 2025,341,8,17,2,1062,899,485,1477,363,1599
18th Mar 25 2025,318,18,11,3,724,1237,329,1632,310,1652
17th Mar 25 2025,57,131,4,14,414,1547,240,1722,264,1698
19th Mar 26 2026,17,312,6,3,273,1862,248,1887,369,1766
18th Mar 26 2026,321,9,7,3,500,1640,390,1750,446,1694
17th Mar 26 2026,99,18,6,8,259,1880,301,1838,403,1736
16th Mar 26 2026,41,121,5,7,190,1952,254,1888,375,1767
13th Mar 26 2026,19,378,9,7,214,1926,294,1846,380,1760
12th Mar 26 2026,58,49,11,6,434,1706,418,1722,444,1696
11th Mar 26 2026,78,54,12,5,439,1702,429,1712,464,1677
10th Mar 26 2026,279,16,11,5,447,1693,438,1703,473,1668
9th Mar 26 2026,28,283,6,14,274,1867,333,1809,412,1730
6th Mar 26 2026,60,40,4,8,390,1750,449,1692,498,1643
5th Mar 26 2026,115,19,9,3,403,1737,466,1675,508,1633
4th Mar 26 2026,48,260,7,4,291,1849,400,1741,465,1676
2nd Mar 26 2026,60,263,6,4,445,1696,490,1652,559,1583
27th Feb 26 2026,42,60,8,1,689,1450,687,1453,665,1475
26th Feb 26 2026,67,21,9,5,832,1307,760,1380,701,1439
25th Feb 26 2026,56,42,5,3,786,1353,740,1400,695,1445
24th Feb 26 2026,25,94,9,2,702,1437,673,1467,683,1457
23rd Feb 26 2026,63,49,6,2,856,1285,782,1360,715,1427
20th Feb 26 2026,50,30,9,4,832,1307,771,1369,706,1434
19th Feb 26 2026,35,52,9,6,799,1340,753,1387,703,1437
18th Feb 26 2026,70,18,6,7,1093,1046,926,1214,771,1369
17th Feb 26 2026,109,19,8,3,1029,1110,865,1275,748,1392
16th Feb 26 2026,51,106,12,4,924,1217,777,1365,727,1415
13th Feb 26 2026,35,168,21,1,962,1177,793,1347,723,1417
12th Feb 26 2026,62,104,28,1,1310,829,1025,1115,790,1349
11th Feb 26 2026,93,64,16,2,1492,647,1120,1020,817,1323
10th Feb 26 2026,137,38,34,1,1572,566,1148,991,817,1322
9th Feb 26 2026,389,18,53,1,1513,628,1068,1074,802,1340
6th Feb 26 2026,59,74,30,3,1123,1016,771,1369,682,1458
5th Feb 26 2026,58,91,33,6,1159,980,778,1362,688,1452
4th Feb 26 2026,240,54,44,18,1345,794,842,1298,721,1419
3rd Feb 26 2026,526,12,27,18,1136,1004,744,1396,701,1439
2nd Feb 26 2026,77,74,16,19,450,1691,370,1771,531,1610
1st Feb 26 2026,58,239,9,4,431,1710,359,1782,492,1649
30th Jan 26 2026,167,98,15,6,665,1474,494,1645,601,1538
29th Jan 26 2026,139,61,25,5,533,1606,432,1707,569,1570
28th Jan 26 2026,352,21,12,6,537,1602,423,1716,556,1583
27th Jan 26 2026,103,71,4,10,308,1834,322,1820,483,1659
23rd Jan 26 2026,55,209,2,6,273,1866,294,1845,476,1663
22nd Jan 26 2026,178,56,3,4,362,1777,371,1768,544,1595
21st Jan 26 2026,58,144,21,2,231,1908,290,1849,485,1654
20th Jan 26 2026,30,375,25,1,254,1885,316,1823,520,1619
19th Jan 26 2026,44,88,30,2,450,1692,474,1668,625,1517
16th Jan 26 2026,72,33,27,2,537,1601,534,1604,673,1465
14th Jan 26 2026,84,21,7,1,525,1612,554,1583,687,1450
13th Jan 26 2026,70,16,5,1,488,1649,522,1615,676,1461
12th Jan 26 2026,61,74,6,3,426,1714,503,1637,667,1473
9th Jan 26 2026,17,103,4,3,428,1707,534,1601,684,1451
8th Jan 26 2026,15,139,7,3,666,1470,700,1436,770,1366
7th Jan 26 2026,68,17,14,3,1061,1075,915,1221,857,1279
6th Jan 26 2026,44,27,16,1,1022,1113,878,1257,842,1293
5th Jan 26 2026,64,38,15,1,1142,995,936,1201,867,1270
2nd Jan 26 2026,102,11,12,1,1316,818,955,1179,870,1264
1st Jan 26 2026,63,16,9,2,1077,1058,830,1305,815,1320
31st Dec 25 2025,84,15,7,2,1049,1084,805,1328,812,1321
30th Dec 25 2025,57,33,9,2,773,1358,686,1445,760,1371
29th Dec 25 2025,44,45,13,0,752,1383,713,1422,764,1371
26th Dec 25 2025,64,18,19,0,929,1203,765,1367,794,1338
24th Dec 25 2025,57,15,13,0,1084,1047,800,1331,811,1320
23rd Dec 25 2025,66,16,9,2,1130,1001,808,1323,818,1313
22nd Dec 25 2025,114,13,8,1,1014,1119,749,1384,802,1331
19th Dec 25 2025,91,17,9,1,700,1430,640,1490,758,1372
18th Dec 25 2025,40,30,11,1,492,1637,536,1593,714,1415
17th Dec 25 2025,32,56,13,1,496,1631,569,1558,723,1404
16th Dec 25 2025,38,30,14,0,624,1503,616,1511,755,1372
15th Dec 25 2025,79,22,16,1,745,1381,673,1453,777,1349
12th Dec 25 2025,99,10,9,3,697,1423,651,1470,759,1362
11th Dec 25 2025,78,15,6,3,505,1615,560,1560,724,1397
10th Dec 25 2025,54,28,7,2,388,1728,478,1638,708,1409
9th Dec 25 2025,134,15,1,2,424,1692,512,1604,713,1404
8th Dec 25 2025,18,240,3,2,319,1799,461,1657,685,1434
5th Dec 25 2025,33,36,3,3,539,1576,616,1499,782,1334
4th Dec 25 2025,29,27,3,4,528,1587,634,1481,790,1326
3rd Dec 25 2025,18,41,1,3,532,1582,632,1482,807,1308
2nd Dec 25 2025,28,33,5,2,644,1470,706,1408,826,1289
1st Dec 25 2025,63,36,6,3,726,1389,739,1377,850,1266
28th Nov 25 2025,58,21,2,3,750,1360,759,1352,856,1255
27th Nov 25 2025,54,20,2,3,740,1368,753,1356,853,1256
26th Nov 25 2025,82,14,3,2,744,1363,755,1353,867,1241
25th Nov 25 2025,70,13,5,3,556,1550,641,1467,814,1294
24th Nov 25 2025,35,135,6,6,516,1593,620,1490,793,1317
21st Nov 25 2025,30,34,6,4,605,1497,693,1411,848,1256
20th Nov 25 2025,40,23,9,4,759,1344,819,1285,886,1218
19th Nov 25 2025,43,41,7,3,787,1314,824,1278,904,1198
18th Nov 25 2025,39,38,12,3,773,1326,833,1267,906,1194
17th Nov 25 2025,98,49,11,2,940,1162,907,1196,952,1151
14th Nov 25 2025,73,44,12,2,870,1226,873,1224,930,1167
13th Nov 25 2025,70,50,12,2,852,1242,868,1227,956,1139
12th Nov 25 2025,107,26,8,2,888,1204,901,1192,965,1128
11th Nov 25 2025,70,53,7,8,738,1356,809,1286,923,1172
10th Nov 25 2025,83,89,11,7,739,1356,809,1287,925,1171
7th Nov 25 2025,72,41,11,3,666,1425,805,1286,922,1169
6th Nov 25 2025,44,146,13,3,604,1486,804,1286,912,1178
4th Nov 25 2025,39,27,15,1,879,1210,967,1122,1013,1076
3rd Nov 25 2025,97,38,17,1,1096,996,1081,1011,1054,1038
31st Oct 25 2025,43,29,12,0,975,1109,1014,1070,1025,1059
30th Oct 25 2025,53,23,9,0,1130,954,1096,988,1056,1028
29th Oct 25 2025,85,24,11,0,1166,917,1103,980,1067,1016
28th Oct 25 2025,61,30,13,1,1005,1083,1000,1088,1029,1059
27th Oct 25 2025,80,37,19,2,1028,1067,1012,1083,1051,1044
24th Oct 25 2025,50,27,17,3,985,1103,976,1112,1016,1072
23rd Oct 25 2025,78,47,19,3,1072,1016,1017,1071,1041,1047
21st Oct 25 2025,57,2,22,0,1126,961,1028,1059,1047,1040
20th Oct 25 2025,97,43,14,3,942,1152,917,1177,1001,1093
17th Oct 25 2025,43,42,11,1,849,1236,860,1225,966,1119
16th Oct 25 2025,78,34,13,2,936,1146,923,1159,999,1083
15th Oct 25 2025,88,27,13,2,831,1251,873,1209,965,1117
14th Oct 25 2025,42,66,24,3,679,1401,784,1296,927,1153
13th Oct 25 2025,55,44,18,4,858,1226,903,1181,994,1090
10th Oct 25 2025,85,24,20,3,1007,1071,975,1103,1033,1045
9th Oct 25 2025,92,39,32,5,912,1168,927,1153,1010,1070
8th Oct 25 2025,79,26,31,2,824,1253,879,1198,992,1085
7th Oct 25 2025,63,33,22,1,911,1164,935,1140,1007,1068
6th Oct 25 2025,83,36,19,1,940,1135,945,1130,1007,1068
3rd Oct 25 2025,128,13,11,1,910,1162,929,1143,1023,1050
1st Oct 25 2025,128,9,12,1,692,1377,789,1280,965,1105
30th Sep 25 2025,41,28,8,2,488,1575,616,1447,884,1180
29th Sep 25 2025,64,61,14,3,456,1610,626,1440,881,1186
26th Sep 25 2025,14,113,18,1,452,1605,618,1439,885,1173
25th Sep 25 2025,42,36,21,1,749,1307,896,1160,1011,1046
24th Sep 25 2025,54,29,18,2,943,1112,1057,998,1073,983
23rd Sep 25 2025,67,23,20,2,1118,936,1159,895,1115,940
22nd Sep 25 2025,79,41,25,2,1214,846,1202,859,1156,905
19th Sep 25 2025,68,21,20,1,1399,655,1302,754,1178,878
18th Sep 25 2025,56,17,20,1,1446,607,1309,745,1173,881
17th Sep 25 2025,75,18,24,1,1460,590,1303,748,1170,881
16th Sep 25 2025,79,12,17,1,1398,652,1249,802,1140,911
15th Sep 25 2025,88,17,15,0,1313,741,1129,926,1090,965
12th Sep 25 2025,58,12,17,1,1219,831,1079,972,1057,994
11th Sep 25 2025,55,23,24,1,1224,826,1066,985,1044,1007
10th Sep 25 2025,94,21,18,0,1211,839,1053,998,1047,1004
9th Sep 25 2025,69,27,24,0,1019,1030,911,1139,989,1061
8th Sep 25 2025,126,19,33,1,1006,1046,894,1159,995,1058
5th Sep 25 2025,87,13,28,1,908,1140,864,1185,956,1093
4th Sep 25 2025,51,30,20,2,946,1102,857,1192,974,1075
3rd Sep 25 2025,111,13,16,0,1049,997,910,1137,989,1058
2nd Sep 25 2025,123,22,12,0,869,1176,786,1261,949,1098
1st Sep 25 2025,128,15,12,2,731,1317,703,1346,911,1138
29th Aug 25 2025,51,22,8,1,511,1532,572,1472,828,1216
28th Aug 25 2025,30,60,6,1,526,1516,591,1452,844,1199
26th Aug 25 2025,27,63,11,2,629,1408,688,1350,904,1134
25th Aug 25 2025,72,34,24,1,941,1100,892,1150,1002,1040
22nd Aug 25 2025,52,17,22,0,911,1125,897,1140,988,1049
21st Aug 25 2025,59,19,21,0,1019,1018,959,1079,1003,1035
20th Aug 25 2025,107,9,20,1,1005,1029,948,1087,999,1036
19th Aug 25 2025,124,14,17,1,950,1083,898,1136,992,1042
18th Aug 25 2025,148,33,16,2,779,1258,805,1233,945,1093
14th Aug 25 2025,45,74,14,3,546,1484,639,1391,875,1156
13th Aug 25 2025,110,48,10,5,594,1436,679,1351,913,1118
12th Aug 25 2025,75,51,5,5,494,1536,613,1418,885,1146
11th Aug 25 2025,84,64,5,4,440,1591,601,1431,873,1159
8th Aug 25 2025,48,74,7,4,371,1661,548,1484,843,1189
7th Aug 25 2025,52,52,7,5,443,1589,637,1395,925,1107
6th Aug 25 2025,39,73,7,5,462,1568,641,1389,939,1091
5th Aug 25 2025,47,41,8,5,573,1454,733,1294,992,1035
4th Aug 25 2025,93,47,12,4,578,1451,781,1248,1018,1011
1st Aug 25 2025,35,118,9,0,446,1578,711,1313,975,1049
31st Jul 25 2025,53,47,9,1,580,1440,864,1156,1069,951
30th Jul 25 2025,92,33,9,1,677,1338,979,1036,1105,910
29th Jul 25 2025,118,18,9,1,610,1407,949,1067,1099,918
28th Jul 25 2025,37,117,9,4,493,1529,805,1217,1042,980
25th Jul 25 2025,24,88,9,3,630,1385,1003,1013,1129,887
24th Jul 25 2025,44,36,11,2,958,1058,1302,714,1260,755
23rd Jul 25 2025,51,28,14,2,1087,928,1357,658,1280,735
22nd Jul 25 2025,56,21,16,2,1043,970,1371,643,1275,739
21st Jul 25 2025,70,33,15,3,1136,882,1427,591,1286,732
18th Jul 25 2025,51,18,15,1,1160,853,1466,547,1303,710
17th Jul 25 2025,64,16,16,1,1327,684,1548,463,1328,683
16th Jul 25 2025,88,13,13,0,1333,677,1551,459,1315,695
15th Jul 25 2025,101,9,9,0,1257,754,1490,521,1285,726
14th Jul 25 2025,75,21,16,1,1003,1011,1358,656,1210,804
11th Jul 25 2025,42,15,6,0,990,1020,1393,617,1207,803
10th Jul 25 2025,68,10,11,1,1212,793,1499,506,1260,745
9th Jul 25 2025,76,9,10,2,1244,760,1502,503,1247,758
8th Jul 25 2025,57,16,13,2,1212,795,1486,521,1244,763
7th Jul 25 2025,65,28,20,1,1267,743,1513,497,1257,753
4th Jul 25 2025,66,16,19,1,1373,635,1565,443,1267,741
3rd Jul 25 2025,72,14,19,0,1356,649,1535,470,1252,753
2nd Jul 25 2025,57,21,22,0,1341,662,1526,477,1225,778
1st Jul 25 2025,82,20,27,0,1436,563,1560,439,1239,760
30th Jun 25 2025,114,16,29,0,1469,531,1565,435,1250,750
27th Jun 25 2025,89,13,23,0,1420,576,1530,466,1234,762
26th Jun 25 2025,62,12,22,0,1354,643,1508,489,1202,795
25th Jun 25 2025,153,6,10,0,1352,644,1504,492,1200,796
24th Jun 25 2025,96,15,5,1,1042,955,1342,654,1103,895
23rd Jun 25 2025,72,18,5,1,834,1165,1197,802,1057,943
20th Jun 25 2025,80,11,7,1,822,1172,1226,768,1041,954
19th Jun 25 2025,17,80,6,0,587,1407,1116,878,997,998
18th Jun 25 2025,39,24,4,0,925,1067,1349,643,1110,883
17th Jun 25 2025,46,36,6,1,1012,980,1400,592,1144,849
16th Jun 25 2025,73,15,9,1,1241,754,1500,495,1187,809
13th Jun 25 2025,38,23,16,1,1181,810,1513,478,1159,833
12th Jun 25 2025,33,48,21,0,1418,572,1589,401,1215,776
11th Jun 25 2025,109,19,26,0,1639,349,1704,284,1292,697
10th Jun 25 2025,104,8,29,1,1634,354,1682,306,1271,718
9th Jun 25 2025,151,9,22,0,1621,370,1665,326,1248,744
6th Jun 25 2025,113,17,21,0,1489,500,1576,413,1168,822
5th Jun 25 2025,115,5,15,0,1449,539,1508,480,1120,869
4th Jun 25 2025,98,20,13,0,1368,619,1486,501,1087,901
3rd Jun 25 2025,69,23,17,0,1312,674,1475,511,1063,924
2nd Jun 25 2025,122,47,23,0,1418,568,1509,477,1061,926
30th May 25 2025,91,58,26,0,1434,549,1517,466,1057,927
29th May 25 2025,103,43,34,0,1505,477,1537,445,1097,886
28th May 25 2025,97,30,24,1,1542,439,1550,431,1077,905
27th May 25 2025,79,26,27,1,1588,392,1579,402,1085,896
26th May 25 2025,114,39,19,0,1630,353,1614,370,1068,916
23rd May 25 2025,84,29,23,1,1637,342,1606,374,1048,932
22nd May 25 2025,70,36,26,1,1615,364,1575,405,1008,972
21st May 25 2025,83,36,30,1,1675,303,1600,379,1015,964
20th May 25 2025,56,72,54,1,1651,327,1586,393,981,998
19th May 25 2025,180,29,80,0,1770,211,1691,291,1048,934
16th May 25 2025,192,25,156,0,1757,221,1646,333,995,984
15th May 25 2025,151,26,86,0,1712,265,1549,429,930,1048
14th May 25 2025,206,10,43,1,1698,278,1482,495,861,1116
13th May 25 2025,163,17,33,1,1590,386,1297,680,775,1202
12th May 25 2025,966,9,14,2,1453,525,1166,813,730,1249
9th May 25 2025,42,42,8,4,536,1440,643,1334,518,1459
8th May 25 2025,48,38,5,3,635,1343,679,1299,532,1445
7th May 25 2025,87,21,4,5,786,1191,801,1176,580,1397
6th May 25 2025,13,313,5,3,672,1304,704,1272,530,1446
5th May 25 2025,132,22,11,3,1067,910,935,1042,645,1332
2nd May 25 2025,39,33,6,4,816,1161,822,1155,599,1378
30th Apr 25 2025,16,105,7,5,875,1100,828,1147,602,1373
29th Apr 25 2025,56,28,10,2,1232,743,1045,930,662,1313
28th Apr 25 2025,63,37,17,2,1283,694,1075,902,675,1302
25th Apr 25 2025,19,356,17,1,1296,678,1045,929,654,1320
24th Apr 25 2025,86,28,28,2,1752,224,1414,562,775,1201
23rd Apr 25 2025,96,14,41,2,1773,203,1392,584,783,1193
22nd Apr 25 2025,135,14,72,2,1771,205,1383,593,766,1210
21st Apr 25 2025,183,10,102,2,1757,220,1301,676,739,1238
17th Apr 25 2025,84,13,41,2,1632,342,1110,864,655,1319
16th Apr 25 2025,143,13,68,2,1627,347,1047,927,612,1362
15th Apr 25 2025,443,6,15,1,1498,476,906,1068,561,1413
11th Apr 25 2025,310,4,5,2,911,1061,576,1396,445,1527
9th Apr 25 2025,40,92,6,17,509,1461,399,1571,360,1610
8th Apr 25 2025,258,12,7,7,563,1408,441,1530,375,1596
7th Apr 25 2025,5,817,13,16,299,1672,292,1679,302,1669
4th Apr 25 2025,28,464,21,7,797,1173,554,1416,445,1525
3rd Apr 25 2025,202,22,30,3,1413,557,877,1093,550,1420
2nd Apr 25 2025,162,10,11,2,1257,712,754,1215,506,1463
1st Apr 25 2025,290,34,7,4,1053,917,648,1322,443,1527
28th Mar 25 2025,52,59,9,3,898,1067,632,1333,481,1484
27th Mar 25 2025,123,89,13,2,991,974,648,1317,493,1472
26th Mar 25 2025,28,182,19,3,956,1008,598,1366,455,1509
25th Mar 25 2025,43,213,45,0,1177,787,692,1272,495,1469
24th Mar 25 2025,176,16,129,1,1483,480,823,1140,545,1419
21st Mar 25 2025,232,12,55,0,1397,564,701,1261,471,1491
20th Mar 25 2025,131,19,23,1,1153,807,573,1388,406,1555
19th Mar 25 2025,341,8,17,2,1060,898,483,1476,362,1597
18th Mar 25 2025,317,18,11,3,722,1236,327,1631,309,1650
17th Mar 25 2025,57,131,4,14,412,1546,238,1721,263,1696
13th Mar 25 2025,33,59,4,6,355,1599,226,1729,258,1697
18th Mar 26 2026,325,9,7,3,495,1643,392,1746,444,1694
17th Mar 26 2026,99,18,6,8,259,1882,301,1840,403,1738
16th Mar 26 2026,41,121,5,7,190,1954,254,1890,375,1769
13th Mar 26 2026,19,378,9,7,213,1929,293,1849,380,1762
12th Mar 26 2026,58,49,11,6,434,1708,418,1724,444,1698
11th Mar 26 2026,78,54,12,5,439,1704,429,1714,464,1679
10th Mar 26 2026,279,16,11,5,446,1696,438,1705,473,1670
9th Mar 26 2026,28,283,6,14,274,1869,333,1811,412,1732
6th Mar 26 2026,60,40,4,8,389,1753,448,1695,498,1645
5th Mar 26 2026,115,19,9,3,402,1740,465,1678,508,1635
4th Mar 26 2026,48,260,7,4,291,1851,400,1743,465,1678
2nd Mar 26 2026,60,264,6,4,445,1698,490,1654,559,1585
27th Feb 26 2026,42,60,8,1,689,1452,687,1455,666,1476
26th Feb 26 2026,67,21,9,5,833,1308,760,1382,702,1440
25th Feb 26 2026,56,42,5,3,787,1354,741,1401,696,1446
24th Feb 26 2026,25,94,9,2,702,1439,673,1469,684,1458
23rd Feb 26 2026,63,49,6,2,857,1286,783,1361,716,1428
20th Feb 26 2026,50,30,9,4,831,1310,770,1372,707,1435
19th Feb 26 2026,35,52,9,6,799,1342,753,1389,704,1438
18th Feb 26 2026,70,18,6,7,1093,1048,927,1215,772,1370
17th Feb 26 2026,109,19,8,3,1028,1113,865,1277,749,1393
16th Feb 26 2026,51,106,12,4,923,1220,776,1368,728,1416
13th Feb 26 2026,35,168,21,1,963,1178,793,1349,724,1418
12th Feb 26 2026,62,104,28,1,1310,831,1026,1116,791,1350
11th Feb 26 2026,93,65,16,2,1493,648,1120,1022,819,1323
10th Feb 26 2026,137,38,34,1,1573,567,1150,991,819,1322
9th Feb 26 2026,390,18,53,1,1514,629,1070,1074,804,1340
6th Feb 26 2026,59,74,30,3,1123,1018,771,1371,684,1458
5th Feb 26 2026,58,91,33,6,1159,982,778,1364,690,1452
4th Feb 26 2026,240,54,44,18,1346,795,842,1300,723,1419
3rd Feb 26 2026,527,12,27,18,1139,1003,745,1397,703,1439
2nd Feb 26 2026,77,74,16,19,450,1693,370,1773,532,1611
1st Feb 26 2026,58,239,9,4,431,1712,359,1784,493,1650
30th Jan 26 2026,168,98,15,6,666,1475,494,1647,603,1538
29th Jan 26 2026,139,61,25,5,532,1609,432,1709,571,1570
28th Jan 26 2026,352,21,12,6,538,1603,424,1717,558,1583
27th Jan 26 2026,103,71,4,10,308,1836,322,1822,485,1659
23rd Jan 26 2026,55,210,2,6,273,1868,294,1847,478,1663
22nd Jan 26 2026,179,56,3,4,361,1780,371,1770,546,1595
21st Jan 26 2026,58,145,21,2,231,1910,290,1851,487,1654
20th Jan 26 2026,30,375,25,1,254,1887,316,1825,522,1619
19th Jan 26 2026,44,88,30,2,450,1694,475,1669,627,1517
16th Jan 26 2026,72,33,27,2,536,1604,536,1604,675,1465
14th Jan 26 2026,84,21,7,1,524,1615,555,1584,689,1450
13th Jan 26 2026,70,16,5,1,488,1651,524,1615,678,1461
12th Jan 26 2026,61,74,6,3,426,1716,505,1637,669,1473
9th Jan 26 2026,17,103,4,3,429,1708,536,1601,686,1451
8th Jan 26 2026,15,139,7,3,667,1471,702,1436,772,1366
7th Jan 26 2026,68,17,14,3,1062,1076,917,1221,859,1279
6th Jan 26 2026,44,27,16,1,1024,1113,880,1257,844,1293
5th Jan 26 2026,64,38,15,1,1143,996,938,1201,869,1270
2nd Jan 26 2026,102,11,12,1,1318,818,957,1179,872,1264
1st Jan 26 2026,63,16,9,2,1079,1058,832,1305,817,1320
31st Dec 25 2025,84,15,7,2,1051,1084,807,1328,814,1321
30th Dec 25 2025,57,33,9,2,773,1360,688,1445,762,1371
29th Dec 25 2025,44,45,13,0,754,1383,715,1422,766,1371
26th Dec 25 2025,64,18,19,0,931,1203,767,1367,796,1338
24th Dec 25 2025,57,15,13,0,1086,1047,802,1331,813,1320
23rd Dec 25 2025,66,16,9,2,1132,1001,810,1323,820,1313
22nd Dec 25 2025,114,13,8,1,1016,1119,751,1384,804,1331
19th Dec 25 2025,91,17,9,1,702,1430,642,1490,760,1372
18th Dec 25 2025,40,30,11,1,492,1639,538,1593,716,1415
17th Dec 25 2025,32,56,13,1,496,1633,571,1558,725,1404
16th Dec 25 2025,38,30,14,0,624,1505,618,1511,757,1372
15th Dec 25 2025,79,22,16,1,747,1381,675,1453,779,1349
12th Dec 25 2025,99,10,9,3,699,1423,653,1470,761,1362
11th Dec 25 2025,78,15,6,3,505,1617,562,1560,726,1397
10th Dec 25 2025,54,28,7,2,388,1730,479,1639,710,1409
9th Dec 25 2025,134,15,1,2,424,1694,514,1604,715,1404
8th Dec 25 2025,18,241,3,2,320,1800,463,1657,687,1434
5th Dec 25 2025,33,36,3,3,542,1575,619,1498,784,1334
4th Dec 25 2025,29,27,3,4,531,1586,637,1480,792,1326
3rd Dec 25 2025,18,41,1,3,535,1581,635,1481,809,1308
2nd Dec 25 2025,28,33,5,2,647,1469,709,1407,828,1289
1st Dec 25 2025,63,36,6,3,729,1388,742,1376,852,1266
28th Nov 25 2025,58,21,2,3,753,1359,762,1351,858,1255
27th Nov 25 2025,55,20,2,3,743,1367,756,1355,855,1256
26th Nov 25 2025,82,14,3,2,747,1362,758,1352,869,1241
25th Nov 25 2025,70,13,5,3,558,1550,644,1466,816,1294
24th Nov 25 2025,35,135,6,6,518,1593,623,1489,795,1317
21st Nov 25 2025,30,34,6,4,608,1496,696,1410,850,1256
20th Nov 25 2025,40,23,9,4,762,1343,822,1284,888,1218
19th Nov 25 2025,43,41,7,3,790,1313,827,1277,906,1198
18th Nov 25 2025,39,38,12,3,776,1325,836,1266,908,1194
17th Nov 25 2025,99,49,11,2,943,1161,910,1195,954,1151
14th Nov 25 2025,73,44,12,2,872,1226,875,1224,932,1167
13th Nov 25 2025,70,50,12,2,854,1242,870,1227,958,1139
12th Nov 25 2025,107,26,8,2,890,1204,903,1192,967,1128
11th Nov 25 2025,70,53,7,8,740,1356,811,1286,925,1172
10th Nov 25 2025,83,89,11,7,741,1356,811,1287,927,1171
7th Nov 25 2025,72,41,11,3,666,1427,807,1286,924,1169
6th Nov 25 2025,44,146,13,3,604,1488,806,1286,914,1178
4th Nov 25 2025,39,27,15,1,880,1211,969,1122,1015,1076
3rd Nov 25 2025,97,38,17,1,1098,996,1084,1010,1056,1038
31st Oct 25 2025,43,29,12,0,977,1109,1017,1069,1027,1059
30th Oct 25 2025,53,23,9,0,1132,954,1099,987,1058,1028
29th Oct 25 2025,86,24,11,0,1168,917,1106,979,1069,1016
28th Oct 25 2025,61,30,13,1,1006,1084,1002,1088,1031,1059
27th Oct 25 2025,80,37,19,2,1030,1067,1014,1083,1053,1044
24th Oct 25 2025,50,27,17,3,988,1102,978,1112,1018,1072
23rd Oct 25 2025,79,47,19,3,1074,1016,1019,1071,1043,1047
21st Oct 25 2025,57,2,22,0,1128,961,1030,1059,1049,1040
20th Oct 25 2025,97,43,14,3,943,1153,919,1177,1003,1093
17th Oct 25 2025,43,42,11,1,851,1236,862,1225,968,1119
16th Oct 25 2025,78,34,13,2,938,1146,925,1159,1001,1083
15th Oct 25 2025,88,27,13,2,833,1251,875,1209,967,1117
14th Oct 25 2025,42,66,24,3,679,1403,785,1297,929,1153
13th Oct 25 2025,55,44,18,4,860,1226,905,1181,996,1090
10th Oct 25 2025,85,24,20,3,1009,1071,977,1103,1035,1045
9th Oct 25 2025,92,39,32,5,914,1168,929,1153,1012,1070
8th Oct 25 2025,79,26,31,2,824,1255,879,1200,994,1085
7th Oct 25 2025,63,33,22,1,911,1166,935,1142,1009,1068
6th Oct 25 2025,83,36,19,1,940,1137,945,1132,1009,1068
3rd Oct 25 2025,128,13,11,1,909,1165,929,1145,1025,1050
1st Oct 25 2025,128,9,12,1,692,1379,789,1282,967,1105
30th Sep 25 2025,41,28,8,2,488,1577,616,1449,886,1180
29th Sep 25 2025,64,61,14,3,456,1612,627,1441,883,1186
26th Sep 25 2025,14,113,18,1,452,1607,618,1441,887,1173
25th Sep 25 2025,42,36,21,1,749,1309,896,1162,1013,1046
24th Sep 25 2025,54,29,18,2,943,1114,1059,998,1075,983
23rd Sep 25 2025,67,23,20,2,1118,938,1161,895,1117,940
22nd Sep 25 2025,79,41,25,2,1216,846,1204,859,1158,905
19th Sep 25 2025,68,21,20,1,1401,655,1304,754,1180,878
18th Sep 25 2025,56,17,20,1,1447,608,1311,745,1175,881
17th Sep 25 2025,75,18,24,1,1461,591,1304,749,1172,881
16th Sep 25 2025,79,12,17,1,1400,652,1251,802,1142,911
15th Sep 25 2025,88,17,15,0,1315,741,1131,926,1092,965
12th Sep 25 2025,58,12,17,1,1221,831,1081,972,1059,994
11th Sep 25 2025,55,23,24,1,1226,826,1068,985,1046,1007
10th Sep 25 2025,94,21,18,0,1213,839,1055,998,1049,1004
9th Sep 25 2025,69,27,24,0,1021,1030,913,1139,991,1061
8th Sep 25 2025,126,19,33,1,1008,1046,896,1159,997,1058
5th Sep 25 2025,87,13,28,1,910,1140,866,1185,958,1093
4th Sep 25 2025,51,30,20,2,947,1103,859,1192,976,1075
3rd Sep 25 2025,111,13,16,0,1050,998,911,1138,991,1058
2nd Sep 25 2025,123,22,12,0,871,1176,788,1261,951,1098
1st Sep 25 2025,128,15,12,2,733,1317,705,1346,913,1138
29th Aug 25 2025,51,22,8,1,513,1532,574,1472,830,1216
28th Aug 25 2025,30,60,6,1,527,1517,592,1453,846,1199
26th Aug 25 2025,27,63,11,2,631,1408,690,1350,906,1134
25th Aug 25 2025,72,34,24,1,942,1101,894,1150,1004,1040
22nd Aug 25 2025,52,17,22,0,913,1125,899,1140,990,1049
21st Aug 25 2025,59,19,21,0,1021,1018,961,1079,1005,1035
20th Aug 25 2025,107,9,20,1,1007,1029,950,1087,1001,1036
19th Aug 25 2025,125,14,17,1,953,1082,900,1136,994,1042
18th Aug 25 2025,148,33,16,2,781,1258,806,1234,947,1093
14th Aug 25 2025,45,74,14,3,547,1485,640,1392,877,1156
13th Aug 25 2025,110,48,10,5,595,1437,680,1352,915,1118
12th Aug 25 2025,75,51,5,5,494,1538,614,1419,886,1147
11th Aug 25 2025,84,64,5,4,439,1594,601,1433,874,1160
8th Aug 25 2025,48,74,7,4,371,1663,548,1486,844,1190
7th Aug 25 2025,52,52,7,5,443,1591,637,1397,927,1107
6th Aug 25 2025,39,73,7,5,462,1570,642,1390,940,1092
5th Aug 25 2025,47,41,8,5,573,1456,734,1295,994,1035
4th Aug 25 2025,93,47,12,4,578,1453,782,1249,1020,1011
1st Aug 25 2025,35,118,9,0,446,1580,711,1315,976,1050
31st Jul 25 2025,53,47,9,1,581,1441,865,1157,1071,951
30th Jul 25 2025,92,33,9,1,678,1339,980,1037,1107,910
29th Jul 25 2025,118,18,9,1,610,1409,950,1068,1101,918
28th Jul 25 2025,37,118,9,4,493,1531,805,1219,1043,981
25th Jul 25 2025,24,88,9,3,629,1388,1004,1014,1130,888
24th Jul 25 2025,44,36,11,2,957,1061,1303,715,1262,755
23rd Jul 25 2025,51,28,14,2,1087,930,1359,658,1282,735
22nd Jul 25 2025,56,21,16,2,1042,973,1373,643,1277,739
21st Jul 25 2025,70,33,15,3,1136,884,1429,591,1288,732
18th Jul 25 2025,51,18,15,1,1160,855,1468,547,1305,710
17th Jul 25 2025,64,16,16,1,1328,685,1550,463,1330,683
16th Jul 25 2025,88,13,13,0,1335,677,1553,459,1317,695
15th Jul 25 2025,101,9,9,0,1259,754,1492,521,1287,726
14th Jul 25 2025,75,21,16,1,1003,1013,1360,656,1212,804
11th Jul 25 2025,42,15,6,0,991,1021,1395,617,1209,803
10th Jul 25 2025,68,10,11,1,1214,793,1501,506,1262,745
9th Jul 25 2025,76,9,10,2,1246,760,1504,503,1249,758
8th Jul 25 2025,57,16,13,2,1214,795,1488,521,1246,763
7th Jul 25 2025,65,28,20,1,1269,743,1515,497,1259,753
4th Jul 25 2025,66,16,19,1,1374,636,1567,443,1269,741
3rd Jul 25 2025,72,14,19,0,1357,650,1537,470,1254,753
2nd Jul 25 2025,57,21,22,0,1343,662,1529,476,1227,778
1st Jul 25 2025,82,20,27,0,1439,562,1563,438,1241,760
30th Jun 25 2025,114,16,29,0,1471,531,1568,434,1252,750
27th Jun 25 2025,89,13,23,0,1422,576,1533,465,1236,762
26th Jun 25 2025,62,12,22,0,1356,643,1511,488,1204,795
25th Jun 25 2025,154,6,10,0,1354,644,1507,491,1202,796
24th Jun 25 2025,96,15,5,1,1044,955,1345,653,1105,895
23rd Jun 25 2025,72,18,5,1,836,1165,1199,802,1059,943
20th Jun 25 2025,80,11,7,1,825,1171,1229,767,1043,954
19th Jun 25 2025,17,80,6,0,588,1408,1118,878,999,998
18th Jun 25 2025,39,24,4,0,927,1067,1351,643,1112,883
17th Jun 25 2025,46,36,6,1,1015,979,1403,591,1146,849
16th Jun 25 2025,73,15,9,1,1244,753,1503,494,1189,809
13th Jun 25 2025,38,23,16,1,1183,810,1516,477,1161,833
12th Jun 25 2025,33,48,21,0,1421,571,1592,400,1217,776
11th Jun 25 2025,110,19,26,0,1642,348,1707,283,1294,697
10th Jun 25 2025,104,8,29,1,1637,353,1685,305,1273,718
9th Jun 25 2025,152,9,22,0,1624,369,1668,325,1250,744
6th Jun 25 2025,113,17,21,0,1491,500,1578,413,1170,822
5th Jun 25 2025,114,5,15,0,1451,539,1510,480,1122,869
4th Jun 25 2025,98,20,13,0,1371,618,1488,501,1089,901
3rd Jun 25 2025,69,23,17,0,1314,674,1477,511,1065,924
2nd Jun 25 2025,122,47,23,0,1421,567,1511,477,1063,926
30th May 25 2025,91,59,26,0,1437,548,1519,466,1059,927
29th May 25 2025,103,43,34,0,1508,476,1540,444,1099,886
28th May 25 2025,98,30,24,1,1545,438,1553,430,1079,905
27th May 25 2025,79,26,27,1,1590,392,1581,402,1087,896
26th May 25 2025,114,39,19,0,1632,353,1616,370,1070,916
23rd May 25 2025,84,29,23,1,1639,342,1608,374,1050,932
22nd May 25 2025,70,36,26,1,1617,364,1577,405,1010,972
21st May 25 2025,83,36,30,1,1678,302,1602,379,1017,964
20th May 25 2025,56,72,54,1,1652,328,1588,393,983,998
19th May 25 2025,180,29,80,0,1772,211,1693,291,1050,934
16th May 25 2025,192,25,156,0,1759,221,1648,333,997,984
15th May 25 2025,151,26,86,0,1713,266,1551,429,932,1048
14th May 25 2025,206,10,43,1,1700,278,1484,495,863,1116
13th May 25 2025,163,17,33,1,1592,386,1299,680,777,1202
12th May 25 2025,966,9,14,2,1455,525,1168,813,732,1249
9th May 25 2025,42,42,8,4,538,1440,645,1334,519,1460
8th May 25 2025,48,38,5,3,637,1343,681,1299,533,1446
7th May 25 2025,87,21,4,5,788,1191,803,1176,581,1398
6th May 25 2025,13,313,5,3,674,1304,706,1272,531,1447
5th May 25 2025,132,22,11,3,1069,910,937,1042,646,1333
2nd May 25 2025,39,33,6,4,818,1161,824,1155,600,1379
30th Apr 25 2025,16,106,7,5,877,1100,830,1147,603,1374
29th Apr 25 2025,56,28,10,2,1235,742,1047,930,663,1314
28th Apr 25 2025,63,37,17,2,1286,693,1077,902,676,1303
25th Apr 25 2025,19,356,17,1,1298,678,1047,929,655,1321
24th Apr 25 2025,86,28,28,2,1754,224,1417,561,776,1202
23rd Apr 25 2025,96,14,41,2,1775,203,1395,583,784,1194
22nd Apr 25 2025,135,14,72,2,1773,205,1385,593,767,1211
21st Apr 25 2025,183,10,102,2,1759,220,1303,676,740,1239
17th Apr 25 2025,84,13,41,2,1634,342,1112,864,656,1320
16th Apr 25 2025,144,13,68,2,1630,346,1049,927,612,1364
15th Apr 25 2025,443,6,15,1,1500,476,907,1069,561,1415
11th Apr 25 2025,311,4,5,2,913,1061,576,1398,445,1529
9th Apr 25 2025,40,92,6,17,509,1463,399,1573,360,1612
8th Apr 25 2025,258,12,7,7,563,1410,441,1532,375,1598
7th Apr 25 2025,5,817,13,16,299,1674,292,1681,302,1671
4th Apr 25 2025,28,464,21,7,798,1174,554,1418,445,1527
3rd Apr 25 2025,203,22,30,3,1414,558,877,1095,550,1422
2nd Apr 25 2025,162,10,11,2,1259,712,754,1217,506,1465
1st Apr 25 2025,291,34,7,4,1054,918,648,1324,443,1529
28th Mar 25 2025,52,59,9,3,900,1067,633,1334,481,1486
27th Mar 25 2025,123,89,13,2,993,974,649,1318,493,1474
26th Mar 25 2025,28,182,19,3,958,1008,599,1367,455,1511
25th Mar 25 2025,43,214,45,0,1179,787,693,1273,495,1471
24th Mar 25 2025,176,16,129,1,1485,480,824,1141,545,1421
21st Mar 25 2025,232,12,55,0,1399,564,702,1262,471,1493
20th Mar 25 2025,131,19,23,1,1154,808,573,1390,406,1557
19th Mar 25 2025,341,8,17,2,1059,901,483,1478,362,1599
18th Mar 25 2025,318,18,11,3,722,1238,327,1633,309,1652
17th Mar 25 2025,57,132,4,14,412,1548,238,1723,263,1698
13th Mar 25 2025,33,59,4,6,355,1601,226,1731,258,1699
12th Mar 25 2025,34,70,9,4,386,1570,231,1726,266,1691
17th Mar 26 2026,95,21,5,8,258,1872,305,1825,398,1732
16th Mar 26 2026,41,120,5,7,190,1946,254,1882,375,1761
13th Mar 26 2026,19,377,9,7,212,1922,293,1841,380,1754
12th Mar 26 2026,58,49,11,6,433,1701,418,1716,444,1690
11th Mar 26 2026,77,54,12,5,438,1697,428,1707,464,1671
10th Mar 26 2026,279,15,11,5,445,1689,438,1697,473,1662
9th Mar 26 2026,28,282,6,14,273,1862,333,1803,412,1724
6th Mar 26 2026,60,40,4,8,389,1745,448,1687,498,1637
5th Mar 26 2026,115,19,9,3,402,1732,465,1670,507,1628
4th Mar 26 2026,48,260,7,4,290,1844,400,1735,465,1670
2nd Mar 26 2026,60,262,6,4,445,1690,490,1646,558,1578
27th Feb 26 2026,42,59,8,1,689,1444,686,1448,665,1469
26th Feb 26 2026,67,21,9,5,832,1301,759,1375,701,1433
25th Feb 26 2026,56,41,5,3,786,1347,740,1394,695,1439
24th Feb 26 2026,25,94,9,2,701,1432,672,1462,683,1451
23rd Feb 26 2026,63,49,6,2,856,1279,781,1355,714,1422
20th Feb 26 2026,50,30,9,4,829,1304,768,1366,705,1429
19th Feb 26 2026,35,51,9,6,798,1335,752,1382,702,1432
18th Feb 26 2026,70,18,6,7,1090,1043,925,1209,770,1364
17th Feb 26 2026,109,19,8,3,1027,1106,863,1271,747,1387
16th Feb 26 2026,51,106,12,4,921,1214,774,1362,726,1410
13th Feb 26 2026,35,168,21,1,960,1173,791,1343,722,1412
12th Feb 26 2026,62,103,28,1,1308,825,1024,1110,789,1344
11th Feb 26 2026,92,64,16,2,1489,644,1117,1017,816,1318
10th Feb 26 2026,137,38,34,1,1570,562,1147,986,816,1317
9th Feb 26 2026,389,17,53,1,1511,624,1067,1069,801,1335
6th Feb 26 2026,59,74,30,3,1119,1014,769,1365,681,1453
5th Feb 26 2026,58,91,33,6,1156,977,776,1358,687,1447
4th Feb 26 2026,240,54,44,18,1343,790,840,1294,720,1414
3rd Feb 26 2026,526,12,27,18,1135,999,742,1392,700,1434
2nd Feb 26 2026,77,74,16,19,449,1686,369,1766,530,1605
1st Feb 26 2026,58,238,9,4,429,1706,357,1778,492,1643
30th Jan 26 2026,166,98,15,6,663,1470,492,1641,600,1533
29th Jan 26 2026,139,61,25,5,530,1603,431,1702,568,1565
28th Jan 26 2026,351,20,12,6,536,1597,422,1711,555,1578
27th Jan 26 2026,102,71,4,10,307,1829,321,1815,482,1654
23rd Jan 26 2026,54,208,2,6,272,1861,293,1840,475,1658
22nd Jan 26 2026,177,56,3,4,360,1773,370,1763,544,1589
21st Jan 26 2026,58,143,21,2,231,1902,290,1843,485,1648
20th Jan 26 2026,30,373,25,1,254,1879,316,1817,520,1613
19th Jan 26 2026,44,88,30,2,448,1688,472,1664,624,1512
16th Jan 26 2026,72,32,27,2,535,1597,533,1599,672,1460
14th Jan 26 2026,84,21,7,1,524,1607,553,1578,686,1445
13th Jan 26 2026,70,16,5,1,488,1643,521,1610,675,1456
12th Jan 26 2026,61,74,6,3,425,1709,502,1632,666,1468
9th Jan 26 2026,17,103,4,3,427,1702,534,1595,683,1446
8th Jan 26 2026,15,139,7,3,664,1466,699,1431,769,1361
7th Jan 26 2026,68,17,14,3,1057,1073,913,1217,856,1274
6th Jan 26 2026,44,27,16,1,1021,1108,876,1253,841,1288
5th Jan 26 2026,64,38,15,1,1139,992,933,1198,865,1266
2nd Jan 26 2026,102,11,12,1,1313,815,952,1176,868,1260
1st Jan 26 2026,63,16,9,2,1075,1054,829,1300,814,1315
31st Dec 25 2025,84,15,7,2,1047,1080,803,1324,811,1316
30th Dec 25 2025,57,33,9,2,771,1354,685,1440,759,1366
29th Dec 25 2025,44,45,13,0,751,1378,712,1417,763,1366
26th Dec 25 2025,64,18,19,0,928,1198,764,1362,793,1333
24th Dec 25 2025,57,15,13,0,1081,1044,798,1327,810,1315
23rd Dec 25 2025,66,16,9,2,1127,998,806,1319,817,1308
22nd Dec 25 2025,114,13,8,1,1012,1115,747,1380,801,1326
19th Dec 25 2025,91,17,8,1,697,1427,638,1486,757,1367
18th Dec 25 2025,40,30,10,1,490,1633,536,1587,713,1410
17th Dec 25 2025,32,56,12,1,494,1627,568,1553,722,1399
16th Dec 25 2025,37,29,13,0,623,1498,615,1506,754,1367
15th Dec 25 2025,78,21,16,1,743,1377,671,1449,777,1343
12th Dec 25 2025,99,10,9,3,694,1420,649,1466,759,1356
11th Dec 25 2025,77,15,5,3,502,1612,558,1556,724,1391
10th Dec 25 2025,54,28,7,2,387,1723,477,1633,708,1403
9th Dec 25 2025,134,15,1,2,423,1687,513,1597,713,1398
8th Dec 25 2025,18,239,3,2,319,1793,461,1651,685,1428
5th Dec 25 2025,33,36,3,3,537,1572,614,1495,782,1328
4th Dec 25 2025,28,27,3,4,527,1582,633,1476,790,1320
3rd Dec 25 2025,18,41,1,3,533,1575,632,1476,807,1302
2nd Dec 25 2025,28,33,5,2,644,1464,705,1403,825,1284
1st Dec 25 2025,62,35,6,3,724,1385,737,1373,849,1261
28th Nov 25 2025,57,21,2,3,749,1355,758,1347,856,1249
27th Nov 25 2025,53,19,2,3,738,1364,753,1350,853,1250
26th Nov 25 2025,82,13,3,2,744,1357,754,1348,866,1236
25th Nov 25 2025,70,12,5,3,555,1545,639,1463,813,1289
24th Nov 25 2025,35,134,6,6,515,1588,619,1485,792,1312
21st Nov 25 2025,30,34,6,4,603,1493,692,1406,847,1251
20th Nov 25 2025,39,23,9,4,757,1340,818,1280,885,1213
19th Nov 25 2025,43,41,7,3,786,1309,823,1273,903,1193
18th Nov 25 2025,38,37,12,3,772,1321,832,1262,905,1189
17th Nov 25 2025,97,48,11,2,937,1159,905,1192,951,1146
14th Nov 25 2025,73,44,12,2,868,1222,872,1219,929,1162
13th Nov 25 2025,70,49,12,2,850,1238,867,1222,955,1134
12th Nov 25 2025,105,26,8,2,885,1201,898,1189,964,1123
11th Nov 25 2025,70,53,7,8,738,1350,808,1281,922,1167
10th Nov 25 2025,83,88,11,7,739,1350,808,1282,924,1166
7th Nov 25 2025,71,40,10,3,665,1420,804,1281,921,1164
6th Nov 25 2025,44,145,12,3,603,1481,803,1281,911,1173
4th Nov 25 2025,39,27,14,1,878,1205,966,1117,1012,1071
3rd Nov 25 2025,96,38,16,1,1094,992,1080,1006,1053,1033
31st Oct 25 2025,42,29,11,0,973,1105,1013,1065,1024,1054
30th Oct 25 2025,52,23,9,0,1127,951,1094,984,1055,1023
29th Oct 25 2025,85,23,11,0,1163,914,1101,976,1066,1011
28th Oct 25 2025,61,29,13,1,1002,1080,999,1083,1029,1053
27th Oct 25 2025,80,37,19,2,1024,1065,1010,1079,1050,1039
24th Oct 25 2025,48,27,17,3,983,1099,975,1107,1016,1066
23rd Oct 25 2025,77,47,19,3,1069,1013,1015,1067,1040,1042
21st Oct 25 2025,57,2,22,0,1125,956,1027,1054,1046,1035
20th Oct 25 2025,97,43,14,3,941,1147,917,1171,1000,1088
17th Oct 25 2025,43,42,11,1,847,1232,859,1220,965,1114
16th Oct 25 2025,77,34,13,2,935,1141,922,1154,999,1077
15th Oct 25 2025,88,27,13,2,831,1245,873,1203,965,1111
14th Oct 25 2025,42,66,24,3,678,1396,784,1290,927,1147
13th Oct 25 2025,55,44,18,4,858,1220,903,1175,994,1084
10th Oct 25 2025,85,24,20,3,1007,1065,975,1097,1033,1039
9th Oct 25 2025,92,39,32,5,910,1164,925,1149,1008,1066
8th Oct 25 2025,79,26,31,2,822,1249,877,1194,991,1080
7th Oct 25 2025,63,33,22,1,908,1161,932,1137,1006,1063
6th Oct 25 2025,83,36,19,1,937,1132,942,1127,1006,1063
3rd Oct 25 2025,128,13,11,1,907,1159,925,1141,1022,1045
1st Oct 25 2025,126,9,12,1,690,1373,785,1278,964,1100
30th Sep 25 2025,41,28,8,2,487,1570,615,1442,883,1175
29th Sep 25 2025,64,61,14,3,456,1604,625,1435,881,1180
26th Sep 25 2025,14,113,18,1,450,1601,616,1435,885,1167
25th Sep 25 2025,42,36,21,1,748,1302,894,1156,1011,1040
24th Sep 25 2025,54,29,18,2,940,1109,1054,995,1073,977
23rd Sep 25 2025,67,23,20,2,1116,932,1158,890,1115,934
22nd Sep 25 2025,79,41,25,2,1212,842,1200,855,1156,899
19th Sep 25 2025,68,21,20,1,1397,651,1299,751,1178,872
18th Sep 25 2025,55,17,20,1,1442,605,1307,741,1173,875
17th Sep 25 2025,74,18,24,1,1457,587,1301,744,1168,877
16th Sep 25 2025,79,12,17,1,1395,649,1248,797,1139,906
15th Sep 25 2025,88,17,15,0,1310,738,1128,921,1089,960
12th Sep 25 2025,58,12,17,1,1217,827,1078,967,1056,989
11th Sep 25 2025,55,23,24,1,1222,822,1066,979,1044,1001
10th Sep 25 2025,94,21,18,0,1210,834,1052,993,1046,999
9th Sep 25 2025,69,27,24,0,1017,1026,911,1133,989,1055
8th Sep 25 2025,126,17,33,1,1004,1042,892,1155,995,1052
5th Sep 25 2025,87,13,28,1,905,1138,862,1182,957,1087
4th Sep 25 2025,51,30,20,2,943,1099,855,1188,974,1069
3rd Sep 25 2025,111,13,16,0,1045,995,906,1135,989,1052
2nd Sep 25 2025,122,22,12,0,867,1172,784,1257,949,1092
1st Sep 25 2025,128,15,12,2,730,1312,702,1341,911,1132
29th Aug 25 2025,50,22,8,1,511,1526,572,1466,829,1209
28th Aug 25 2025,30,59,6,1,526,1510,591,1446,845,1192
26th Aug 25 2025,27,62,11,2,628,1403,687,1345,904,1128
25th Aug 25 2025,72,34,23,1,938,1097,890,1146,1002,1034
22nd Aug 25 2025,51,17,21,0,908,1122,895,1136,987,1044
21st Aug 25 2025,58,19,21,0,1018,1013,958,1074,1003,1029
20th Aug 25 2025,107,9,20,1,1004,1024,948,1081,999,1030
19th Aug 25 2025,124,14,17,1,950,1077,898,1130,992,1036
18th Aug 25 2025,147,33,16,2,779,1252,805,1227,945,1087
14th Aug 25 2025,45,74,14,3,546,1478,640,1384,876,1149
13th Aug 25 2025,110,47,10,5,593,1431,680,1344,914,1111
12th Aug 25 2025,75,51,5,5,494,1530,614,1411,886,1139
11th Aug 25 2025,84,63,5,4,439,1586,601,1425,874,1152
8th Aug 25 2025,47,74,7,4,370,1656,547,1479,844,1182
7th Aug 25 2025,52,52,7,5,443,1583,637,1389,925,1101
6th Aug 25 2025,39,73,7,5,462,1562,642,1382,939,1085
5th Aug 25 2025,47,41,8,5,573,1448,734,1287,992,1029
4th Aug 25 2025,93,47,12,4,577,1446,781,1242,1018,1005
1st Aug 25 2025,35,118,9,0,445,1574,710,1309,975,1044
31st Jul 25 2025,53,47,9,1,579,1435,863,1151,1069,945
30th Jul 25 2025,91,33,9,1,677,1333,979,1031,1105,905
29th Jul 25 2025,117,18,9,1,608,1403,947,1063,1098,913
28th Jul 25 2025,37,117,9,4,492,1524,803,1213,1042,974
25th Jul 25 2025,24,87,9,3,628,1381,1001,1009,1129,881
24th Jul 25 2025,44,36,11,2,956,1054,1300,710,1258,751
23rd Jul 25 2025,51,28,14,2,1084,925,1354,655,1278,731
22nd Jul 25 2025,56,21,16,2,1038,969,1366,642,1273,735
21st Jul 25 2025,70,33,15,3,1132,880,1423,589,1284,728
18th Jul 25 2025,50,18,15,1,1156,851,1462,545,1301,706
17th Jul 25 2025,63,16,16,1,1323,682,1544,461,1326,679
16th Jul 25 2025,87,13,13,0,1329,675,1547,457,1313,691
15th Jul 25 2025,100,9,9,0,1254,751,1487,518,1283,722
14th Jul 25 2025,75,21,16,1,1000,1008,1355,653,1208,800
11th Jul 25 2025,42,15,6,0,988,1016,1390,614,1205,799
10th Jul 25 2025,67,10,11,1,1209,790,1496,503,1258,741
9th Jul 25 2025,76,9,10,2,1242,757,1500,500,1247,753
8th Jul 25 2025,56,16,13,2,1209,792,1483,518,1243,758
7th Jul 25 2025,65,28,20,1,1264,740,1510,494,1256,748
4th Jul 25 2025,66,16,19,1,1367,635,1561,441,1265,737
3rd Jul 25 2025,72,14,19,0,1351,648,1533,466,1250,749
2nd Jul 25 2025,56,21,22,0,1336,661,1522,475,1223,774
1st Jul 25 2025,82,19,27,0,1432,561,1556,437,1237,756
30th Jun 25 2025,114,16,29,0,1465,529,1563,431,1248,746
27th Jun 25 2025,89,13,23,0,1416,574,1527,463,1232,758
26th Jun 25 2025,62,12,22,0,1349,642,1505,486,1200,791
25th Jun 25 2025,153,6,10,0,1348,642,1500,490,1198,792
24th Jun 25 2025,95,14,5,1,1038,953,1340,650,1101,891
23rd Jun 25 2025,72,18,5,1,831,1162,1195,798,1056,938
20th Jun 25 2025,80,11,7,1,820,1169,1225,764,1041,949
19th Jun 25 2025,16,80,6,0,585,1403,1115,873,996,993
18th Jun 25 2025,39,24,4,0,923,1063,1348,638,1110,877
17th Jun 25 2025,46,36,6,1,1010,976,1398,588,1144,843
16th Jun 25 2025,72,15,9,1,1238,751,1498,491,1185,805
13th Jun 25 2025,38,23,16,1,1178,807,1510,475,1158,828
12th Jun 25 2025,32,47,20,0,1415,569,1586,398,1214,771
11th Jun 25 2025,108,19,25,0,1636,346,1701,281,1290,693
10th Jun 25 2025,102,8,28,1,1631,351,1679,303,1269,714
9th Jun 25 2025,150,8,22,0,1619,366,1662,323,1246,740
6th Jun 25 2025,113,17,21,0,1487,496,1573,410,1168,816
5th Jun 25 2025,114,5,15,0,1446,536,1506,476,1120,863
4th Jun 25 2025,98,20,13,0,1366,615,1484,497,1087,895
3rd Jun 25 2025,69,23,17,0,1309,671,1473,507,1063,918
2nd Jun 25 2025,122,47,23,0,1416,564,1507,473,1061,920
30th May 25 2025,91,57,26,0,1431,546,1516,461,1057,921
29th May 25 2025,102,43,34,0,1502,474,1536,440,1097,880
28th May 25 2025,97,30,24,1,1539,436,1549,426,1077,899
27th May 25 2025,79,26,27,1,1583,391,1577,398,1085,890
26th May 25 2025,114,39,19,0,1625,352,1611,367,1068,910
23rd May 25 2025,83,29,23,1,1633,340,1605,369,1048,926
22nd May 25 2025,70,36,26,1,1613,360,1574,400,1008,966
21st May 25 2025,83,36,30,1,1672,300,1599,374,1015,958
20th May 25 2025,56,70,54,1,1648,324,1585,388,981,992
19th May 25 2025,179,29,80,0,1766,209,1690,286,1048,928
16th May 25 2025,191,25,156,0,1752,220,1644,329,994,979
15th May 25 2025,150,26,86,0,1708,264,1548,425,930,1043
14th May 25 2025,206,10,43,1,1696,275,1481,491,862,1110
13th May 25 2025,163,17,33,1,1589,382,1296,676,775,1197
12th May 25 2025,963,9,14,2,1452,521,1165,809,730,1244
9th May 25 2025,42,42,8,4,537,1434,644,1328,519,1453
8th May 25 2025,47,38,5,3,636,1337,680,1293,533,1439
7th May 25 2025,86,21,4,4,787,1185,802,1170,581,1391
6th May 25 2025,13,313,5,2,673,1298,705,1266,531,1440
5th May 25 2025,132,20,11,2,1067,905,935,1037,646,1326
2nd May 25 2025,39,32,6,4,816,1156,822,1150,600,1372
30th Apr 25 2025,16,104,7,5,875,1095,828,1142,603,1367
29th Apr 25 2025,56,28,10,2,1232,738,1045,925,663,1307
28th Apr 25 2025,63,37,17,2,1282,690,1075,897,676,1296
25th Apr 25 2025,19,356,17,1,1294,675,1044,925,655,1314
24th Apr 25 2025,86,28,28,2,1750,221,1413,558,775,1196
23rd Apr 25 2025,96,14,40,2,1771,200,1391,580,783,1188
22nd Apr 25 2025,133,14,71,2,1767,204,1382,589,766,1205
21st Apr 25 2025,183,10,102,2,1754,218,1301,671,739,1233
17th Apr 25 2025,84,13,41,2,1629,340,1110,859,655,1314
16th Apr 25 2025,143,13,68,2,1626,343,1047,922,611,1358
15th Apr 25 2025,443,6,15,1,1495,474,907,1062,561,1408
11th Apr 25 2025,310,4,5,2,911,1056,576,1391,445,1522
9th Apr 25 2025,40,91,6,17,509,1456,399,1566,360,1605
8th Apr 25 2025,258,12,7,7,563,1403,441,1525,375,1591
7th Apr 25 2025,5,813,13,16,299,1667,292,1674,302,1664
4th Apr 25 2025,28,462,21,7,795,1170,554,1411,445,1520
3rd Apr 25 2025,202,22,30,3,1411,554,877,1088,550,1415
2nd Apr 25 2025,160,10,11,2,1257,707,753,1211,505,1459
1st Apr 25 2025,289,33,7,4,1053,912,647,1318,443,1522
28th Mar 25 2025,52,59,9,3,899,1061,633,1327,481,1479
27th Mar 25 2025,123,88,13,2,990,970,649,1311,493,1467
26th Mar 25 2025,28,181,19,3,955,1004,599,1360,455,1504
25th Mar 25 2025,43,211,45,0,1177,782,693,1266,495,1464
24th Mar 25 2025,176,15,129,1,1481,477,824,1134,545,1414
21st Mar 25 2025,232,12,55,0,1395,561,701,1256,471,1486
20th Mar 25 2025,131,19,23,1,1151,804,572,1384,406,1550
19th Mar 25 2025,340,8,17,2,1056,897,482,1472,362,1592
18th Mar 25 2025,316,18,11,3,720,1233,326,1627,309,1645
17th Mar 25 2025,56,131,4,14,410,1543,238,1716,263,1691
13th Mar 25 2025,33,59,4,6,354,1596,226,1725,258,1693
12th Mar 25 2025,34,68,9,4,384,1565,231,1719,266,1684
11th Mar 25 2025,44,123,22,3,410,1540,232,1719,281,1670
16th Mar 26 2026,43,133,6,7,188,1942,251,1879,366,1764
13th Mar 26 2026,19,377,9,7,213,1920,293,1840,380,1753
12th Mar 26 2026,58,49,11,6,434,1699,418,1715,444,1689
11th Mar 26 2026,78,54,12,5,439,1695,429,1705,464,1670
10th Mar 26 2026,279,15,11,5,446,1687,438,1696,473,1661
9th Mar 26 2026,28,281,6,14,274,1860,333,1802,412,1723
6th Mar 26 2026,60,40,4,8,389,1744,448,1686,498,1636
5th Mar 26 2026,114,19,9,3,402,1731,465,1669,507,1627
4th Mar 26 2026,48,260,7,4,290,1843,400,1734,465,1669
2nd Mar 26 2026,60,262,6,4,445,1689,490,1645,558,1577
27th Feb 26 2026,42,59,8,1,689,1443,686,1447,664,1469
26th Feb 26 2026,67,21,9,5,831,1301,759,1374,700,1433
25th Feb 26 2026,56,42,5,3,785,1347,739,1394,694,1439
24th Feb 26 2026,25,95,9,2,701,1431,672,1461,682,1451
23rd Feb 26 2026,63,49,6,2,855,1279,780,1355,713,1422
20th Feb 26 2026,50,30,9,4,830,1302,768,1365,704,1429
19th Feb 26 2026,35,52,9,6,798,1334,752,1381,701,1432
18th Feb 26 2026,70,18,6,7,1090,1042,924,1209,769,1364
17th Feb 26 2026,109,19,8,3,1027,1105,863,1270,746,1387
16th Feb 26 2026,51,107,12,4,920,1214,774,1361,725,1410
13th Feb 26 2026,35,167,21,1,960,1172,791,1342,721,1412
12th Feb 26 2026,62,103,28,1,1306,826,1022,1111,788,1344
11th Feb 26 2026,92,64,16,2,1487,645,1115,1018,815,1318
10th Feb 26 2026,136,38,34,1,1567,564,1145,987,814,1318
9th Feb 26 2026,389,17,53,1,1510,624,1066,1069,800,1335
6th Feb 26 2026,59,74,30,3,1119,1013,769,1364,680,1453
5th Feb 26 2026,58,91,33,6,1156,976,776,1357,686,1447
4th Feb 26 2026,239,54,44,18,1342,790,840,1293,719,1414
3rd Feb 26 2026,526,12,27,18,1134,999,742,1391,699,1434
2nd Feb 26 2026,77,74,16,19,449,1685,369,1765,529,1605
1st Feb 26 2026,58,238,9,4,429,1705,357,1777,491,1643
30th Jan 26 2026,167,98,15,6,663,1469,492,1640,599,1533
29th Jan 26 2026,139,61,25,5,530,1602,431,1701,567,1565
28th Jan 26 2026,351,21,12,6,536,1596,422,1710,554,1578
27th Jan 26 2026,103,72,4,10,307,1828,321,1814,481,1654
23rd Jan 26 2026,54,208,2,6,271,1861,293,1839,473,1659
22nd Jan 26 2026,177,56,3,4,359,1773,369,1763,542,1590
21st Jan 26 2026,58,145,21,2,231,1901,290,1842,484,1648
20th Jan 26 2026,30,373,25,1,254,1878,316,1816,519,1613
19th Jan 26 2026,43,88,30,2,447,1688,471,1664,622,1513
16th Jan 26 2026,73,33,27,2,535,1596,532,1599,671,1460
14th Jan 26 2026,84,21,7,1,524,1606,552,1578,685,1445
13th Jan 26 2026,70,17,5,1,487,1643,520,1610,673,1457
12th Jan 26 2026,61,75,6,3,425,1708,501,1632,665,1468
9th Jan 26 2026,17,103,4,3,427,1701,533,1595,682,1446
8th Jan 26 2026,15,139,7,3,663,1466,698,1431,768,1361
7th Jan 26 2026,68,17,14,3,1056,1073,912,1217,855,1274
6th Jan 26 2026,44,27,16,1,1020,1108,875,1253,840,1288
5th Jan 26 2026,64,38,15,1,1139,991,933,1197,864,1266
2nd Jan 26 2026,102,11,12,1,1313,814,952,1175,866,1261
1st Jan 26 2026,63,16,9,2,1074,1054,828,1300,813,1315
31st Dec 25 2025,84,15,7,2,1046,1080,802,1324,810,1316
30th Dec 25 2025,57,33,9,2,771,1353,684,1440,758,1366
29th Dec 25 2025,44,45,13,0,750,1378,711,1417,762,1366
26th Dec 25 2025,64,18,19,0,927,1198,763,1362,792,1333
24th Dec 25 2025,57,15,13,0,1081,1043,798,1326,809,1315
23rd Dec 25 2025,66,16,9,2,1127,997,806,1318,816,1308
22nd Dec 25 2025,115,13,8,1,1012,1114,747,1379,799,1327
19th Dec 25 2025,91,17,8,1,697,1426,638,1485,756,1367
18th Dec 25 2025,40,30,10,1,490,1632,535,1587,712,1410
17th Dec 25 2025,32,57,12,1,495,1625,568,1552,720,1400
16th Dec 25 2025,37,30,13,0,623,1497,614,1506,752,1368
15th Dec 25 2025,78,22,16,1,743,1376,671,1448,775,1344
12th Dec 25 2025,99,10,9,3,694,1419,649,1465,757,1357
11th Dec 25 2025,78,16,6,3,503,1610,557,1556,722,1392
10th Dec 25 2025,54,29,7,2,387,1722,476,1633,706,1404
9th Dec 25 2025,134,15,1,2,423,1686,512,1597,711,1399
8th Dec 25 2025,18,239,3,2,318,1793,460,1651,683,1429
5th Dec 25 2025,33,36,3,3,536,1572,613,1495,780,1329
4th Dec 25 2025,28,27,3,4,526,1582,632,1476,788,1321
3rd Dec 25 2025,18,41,1,3,532,1575,631,1476,805,1303
2nd Dec 25 2025,28,32,5,2,643,1464,703,1404,823,1285
1st Dec 25 2025,62,34,6,3,722,1386,735,1374,847,1262
28th Nov 25 2025,56,21,2,3,747,1356,755,1349,853,1251
27th Nov 25 2025,53,20,2,3,737,1364,751,1351,851,1251
26th Nov 25 2025,82,14,3,2,742,1358,752,1349,864,1237
25th Nov 25 2025,70,12,5,3,554,1545,638,1463,812,1289
24th Nov 25 2025,35,135,6,6,514,1588,617,1486,790,1313
21st Nov 25 2025,30,35,6,4,602,1493,690,1407,846,1251
20th Nov 25 2025,40,23,9,4,756,1340,816,1281,884,1213
19th Nov 25 2025,43,42,7,3,784,1310,821,1274,902,1193
18th Nov 25 2025,38,38,12,3,770,1322,830,1263,904,1189
17th Nov 25 2025,97,47,11,2,936,1159,903,1193,950,1146
14th Nov 25 2025,73,44,12,2,866,1223,870,1220,928,1162
13th Nov 25 2025,70,50,12,2,849,1238,866,1222,954,1134
12th Nov 25 2025,106,26,8,2,885,1200,898,1188,963,1123
11th Nov 25 2025,70,53,7,8,737,1350,807,1281,921,1167
10th Nov 25 2025,83,88,11,7,738,1350,807,1282,923,1166
7th Nov 25 2025,71,41,10,3,665,1419,803,1281,920,1164
6th Nov 25 2025,45,145,12,3,603,1480,802,1281,910,1173
4th Nov 25 2025,39,27,14,1,877,1205,964,1118,1011,1071
3rd Nov 25 2025,96,38,16,1,1093,992,1078,1007,1052,1033
31st Oct 25 2025,42,29,11,0,972,1105,1011,1066,1023,1054
30th Oct 25 2025,53,23,9,0,1125,952,1091,986,1054,1023
29th Oct 25 2025,85,24,11,0,1161,915,1098,978,1065,1011
28th Oct 25 2025,61,30,13,1,1000,1081,997,1084,1028,1053
27th Oct 25 2025,80,37,19,2,1022,1066,1008,1080,1049,1039
24th Oct 25 2025,49,27,17,3,981,1100,973,1108,1015,1066
23rd Oct 25 2025,78,47,19,3,1068,1013,1014,1067,1039,1042
21st Oct 25 2025,57,2,22,0,1123,957,1025,1055,1045,1035
20th Oct 25 2025,96,44,14,3,939,1148,915,1172,999,1088
17th Oct 25 2025,44,42,11,1,847,1231,858,1220,965,1113
16th Oct 25 2025,79,34,13,2,934,1141,921,1154,999,1076
15th Oct 25 2025,89,27,13,2,829,1246,871,1204,965,1110
14th Oct 25 2025,42,66,24,3,677,1396,782,1291,927,1146
13th Oct 25 2025,55,45,18,4,856,1221,901,1176,993,1084
10th Oct 25 2025,85,25,20,3,1005,1066,973,1098,1032,1039
9th Oct 25 2025,92,39,32,5,909,1164,924,1149,1007,1066
8th Oct 25 2025,79,26,31,2,822,1248,877,1193,990,1080
7th Oct 25 2025,63,33,22,1,909,1159,933,1135,1005,1063
6th Oct 25 2025,83,36,19,1,938,1130,943,1125,1005,1063
3rd Oct 25 2025,128,14,11,1,908,1157,926,1139,1021,1045
1st Oct 25 2025,127,9,12,1,692,1370,786,1276,963,1100
30th Sep 25 2025,42,28,8,2,488,1568,615,1441,882,1175
29th Sep 25 2025,64,62,14,3,456,1603,624,1435,880,1180
26th Sep 25 2025,14,113,18,1,452,1598,617,1433,884,1167
25th Sep 25 2025,41,37,21,1,749,1300,894,1155,1009,1041
24th Sep 25 2025,54,29,19,2,941,1107,1054,994,1072,977
23rd Sep 25 2025,68,23,21,2,1118,929,1158,889,1114,934
22nd Sep 25 2025,80,41,26,2,1212,841,1199,855,1155,899
19th Sep 25 2025,69,21,20,1,1396,651,1298,751,1177,872
18th Sep 25 2025,57,17,20,1,1440,606,1307,740,1172,875
17th Sep 25 2025,76,18,24,1,1454,589,1299,745,1167,877
16th Sep 25 2025,80,12,17,1,1392,651,1245,799,1138,906
15th Sep 25 2025,88,18,15,1,1307,740,1126,922,1088,960
12th Sep 25 2025,58,13,17,1,1215,828,1076,968,1055,989
11th Sep 25 2025,55,24,24,1,1220,823,1065,979,1043,1001
10th Sep 25 2025,94,22,18,0,1207,836,1051,993,1045,999
9th Sep 25 2025,69,28,24,0,1014,1028,910,1133,988,1055
8th Sep 25 2025,127,18,33,1,1003,1042,891,1155,994,1052
5th Sep 25 2025,88,13,28,1,904,1138,861,1182,956,1087
4th Sep 25 2025,52,30,20,2,942,1099,855,1187,973,1069
3rd Sep 25 2025,112,13,16,0,1043,996,906,1134,988,1052
2nd Sep 25 2025,123,23,12,1,866,1172,784,1256,948,1092
1st Sep 25 2025,128,16,12,3,728,1313,701,1341,910,1132
29th Aug 25 2025,50,23,8,2,509,1527,571,1466,828,1209
28th Aug 25 2025,30,60,6,2,524,1511,590,1446,844,1192
26th Aug 25 2025,27,63,11,3,627,1403,686,1345,903,1128
25th Aug 25 2025,72,35,23,1,936,1098,889,1146,1001,1034
22nd Aug 25 2025,51,18,21,0,906,1123,893,1137,986,1044
21st Aug 25 2025,58,20,21,0,1017,1013,957,1074,1002,1029
20th Aug 25 2025,107,10,20,1,1003,1024,947,1081,998,1030
19th Aug 25 2025,124,14,18,1,949,1077,897,1130,991,1036
18th Aug 25 2025,147,33,17,2,778,1252,804,1227,944,1087
14th Aug 25 2025,46,74,15,3,546,1477,639,1384,875,1149
13th Aug 25 2025,111,47,11,5,592,1431,679,1344,913,1111
12th Aug 25 2025,76,51,6,5,493,1530,613,1411,885,1139
11th Aug 25 2025,85,63,6,4,439,1585,600,1425,873,1152
8th Aug 25 2025,48,74,8,4,370,1655,547,1478,843,1182
7th Aug 25 2025,53,52,8,5,443,1582,637,1388,924,1101
6th Aug 25 2025,40,73,8,5,461,1562,640,1383,938,1085
5th Aug 25 2025,48,41,9,5,572,1448,732,1288,991,1029
4th Aug 25 2025,93,47,13,4,577,1445,780,1242,1017,1005
1st Aug 25 2025,36,118,10,0,445,1572,710,1307,974,1043
31st Jul 25 2025,54,47,10,1,579,1434,863,1150,1068,945
30th Jul 25 2025,92,33,10,1,676,1332,978,1030,1104,904
29th Jul 25 2025,118,18,10,1,609,1401,947,1062,1097,913
28th Jul 25 2025,38,117,10,4,493,1522,804,1211,1041,974
25th Jul 25 2025,24,87,10,3,629,1379,1001,1008,1128,881
24th Jul 25 2025,45,35,12,2,957,1052,1299,710,1258,750
23rd Jul 25 2025,51,28,15,2,1083,925,1353,655,1278,730
22nd Jul 25 2025,57,21,16,2,1039,967,1366,641,1272,735
21st Jul 25 2025,71,33,15,3,1132,879,1423,588,1284,727
18th Jul 25 2025,51,18,15,1,1155,850,1461,544,1300,705
17th Jul 25 2025,64,16,16,1,1323,681,1544,460,1326,678
16th Jul 25 2025,88,13,13,0,1328,675,1547,456,1313,690
15th Jul 25 2025,100,8,9,0,1253,751,1485,519,1282,722
14th Jul 25 2025,74,21,16,1,1000,1007,1353,654,1207,800
11th Jul 25 2025,42,15,6,0,987,1016,1387,616,1205,798
10th Jul 25 2025,67,10,11,1,1207,791,1493,505,1258,740
9th Jul 25 2025,76,9,10,2,1240,758,1497,502,1247,752
8th Jul 25 2025,56,16,13,2,1207,793,1480,520,1243,757
7th Jul 25 2025,65,28,20,1,1262,741,1507,496,1256,747
4th Jul 25 2025,66,16,19,1,1366,635,1559,442,1265,736
3rd Jul 25 2025,72,14,19,0,1349,649,1530,468,1250,748
2nd Jul 25 2025,57,21,22,0,1333,663,1519,477,1223,773
1st Jul 25 2025,82,20,27,0,1429,563,1553,439,1237,755
30th Jun 25 2025,114,16,29,0,1463,530,1561,432,1248,745
27th Jun 25 2025,89,13,23,0,1414,575,1526,463,1232,757
26th Jun 25 2025,62,12,22,0,1348,642,1504,486,1200,790
25th Jun 25 2025,153,6,10,0,1347,642,1500,489,1198,791
24th Jun 25 2025,95,15,5,1,1038,952,1339,650,1101,890
23rd Jun 25 2025,72,18,5,1,831,1161,1195,797,1056,937
20th Jun 25 2025,80,11,7,1,820,1168,1224,764,1041,948
19th Jun 25 2025,16,80,6,0,585,1402,1114,873,996,992
18th Jun 25 2025,39,24,4,0,922,1063,1347,638,1110,876
17th Jun 25 2025,46,36,6,1,1009,976,1397,588,1144,842
16th Jun 25 2025,72,15,9,1,1237,751,1497,491,1185,804
13th Jun 25 2025,38,23,16,1,1178,806,1509,475,1158,827
12th Jun 25 2025,32,47,20,0,1413,570,1584,399,1214,770
11th Jun 25 2025,109,19,25,0,1634,347,1700,281,1290,692
10th Jun 25 2025,103,8,29,1,1629,352,1677,304,1269,713
9th Jun 25 2025,151,9,23,0,1617,367,1661,323,1246,739
6th Jun 25 2025,114,17,21,0,1486,496,1572,410,1168,815
5th Jun 25 2025,115,5,15,0,1446,535,1506,475,1120,862
4th Jun 25 2025,99,19,13,0,1366,614,1483,497,1087,894
3rd Jun 25 2025,70,23,17,0,1309,670,1471,508,1063,917
2nd Jun 25 2025,122,47,23,0,1414,565,1505,474,1061,919
30th May 25 2025,91,57,26,0,1430,546,1514,462,1057,920
29th May 25 2025,102,43,34,0,1501,474,1534,441,1097,879
28th May 25 2025,97,30,24,1,1538,436,1547,427,1077,898
27th May 25 2025,79,26,27,1,1581,392,1574,400,1085,889
26th May 25 2025,114,39,19,0,1624,352,1609,368,1068,909
23rd May 25 2025,83,29,23,1,1632,340,1603,370,1048,925
22nd May 25 2025,70,36,26,1,1612,360,1572,401,1008,965
21st May 25 2025,83,36,30,1,1671,300,1597,375,1015,957
20th May 25 2025,56,71,54,1,1646,325,1582,390,981,991
19th May 25 2025,179,28,80,0,1764,210,1687,288,1048,927
16th May 25 2025,192,25,156,0,1750,221,1641,331,994,978
15th May 25 2025,150,26,86,0,1705,266,1545,427,930,1042
14th May 25 2025,206,10,43,1,1694,276,1479,492,862,1109
13th May 25 2025,163,16,33,1,1588,382,1295,676,775,1196
12th May 25 2025,963,9,14,2,1451,521,1164,809,730,1243
9th May 25 2025,42,42,8,4,536,1434,643,1328,519,1452
8th May 25 2025,48,38,5,3,634,1338,678,1294,533,1438
7th May 25 2025,87,21,4,5,785,1186,801,1170,581,1390
6th May 25 2025,13,313,5,3,671,1299,703,1267,531,1439
5th May 25 2025,132,21,11,3,1065,906,933,1038,646,1325
2nd May 25 2025,39,33,6,4,814,1157,820,1151,600,1371
30th Apr 25 2025,16,105,7,5,872,1097,825,1144,603,1366
29th Apr 25 2025,56,27,10,2,1229,740,1042,927,663,1306
28th Apr 25 2025,62,37,17,2,1279,692,1072,899,676,1295
25th Apr 25 2025,19,354,17,1,1291,677,1041,927,655,1313
24th Apr 25 2025,86,28,28,2,1747,223,1410,560,775,1195
23rd Apr 25 2025,95,14,41,2,1768,202,1388,582,783,1187
22nd Apr 25 2025,134,14,72,2,1764,206,1379,591,766,1204
21st Apr 25 2025,184,10,102,2,1751,220,1299,672,739,1232
17th Apr 25 2025,85,13,41,2,1626,342,1108,860,655,1313
16th Apr 25 2025,144,13,68,2,1623,345,1045,923,612,1356
15th Apr 25 2025,444,6,15,1,1492,476,906,1062,562,1406
11th Apr 25 2025,310,5,5,3,909,1057,576,1390,446,1520
9th Apr 25 2025,40,93,6,18,509,1455,399,1565,361,1603
8th Apr 25 2025,258,13,7,8,563,1402,441,1524,376,1589
7th Apr 25 2025,5,814,13,17,299,1666,292,1673,303,1662
4th Apr 25 2025,28,464,21,8,795,1169,554,1410,446,1518
3rd Apr 25 2025,202,23,30,3,1410,554,877,1087,551,1413
2nd Apr 25 2025,161,11,11,2,1256,707,753,1210,506,1457
1st Apr 25 2025,289,35,7,4,1052,912,647,1317,444,1520
28th Mar 25 2025,52,59,9,3,898,1061,633,1326,482,1477
27th Mar 25 2025,123,88,13,2,990,969,649,1310,494,1465
26th Mar 25 2025,28,180,19,3,955,1003,599,1359,456,1502
25th Mar 25 2025,43,211,45,0,1176,782,693,1265,496,1462
24th Mar 25 2025,176,16,129,1,1481,476,824,1133,546,1412
21st Mar 25 2025,232,12,55,0,1395,560,702,1254,472,1484
20th Mar 25 2025,131,19,23,1,1151,803,574,1381,407,1548
19th Mar 25 2025,340,8,17,2,1058,894,484,1469,363,1590
18th Mar 25 2025,317,18,11,3,722,1230,328,1624,310,1643
17th Mar 25 2025,57,131,4,14,412,1540,239,1714,264,1689
13th Mar 25 2025,33,59,4,6,355,1593,227,1722,259,1690
12th Mar 25 2025,34,68,9,4,386,1562,232,1717,267,1682
11th Mar 25 2025,44,123,22,3,412,1537,233,1717,282,1668
10th Mar 25 2025,30,376,28,2,449,1502,243,1709,292,1660
13th Mar 26 2026,18,378,8,9,211,1920,290,1841,376,1755
12th Mar 26 2026,57,49,11,9,431,1700,415,1716,441,1690
11th Mar 26 2026,78,54,12,9,436,1696,426,1706,461,1671
10th Mar 26 2026,278,15,10,9,443,1688,435,1697,470,1662
9th Mar 26 2026,27,282,6,19,272,1860,330,1803,409,1724
6th Mar 26 2026,58,42,4,12,386,1745,445,1687,496,1636
5th Mar 26 2026,113,20,9,5,401,1730,464,1668,507,1625
4th Mar 26 2026,47,259,7,5,289,1842,400,1732,465,1667
2nd Mar 26 2026,59,263,6,5,444,1688,489,1644,558,1575
27th Feb 26 2026,42,59,8,1,688,1442,685,1446,663,1468
26th Feb 26 2026,66,21,9,5,829,1301,757,1374,699,1432
25th Feb 26 2026,55,42,5,3,784,1346,738,1393,693,1438
24th Feb 26 2026,25,95,9,2,700,1430,672,1459,682,1449
23rd Feb 26 2026,63,48,6,2,854,1278,779,1354,712,1421
20th Feb 26 2026,50,30,9,4,828,1302,766,1365,703,1428
19th Feb 26 2026,35,52,9,6,794,1336,749,1382,700,1431
18th Feb 26 2026,70,18,6,7,1086,1044,921,1210,767,1364
17th Feb 26 2026,108,19,8,3,1024,1106,860,1271,743,1388
16th Feb 26 2026,51,107,12,4,919,1213,772,1361,724,1409
13th Feb 26 2026,35,167,21,1,957,1173,789,1342,719,1412
12th Feb 26 2026,62,103,28,1,1303,827,1020,1111,786,1344
11th Feb 26 2026,92,63,16,2,1484,646,1112,1019,813,1318
10th Feb 26 2026,136,38,34,1,1565,565,1143,988,813,1318
9th Feb 26 2026,389,17,53,1,1506,626,1062,1071,798,1335
6th Feb 26 2026,59,74,30,3,1115,1015,766,1365,679,1452
5th Feb 26 2026,57,91,33,6,1152,978,772,1359,684,1447
4th Feb 26 2026,239,54,44,18,1339,791,838,1293,718,1413
3rd Feb 26 2026,525,12,27,18,1131,1000,740,1391,698,1433
2nd Feb 26 2026,77,74,16,19,449,1683,369,1763,529,1603
1st Feb 26 2026,58,237,9,4,429,1703,358,1774,491,1641
30th Jan 26 2026,167,98,15,6,663,1467,493,1637,599,1531
29th Jan 26 2026,138,61,25,5,530,1600,431,1699,567,1563
28th Jan 26 2026,351,21,12,6,535,1595,422,1708,554,1576
27th Jan 26 2026,103,71,4,10,307,1826,321,1812,481,1652
23rd Jan 26 2026,54,209,2,6,272,1858,293,1837,474,1656
22nd Jan 26 2026,177,56,3,4,359,1771,370,1760,543,1587
21st Jan 26 2026,57,145,21,2,230,1900,290,1840,484,1646
20th Jan 26 2026,30,375,25,1,254,1876,316,1814,519,1611
19th Jan 26 2026,44,88,30,2,449,1684,473,1660,624,1509
16th Jan 26 2026,73,33,27,2,536,1594,533,1597,672,1458
14th Jan 26 2026,84,21,7,1,524,1606,553,1577,686,1444
13th Jan 26 2026,70,17,5,1,488,1642,521,1609,675,1455
12th Jan 26 2026,60,75,6,3,426,1707,502,1631,666,1467
9th Jan 26 2026,17,102,4,3,428,1700,534,1594,683,1445
8th Jan 26 2026,15,139,7,3,664,1465,699,1430,769,1360
7th Jan 26 2026,68,17,14,3,1057,1072,913,1216,856,1273
6th Jan 26 2026,44,27,16,1,1020,1108,876,1252,841,1287
5th Jan 26 2026,64,38,15,1,1139,991,934,1196,865,1265
2nd Jan 26 2026,102,11,12,1,1313,814,953,1174,868,1259
1st Jan 26 2026,63,16,9,2,1074,1054,828,1300,814,1314
31st Dec 25 2025,84,15,7,2,1046,1080,803,1323,811,1315
30th Dec 25 2025,56,33,9,2,771,1353,685,1439,759,1365
29th Dec 25 2025,44,45,13,0,751,1377,712,1416,763,1365
26th Dec 25 2025,64,18,19,0,928,1197,764,1361,793,1332
24th Dec 25 2025,57,15,13,0,1082,1042,799,1325,810,1314
23rd Dec 25 2025,65,16,9,2,1128,996,807,1317,817,1307
22nd Dec 25 2025,115,13,8,1,1013,1113,748,1378,801,1325
19th Dec 25 2025,91,17,9,1,698,1425,639,1484,757,1366
18th Dec 25 2025,40,30,11,1,491,1631,536,1586,713,1409
17th Dec 25 2025,32,57,13,1,496,1624,569,1551,722,1398
16th Dec 25 2025,38,30,14,0,624,1496,615,1505,754,1366
15th Dec 25 2025,79,21,16,1,744,1375,672,1447,775,1344
12th Dec 25 2025,99,10,9,3,694,1419,649,1465,757,1357
11th Dec 25 2025,77,16,6,3,503,1610,558,1555,722,1392
10th Dec 25 2025,54,29,7,2,387,1722,477,1632,706,1404
9th Dec 25 2025,133,15,1,2,423,1686,512,1597,711,1399
8th Dec 25 2025,18,238,3,2,319,1792,460,1651,683,1429
5th Dec 25 2025,33,36,3,3,536,1572,613,1495,780,1329
4th Dec 25 2025,28,27,3,4,526,1582,632,1476,788,1321
3rd Dec 25 2025,18,41,1,3,531,1576,630,1477,805,1303
2nd Dec 25 2025,28,32,5,2,643,1464,703,1404,823,1285
1st Dec 25 2025,62,34,6,3,724,1384,736,1373,847,1262
28th Nov 25 2025,56,21,2,3,748,1355,757,1347,854,1250
27th Nov 25 2025,54,20,2,3,739,1362,751,1351,851,1251
26th Nov 25 2025,82,14,3,2,743,1357,752,1349,864,1237
25th Nov 25 2025,69,13,5,3,555,1544,639,1462,812,1289
24th Nov 25 2025,35,136,6,6,515,1587,618,1485,790,1313
21st Nov 25 2025,30,35,6,4,603,1492,690,1407,846,1251
20th Nov 25 2025,40,23,9,4,757,1339,816,1281,884,1213
19th Nov 25 2025,43,42,7,3,785,1309,821,1274,902,1193
18th Nov 25 2025,38,38,12,3,771,1321,830,1263,904,1189
17th Nov 25 2025,98,46,11,2,936,1159,903,1193,950,1146
14th Nov 25 2025,73,44,12,2,865,1224,870,1220,928,1162
13th Nov 25 2025,70,49,12,2,848,1239,865,1223,954,1134
12th Nov 25 2025,106,26,8,2,883,1202,897,1189,962,1124
11th Nov 25 2025,70,53,7,8,735,1352,806,1282,921,1167
10th Nov 25 2025,83,87,11,7,737,1351,806,1283,923,1166
7th Nov 25 2025,71,41,10,3,664,1420,802,1282,920,1164
6th Nov 25 2025,45,145,12,3,602,1481,801,1282,910,1173
4th Nov 25 2025,39,27,13,1,877,1205,964,1118,1011,1071
3rd Nov 25 2025,96,38,15,1,1093,992,1078,1007,1052,1033
31st Oct 25 2025,42,29,10,0,972,1105,1011,1066,1023,1054
30th Oct 25 2025,52,23,8,0,1124,953,1091,986,1054,1023
29th Oct 25 2025,84,24,11,0,1160,916,1098,978,1065,1011
28th Oct 25 2025,60,30,13,1,1001,1080,998,1083,1029,1052
27th Oct 25 2025,80,36,19,2,1023,1065,1009,1079,1050,1038
24th Oct 25 2025,49,27,17,3,981,1100,974,1107,1016,1065
23rd Oct 25 2025,78,47,19,3,1069,1012,1015,1066,1040,1041
21st Oct 25 2025,57,2,22,0,1123,957,1026,1054,1046,1034
20th Oct 25 2025,97,44,14,3,940,1147,916,1171,999,1088
17th Oct 25 2025,44,42,11,1,846,1232,858,1220,964,1114
16th Oct 25 2025,79,34,13,2,932,1143,920,1155,998,1077
15th Oct 25 2025,89,27,13,2,828,1247,871,1204,964,1111
14th Oct 25 2025,42,65,24,3,676,1397,781,1292,926,1147
13th Oct 25 2025,54,45,18,4,854,1223,900,1177,993,1084
10th Oct 25 2025,85,25,20,3,1004,1067,972,1099,1032,1039
9th Oct 25 2025,92,39,32,5,907,1166,923,1150,1007,1066
8th Oct 25 2025,79,26,31,2,822,1248,876,1194,990,1080
7th Oct 25 2025,62,33,22,1,908,1160,932,1136,1005,1063
6th Oct 25 2025,83,36,19,1,938,1130,944,1124,1006,1062
3rd Oct 25 2025,128,14,11,1,907,1158,927,1138,1021,1045
1st Oct 25 2025,127,9,12,1,691,1371,786,1276,963,1100
30th Sep 25 2025,42,27,8,2,487,1569,615,1441,882,1175
29th Sep 25 2025,64,62,14,3,455,1604,624,1435,880,1180
26th Sep 25 2025,14,113,18,1,451,1599,617,1433,884,1167
25th Sep 25 2025,40,37,21,1,748,1301,894,1155,1009,1041
24th Sep 25 2025,54,29,19,2,941,1107,1054,994,1072,977
23rd Sep 25 2025,68,23,21,2,1117,930,1158,889,1114,934
22nd Sep 25 2025,79,41,26,2,1211,842,1199,855,1155,899
19th Sep 25 2025,69,21,20,1,1396,651,1298,751,1177,872
18th Sep 25 2025,57,17,20,1,1441,605,1307,740,1172,875
17th Sep 25 2025,76,18,24,1,1454,589,1299,745,1167,877
16th Sep 25 2025,80,12,17,1,1393,650,1246,798,1139,905
15th Sep 25 2025,88,18,15,1,1309,738,1127,921,1089,959
12th Sep 25 2025,58,13,17,1,1216,827,1077,967,1056,988
11th Sep 25 2025,55,24,24,1,1221,822,1066,978,1044,1000
10th Sep 25 2025,94,22,18,0,1208,835,1052,992,1046,998
9th Sep 25 2025,69,28,24,0,1015,1027,911,1132,989,1054
8th Sep 25 2025,127,18,33,1,1004,1041,892,1154,995,1051
5th Sep 25 2025,88,13,28,1,905,1137,862,1181,957,1086
4th Sep 25 2025,52,29,20,2,942,1099,856,1186,973,1069
3rd Sep 25 2025,112,13,16,0,1043,996,906,1134,988,1052
2nd Sep 25 2025,122,23,12,1,866,1172,784,1256,948,1092
1st Sep 25 2025,127,16,12,3,728,1313,702,1340,911,1131
29th Aug 25 2025,50,23,8,2,510,1526,572,1465,829,1208
28th Aug 25 2025,30,60,6,2,524,1511,591,1445,845,1191
26th Aug 25 2025,27,63,11,3,627,1403,686,1345,903,1128
25th Aug 25 2025,72,35,23,1,936,1098,889,1146,1001,1034
22nd Aug 25 2025,51,18,21,0,907,1122,893,1137,986,1044
21st Aug 25 2025,57,20,21,0,1017,1013,957,1074,1002,1029
20th Aug 25 2025,107,10,20,1,1004,1023,948,1080,999,1029
19th Aug 25 2025,124,14,18,1,949,1077,898,1129,992,1035
18th Aug 25 2025,148,33,17,2,779,1251,805,1226,945,1086
14th Aug 25 2025,46,74,15,3,546,1477,640,1383,876,1148
13th Aug 25 2025,111,47,11,5,593,1430,680,1343,914,1110
12th Aug 25 2025,76,50,6,5,494,1529,614,1410,886,1138
11th Aug 25 2025,84,62,6,4,439,1585,601,1424,874,1151
8th Aug 25 2025,47,74,8,4,371,1654,548,1477,844,1181
7th Aug 25 2025,53,51,8,5,444,1581,638,1387,925,1100
6th Aug 25 2025,40,73,8,5,462,1561,640,1383,938,1085
5th Aug 25 2025,48,41,9,5,573,1447,732,1288,991,1029
4th Aug 25 2025,93,47,13,4,578,1444,780,1242,1017,1005
1st Aug 25 2025,36,118,10,0,446,1571,710,1307,974,1043
31st Jul 25 2025,54,47,10,1,579,1434,863,1150,1068,945
30th Jul 25 2025,92,32,10,1,677,1331,978,1030,1104,904
29th Jul 25 2025,118,18,10,1,610,1400,947,1062,1097,913
28th Jul 25 2025,38,116,10,4,494,1521,804,1211,1041,974
25th Jul 25 2025,25,86,10,3,630,1378,1001,1008,1128,881
24th Jul 25 2025,45,35,12,2,957,1052,1299,710,1256,752
23rd Jul 25 2025,51,28,15,2,1083,925,1353,655,1276,732
22nd Jul 25 2025,57,21,16,2,1040,966,1367,640,1271,736
21st Jul 25 2025,71,33,15,3,1132,879,1423,588,1281,730
18th Jul 25 2025,51,18,15,1,1155,850,1461,544,1298,707
17th Jul 25 2025,64,16,16,1,1323,681,1544,460,1324,680
16th Jul 25 2025,88,13,13,0,1328,675,1547,456,1311,692
15th Jul 25 2025,100,9,9,0,1253,751,1485,519,1281,723
14th Jul 25 2025,75,20,16,1,1000,1007,1353,654,1206,801
11th Jul 25 2025,42,15,6,0,987,1016,1387,616,1203,800
10th Jul 25 2025,67,10,11,1,1207,791,1493,505,1256,742
9th Jul 25 2025,76,9,10,2,1240,758,1497,502,1245,754
8th Jul 25 2025,56,16,13,2,1207,793,1480,520,1241,759
7th Jul 25 2025,65,27,20,1,1262,741,1507,496,1254,749
4th Jul 25 2025,66,16,19,1,1366,635,1559,442,1263,738
3rd Jul 25 2025,72,14,19,0,1349,649,1530,468,1248,750
2nd Jul 25 2025,57,20,22,0,1334,662,1519,477,1221,775
1st Jul 25 2025,82,20,27,0,1429,563,1553,439,1235,757
30th Jun 25 2025,113,16,29,0,1462,531,1560,433,1246,747
27th Jun 25 2025,89,13,23,0,1412,577,1524,465,1230,759
26th Jun 25 2025,62,12,22,0,1347,643,1503,487,1198,792
25th Jun 25 2025,153,6,10,0,1345,644,1499,490,1196,793
24th Jun 25 2025,96,15,5,1,1036,954,1338,651,1099,892
23rd Jun 25 2025,72,18,5,1,829,1163,1193,799,1054,939
20th Jun 25 2025,79,11,6,1,819,1169,1223,765,1039,950
19th Jun 25 2025,16,80,6,0,584,1403,1113,874,994,994
18th Jun 25 2025,39,24,4,0,922,1063,1346,639,1108,878
17th Jun 25 2025,46,36,6,1,1009,976,1396,589,1143,843
16th Jun 25 2025,72,15,9,1,1237,751,1496,492,1184,805
13th Jun 25 2025,38,23,16,1,1178,806,1509,475,1157,828
12th Jun 25 2025,32,47,20,0,1414,569,1584,399,1212,772
11th Jun 25 2025,109,19,25,0,1634,347,1700,281,1288,694
10th Jun 25 2025,103,8,29,1,1629,352,1677,304,1267,715
9th Jun 25 2025,151,9,23,0,1616,368,1661,323,1244,741
6th Jun 25 2025,114,17,21,0,1485,497,1572,410,1166,817
5th Jun 25 2025,114,5,15,0,1445,536,1505,476,1118,864
4th Jun 25 2025,99,19,13,0,1365,615,1482,498,1085,896
3rd Jun 25 2025,70,23,17,0,1308,671,1470,509,1061,919
2nd Jun 25 2025,122,47,23,0,1413,566,1504,475,1059,921
30th May 25 2025,91,57,26,0,1429,547,1513,463,1055,922
29th May 25 2025,102,42,34,0,1500,475,1533,442,1095,881
28th May 25 2025,97,30,24,1,1537,437,1546,428,1075,900
27th May 25 2025,79,25,27,1,1581,392,1574,400,1083,891
26th May 25 2025,114,39,19,0,1624,352,1609,368,1066,911
23rd May 25 2025,82,28,22,1,1632,340,1603,370,1046,927
22nd May 25 2025,70,36,24,1,1612,360,1572,401,1006,967
21st May 25 2025,82,36,29,1,1671,300,1597,375,1013,959
20th May 25 2025,54,71,53,1,1646,325,1582,390,979,993
19th May 25 2025,178,28,79,0,1764,210,1687,288,1046,929
16th May 25 2025,190,25,155,0,1750,221,1641,331,993,979
15th May 25 2025,149,26,86,0,1705,266,1545,427,929,1043
14th May 25 2025,205,10,43,1,1694,276,1479,492,862,1109
13th May 25 2025,163,16,33,1,1587,383,1295,676,775,1196
12th May 25 2025,963,9,14,2,1451,521,1164,809,730,1243
9th May 25 2025,42,42,8,4,536,1434,643,1328,519,1452
8th May 25 2025,48,38,5,3,635,1337,679,1293,533,1438
7th May 25 2025,87,21,4,5,786,1185,801,1170,581,1390
6th May 25 2025,13,313,5,3,672,1298,704,1266,531,1439
5th May 25 2025,132,21,11,3,1067,904,935,1036,646,1325
2nd May 25 2025,39,33,6,4,816,1155,822,1149,600,1371
30th Apr 25 2025,16,105,7,5,874,1095,827,1142,603,1366
29th Apr 25 2025,56,28,10,2,1230,739,1044,925,663,1306
28th Apr 25 2025,63,37,17,2,1280,691,1074,897,676,1295
25th Apr 25 2025,19,354,17,1,1292,676,1043,925,655,1313
24th Apr 25 2025,86,28,28,2,1747,223,1412,558,775,1195
23rd Apr 25 2025,96,14,42,2,1769,201,1390,580,783,1187
22nd Apr 25 2025,136,14,73,2,1765,205,1381,589,766,1204
21st Apr 25 2025,184,10,102,2,1752,219,1299,672,739,1232
17th Apr 25 2025,85,12,41,2,1627,341,1108,860,655,1313
16th Apr 25 2025,144,13,68,2,1624,344,1045,923,612,1356
15th Apr 25 2025,444,5,15,1,1493,475,906,1062,562,1406
11th Apr 25 2025,310,5,5,3,909,1057,576,1390,446,1520
9th Apr 25 2025,39,93,6,18,508,1456,399,1565,361,1603
8th Apr 25 2025,258,13,7,8,563,1402,441,1524,376,1589
7th Apr 25 2025,5,813,13,17,299,1666,292,1673,303,1662
4th Apr 25 2025,28,465,21,8,795,1169,554,1410,446,1518
3rd Apr 25 2025,202,23,30,3,1410,554,877,1087,551,1413
2nd Apr 25 2025,161,10,11,2,1256,707,753,1210,506,1457
1st Apr 25 2025,288,35,7,4,1051,913,647,1317,444,1520
28th Mar 25 2025,52,59,9,3,898,1061,633,1326,482,1477
27th Mar 25 2025,123,87,13,2,989,970,649,1310,494,1465
26th Mar 25 2025,28,181,19,3,954,1004,599,1359,456,1502
25th Mar 25 2025,43,212,45,0,1174,784,693,1265,496,1462
24th Mar 25 2025,176,16,129,1,1481,476,824,1133,546,1412
21st Mar 25 2025,232,12,55,0,1395,560,702,1254,472,1484
20th Mar 25 2025,131,19,23,1,1151,803,574,1381,407,1548
19th Mar 25 2025,340,8,17,2,1058,894,484,1469,363,1590
18th Mar 25 2025,317,18,11,3,722,1230,328,1624,310,1643
17th Mar 25 2025,56,131,4,14,412,1540,239,1714,264,1689
13th Mar 25 2025,33,59,4,6,355,1593,227,1722,259,1690
12th Mar 25 2025,34,68,9,4,386,1562,232,1717,267,1682
11th Mar 25 2025,44,122,22,3,412,1537,233,1717,282,1668
10th Mar 25 2025,30,375,28,2,449,1502,243,1709,292,1660
7th Mar 25 2025,165,18,33,3,721,1229,294,1657,332,1619
17th Feb 2026,103,14,7,4,1042,1100,862,1280,744,1398
16th Feb 2026,54,99,14,3,940,1204,776,1368,720,1424
13th Feb 2026,36,139,22,2,992,1150,812,1330,719,1423
12th Feb 2026,63,93,33,2,1321,828,1028,1121,790,1359
11th Feb 2026,85,60,16,3,1487,653,1096,1045,804,1337
10th Feb 2026,137,39,32,2,1581,556,1132,1005,812,1325
9th Feb 2026,385,18,49,2,1499,636,1043,1093,792,1344
6th Feb 2026,57,65,30,4,1094,1041,756,1379,675,1460
5th Feb 2026,51,81,35,6,1175,962,767,1370,693,1444
4th Feb 2026,236,50,42,17,1348,781,831,1297,717,1412
3rd Feb 2026,520,9,26,17,1135,990,725,1400,693,1432
2nd Feb 2026,64,76,15,18,429,1691,351,1769,512,1608
1st Feb 2026,56,234,9,4,426,1696,350,1772,482,1640
30th Jan 2026,139,87,14,6,643,1480,473,1650,587,1536
29th Jan 2026,133,46,26,4,527,1590,420,1697,558,1559
28th Jan 2026,311,17,14,6,501,1620,406,1714,546,1575
27th Jan 2026,88,84,4,12,279,1837,296,1820,464,1652
23rd Jan 2026,48,160,2,5,262,1846,277,1830,479,1629
22nd Jan 2026,152,57,2,5,346,1771,351,1766,532,1585
21st Jan 2026,53,126,19,4,220,1897,270,1847,473,1644
20th Jan 2026,33,260,23,2,281,1834,336,1779,530,1585
19th Jan 2026,40,65,29,3,458,1664,485,1637,630,1492
16th Jan 2026,69,26,25,7,540,1589,538,1591,673,1456
14th Jan 2026,79,19,8,5,544,1581,549,1577,687,1439
13th Jan 2026,69,19,5,4,472,1652,514,1610,670,1454
12th Jan 2026,60,74,5,3,416,1709,495,1630,662,1463
9th Jan 2026,16,103,4,3,420,1704,533,1591,681,1443
8th Jan 2026,15,139,6,3,660,1464,691,1433,764,1360
7th Jan 2026,69,16,13,3,1047,1077,901,1223,850,1274
6th Jan 2026,42,26,15,1,1011,1113,865,1259,835,1289
5th Jan 2026,62,36,14,1,1130,995,925,1200,856,1269
2nd Jan 2026,97,11,11,1,1309,815,947,1177,861,1263
1st Jan 2026,63,15,8,2,1064,1061,821,1304,813,1312
31st Dec 2025,85,17,9,2,1041,1083,798,1326,806,1318
30th Dec 2025,60,36,11,1,770,1354,685,1439,761,1363
29th Dec 2025,43,48,13,0,746,1380,711,1415,763,1363
26th Dec 2025,66,20,21,0,921,1204,761,1364,793,1332
24th Dec 2025,58,12,16,0,1080,1045,795,1330,810,1315
23rd Dec 2025,70,16,11,2,1132,994,808,1318,820,1306
22nd Dec 2025,118,11,9,1,1007,1119,746,1380,805,1321
19th Dec 2025,62,14,7,3,648,1475,623,1500,745,1378
18th Dec 2025,37,26,10,4,465,1654,491,1628,695,1424
17th Dec 2025,29,42,13,4,498,1622,550,1570,715,1405
16th Dec 2025,35,24,14,3,621,1495,615,1502,744,1373
15th Dec 2025,68,19,12,3,742,1373,652,1463,770,1346
12th Dec 2025,83,10,8,4,666,1451,635,1482,747,1371
11th Dec 2025,56,12,6,3,477,1636,545,1568,728,1385
10th Dec 2025,55,23,9,2,387,1727,478,1636,709,1405
9th Dec 2025,94,10,3,3,373,1735,485,1623,698,1411
8th Dec 2025,17,265,2,2,304,1804,444,1664,667,1442
5th Dec 2025,37,34,6,2,525,1576,609,1492,764,1338
4th Dec 2025,26,22,3,2,527,1575,616,1486,783,1319
3rd Dec 2025,20,37,1,2,522,1576,617,1481,786,1313
2nd Dec 2025,26,34,6,2,625,1476,685,1416,807,1295
1st Dec 2025,61,21,5,5,733,1367,734,1366,841,1259
28th Nov 2025,56,20,4,5,751,1345,753,1343,844,1252
27th Nov 2025,53,15,6,4,744,1350,741,1353,833,1261
26th Nov 2025,96,12,5,3,741,1351,737,1355,848,1244
25th Nov 2025,59,11,6,4,537,1554,619,1472,793,1298
24th Nov 2025,28,90,5,2,513,1573,619,1468,780,1307
21st Nov 2025,33,36,7,3,600,1502,685,1419,844,1260
20th Nov 2025,37,24,12,5,749,1354,810,1294,882,1222
19th Nov 2025,43,34,9,5,774,1329,815,1289,900,1204
18th Nov 2025,39,37,12,6,770,1333,825,1279,901,1203
17th Nov 2025,91,49,10,5,930,1174,896,1209,945,1160
14th Nov 2025,73,44,12,5,863,1240,867,1237,924,1180
13th Nov 2025,73,48,12,3,848,1255,863,1241,953,1151
12th Nov 2025,102,31,8,4,886,1217,898,1206,965,1139
11th Nov 2025,70,53,8,8,740,1364,809,1296,922,1183
10th Nov 2025,83,90,11,8,736,1369,810,1296,926,1180
7th Nov 2025,70,42,11,3,666,1440,806,1300,924,1182
6th Nov 2025,44,148,13,4,601,1505,801,1305,913,1193
4th Nov 2025,41,30,16,2,880,1225,971,1134,1018,1087
3rd Nov 2025,95,40,17,3,1099,1007,1084,1022,1057,1049
31st Oct 2025,47,32,13,2,983,1120,1021,1082,1031,1072
30th Oct 2025,49,26,11,2,1130,972,1100,1002,1059,1043
29th Oct 2025,85,26,11,0,1172,929,1104,997,1070,1031
28th Oct 2025,63,32,12,1,1008,1098,1004,1102,1031,1075
27th Oct 2025,79,36,18,2,1028,1081,1010,1099,1050,1059
24th Oct 2025,47,27,18,3,993,1114,980,1127,1017,1090
23rd Oct 2025,83,52,23,3,1080,1027,1019,1088,1041,1066
21st Oct 2025,62,2,25,0,1136,970,1037,1069,1049,1057
20th Oct 2025,99,39,15,2,945,1164,917,1192,1001,1108
17th Oct 2025,47,40,14,1,849,1258,862,1245,967,1140
16th Oct 2025,78,33,16,2,937,1170,926,1181,1000,1107
15th Oct 2025,90,28,15,2,833,1274,877,1230,969,1138
14th Oct 2025,46,62,23,3,674,1433,782,1325,931,1176
13th Oct 2025,51,44,16,4,864,1245,907,1202,993,1116
10th Oct 2025,88,25,21,3,1011,1096,979,1128,1032,1075
9th Oct 2025,87,39,31,4,910,1198,927,1181,1008,1100
8th Oct 2025,78,25,31,2,826,1282,881,1227,992,1116
7th Oct 2025,63,31,24,1,911,1197,936,1172,1010,1098
6th Oct 2025,81,34,19,1,938,1170,950,1158,1011,1097
3rd Oct 2025,127,14,12,1,918,1189,931,1176,1023,1085
1st Oct 2025,125,10,13,1,698,1410,795,1313,969,1140
30th Sep 2025,45,28,8,2,500,1607,629,1478,897,1211
29th Sep 2025,65,60,13,2,459,1650,636,1473,890,1220
26th Sep 2025,15,121,19,2,458,1648,627,1479,900,1207
25th Sep 2025,43,37,22,1,766,1340,915,1191,1027,1080
24th Sep 2025,55,30,21,2,957,1149,1078,1028,1091,1016
23rd Sep 2025,72,25,22,2,1138,968,1182,924,1135,972
22nd Sep 2025,81,42,27,2,1240,870,1224,887,1173,938
19th Sep 2025,71,24,22,1,1427,679,1326,782,1199,909
18th Sep 2025,60,21,21,1,1480,625,1335,771,1193,913
17th Sep 2025,78,21,27,0,1494,608,1332,771,1189,914
16th Sep 2025,86,15,20,0,1429,673,1278,825,1162,941
15th Sep 2025,94,17,17,1,1346,758,1157,948,1109,996
12th Sep 2025,60,14,19,1,1246,857,1105,999,1077,1027
11th Sep 2025,58,24,27,1,1250,853,1089,1015,1063,1041
10th Sep 2025,98,23,18,0,1237,866,1079,1025,1064,1040
9th Sep 2025,75,33,26,0,1044,1058,936,1167,1007,1096
8th Sep 2025,134,18,33,1,1035,1068,920,1184,1012,1092
5th Sep 2025,93,15,28,1,931,1170,881,1221,973,1129
4th Sep 2025,52,31,19,2,962,1136,874,1225,987,1112
3rd Sep 2025,118,13,16,0,1067,1029,929,1168,1003,1094
2nd Sep 2025,122,25,12,1,885,1210,801,1296,960,1137
1st Sep 2025,129,18,12,3,746,1351,719,1379,924,1174
29th Aug 2025,54,26,8,2,525,1568,589,1505,841,1253
28th Aug 2025,34,64,6,2,536,1557,606,1488,856,1238
26th Aug 2025,29,65,11,3,646,1442,702,1387,919,1170
25th Aug 2025,72,37,23,1,965,1125,913,1178,1015,1076
22nd Aug 2025,53,20,22,0,937,1150,917,1171,1004,1084
21st Aug 2025,60,22,22,0,1051,1037,982,1107,1020,1069
20th Aug 2025,113,12,21,1,1034,1051,972,1114,1017,1069
19th Aug 2025,134,14,19,1,972,1112,917,1168,1007,1078
18th Aug 2025,153,32,18,2,794,1292,818,1269,958,1129
14th Aug 2025,49,78,16,4,554,1526,652,1428,890,1191
13th Aug 2025,115,49,10,5,605,1476,693,1388,928,1154
12th Aug 2025,80,53,5,6,503,1577,624,1457,896,1185
11th Aug 2025,85,67,5,4,444,1636,609,1472,885,1196
8th Aug 2025,50,78,7,4,375,1706,557,1524,856,1225
7th Aug 2025,56,54,6,5,448,1632,643,1437,937,1143
6th Aug 2025,38,76,7,5,466,1612,648,1430,950,1128
5th Aug 2025,49,41,9,5,582,1494,744,1332,1010,1066
4th Aug 2025,93,48,12,4,583,1494,790,1287,1033,1044
1st Aug 2025,35,121,10,0,454,1620,722,1352,986,1088
31st Jul 2025,58,50,9,1,592,1478,880,1190,1084,986
30th Jul 2025,92,32,10,1,687,1380,997,1070,1121,946
29th Jul 2025,121,18,10,1,619,1448,964,1102,1114,953
28th Jul 2025,35,120,8,4,499,1571,818,1252,1051,1019
25th Jul 2025,24,91,9,3,642,1423,1020,1046,1144,922
24th Jul 2025,48,35,12,2,973,1093,1326,740,1280,785
23rd Jul 2025,53,27,16,2,1101,963,1377,687,1294,770
22nd Jul 2025,62,21,17,2,1052,1011,1389,675,1294,770
21st Jul 2025,72,36,16,3,1152,914,1448,618,1296,770
18th Jul 2025,51,20,17,1,1178,884,1489,573,1318,744
17th Jul 2025,67,14,18,1,1351,710,1577,484,1346,715
16th Jul 2025,92,13,14,0,1357,704,1580,481,1334,727
15th Jul 2025,104,10,11,0,1278,783,1514,547,1301,760
14th Jul 2025,75,19,17,0,1018,1043,1383,678,1226,835
11th Jul 2025,45,16,10,0,1009,1051,1421,639,1224,836
10th Jul 2025,75,11,14,1,1230,826,1526,530,1279,777
9th Jul 2025,79,8,10,1,1267,788,1530,526,1269,787
8th Jul 2025,55,17,12,1,1236,820,1516,540,1262,794
7th Jul 2025,67,26,20,1,1292,766,1545,513,1273,785
4th Jul 2025,68,16,18,1,1402,655,1597,460,1288,769
3rd Jul 2025,75,14,21,1,1382,672,1569,485,1269,785
2nd Jul 2025,58,20,22,2,1364,687,1553,498,1240,811
1st Jul 2025,85,23,26,0,1467,581,1594,454,1256,792
30th Jun 2025,120,15,28,0,1498,550,1595,453,1265,783
27th Jun 2025,93,14,23,0,1447,600,1562,485,1248,799
26th Jun 2025,63,14,22,0,1381,667,1539,509,1215,833
25th Jun 2025,158,7,10,0,1373,674,1536,511,1213,834
24th Jun 2025,102,15,5,1,1064,984,1374,673,1117,932
23rd Jun 2025,71,20,4,2,841,1206,1212,835,1063,985
20th Jun 2025,81,14,7,3,840,1206,1253,793,1053,994
19th Jun 2025,17,89,6,3,608,1437,1141,904,1007,1039
18th Jun 2025,43,31,4,1,961,1082,1387,656,1126,918
17th Jun 2025,52,44,8,1,1036,1007,1438,605,1159,885
16th Jun 2025,77,16,11,1,1272,771,1537,506,1204,840
13th Jun 2025,40,27,20,1,1213,829,1553,489,1176,867
12th Jun 2025,43,50,26,0,1455,586,1632,409,1237,805
11th Jun 2025,117,20,31,0,1676,363,1739,300,1314,726
10th Jun 2025,110,11,34,1,1675,364,1719,320,1290,750
9th Jun 2025,159,11,24,0,1654,385,1699,340,1263,777
6th Jun 2025,119,19,23,0,1521,518,1605,434,1183,857
5th Jun 2025,119,6,14,0,1480,559,1538,501,1133,907
4th Jun 2025,99,21,13,0,1399,639,1519,519,1098,941
3rd Jun 2025,71,26,17,0,1341,695,1508,529,1075,963
2nd Jun 2025,124,50,23,0,1449,586,1541,494,1073,963
30th May 2025,95,60,28,0,1469,566,1550,485,1074,962
29th May 2025,104,42,34,0,1538,496,1573,461,1108,927
28th May 2025,103,31,24,1,1580,452,1587,445,1088,945
27th May 2025,81,26,27,1,1624,407,1616,416,1097,935
26th May 2025,115,41,18,0,1664,367,1648,384,1077,955
23rd May 2025,84,32,22,1,1671,358,1640,390,1058,972
22nd May 2025,72,38,26,1,1650,380,1607,424,1019,1012
21st May 2025,84,37,30,1,1713,316,1635,395,1029,1001
20th May 2025,58,74,54,1,1688,341,1620,410,993,1037
19th May 2025,182,28,82,0,1811,218,1726,304,1059,971
16th May 2025,195,26,167,0,1800,229,1682,348,1006,1024
15th May 2025,158,26,91,0,1757,272,1580,450,941,1089
14th May 2025,211,10,45,1,1736,292,1505,524,873,1156
13th May 2025,170,17,34,1,1622,406,1313,716,786,1243
12th May 2025,998,7,15,2,1481,547,1176,853,740,1289
9th May 2025,43,48,7,4,543,1484,652,1376,524,1504
8th May 2025,51,42,4,3,645,1383,688,1340,537,1490
7th May 2025,86,23,3,4,792,1236,807,1221,586,1442
6th May 2025,12,326,4,2,678,1349,710,1317,536,1491
5th May 2025,133,22,10,2,1082,945,948,1079,652,1375
2nd May 2025,39,35,5,4,829,1198,836,1191,606,1421
30th Apr 2025,18,112,6,5,891,1135,843,1183,609,1417
29th Apr 2025,55,33,10,2,1257,769,1064,962,667,1359
28th Apr 2025,65,37,18,2,1309,717,1095,931,680,1346
25th Apr 2025,20,379,20,1,1324,701,1060,965,662,1363
24th Apr 2025,90,28,31,2,1795,231,1443,583,782,1244
23rd Apr 2025,98,18,46,2,1813,213,1421,605,789,1237
22nd Apr 2025,141,17,73,2,1815,210,1408,617,773,1252
21st Apr 2025,191,13,104,2,1799,226,1319,706,745,1280
17th Apr 2025,89,12,45,2,1673,350,1123,900,661,1362
16th Apr 2025,149,14,72,2,1662,361,1061,962,618,1405
15th Apr 2025,456,5,16,1,1532,490,915,1107,564,1458
11th Apr 2025,315,5,6,3,934,1087,582,1439,448,1573
9th Apr 2025,39,94,6,18,523,1494,402,1615,362,1655
8th Apr 2025,266,14,7,8,576,1443,446,1573,377,1642
7th Apr 2025,5,842,12,17,305,1713,293,1725,302,1716
4th Apr 2025,30,470,22,8,816,1202,563,1455,447,1571
3rd Apr 2025,206,22,30,3,1441,577,886,1132,553,1465
2nd Apr 2025,158,10,11,2,1274,743,755,1262,504,1513
1st Apr 2025,303,34,6,3,1068,950,649,1369,443,1575
28th Mar 2025,53,64,9,2,910,1105,633,1382,481,1534
27th Mar 2025,127,92,13,1,1000,1014,651,1363,494,1520
26th Mar 2025,28,195,19,2,966,1049,599,1416,457,1558
25th Mar 2025,44,224,46,0,1198,816,698,1316,495,1519
24th Mar 2025,181,14,132,0,1507,504,834,1177,546,1466
21st Mar 2025,236,12,56,0,1418,594,709,1304,473,1540
20th Mar 2025,135,21,24,1,1167,844,574,1438,409,1603
19th Mar 2025,355,8,17,2,1073,936,485,1525,364,1646
18th Mar 2025,324,21,11,4,727,1282,326,1683,312,1698
17th Mar 2025,53,138,3,14,411,1596,239,1769,264,1744
13th Mar 2025,35,60,4,7,361,1645,228,1779,260,1747
12th Mar 2025,35,73,10,4,390,1615,234,1772,268,1738
11th Mar 2025,49,128,25,3,419,1587,234,1773,284,1723
10th Mar 2025,33,389,31,2,459,1546,243,1763,292,1714
7th Mar 2025,174,20,33,3,737,1268,297,1709,334,1672
6th Mar 2025,260,10,10,3,588,1418,272,1735,307,1700
5th Mar 2025,494,10,3,8,380,1626,196,1811,271,1736
4th Mar 2025,154,51,3,20,191,1814,153,1853,221,1785
3rd Mar 2025,61,312,0,28,131,1874,122,1884,206,1800
28th Feb 2025,22,421,1,12,119,1884,135,1869,224,1779
27th Feb 2025,24,292,7,5,207,1795,167,1836,276,1727
25th Feb 2025,54,46,23,2,258,1743,192,1810,321,1681
24th Feb 2025,34,96,11,5,253,1749,185,1818,311,1692
21st Feb 2025,75,44,12,9,310,1688,211,1788,361,1638
20th Feb 2025,233,17,7,23,327,1672,214,1785,371,1628
19th Feb 2025,410,36,7,36,242,1756,176,1822,333,1665
18th Feb 2025,29,337,4,68,147,1851,144,1854,289,1709
17th Feb 2025,64,246,2,68,160,1839,150,1849,311,1688
14th Feb 2025,18,605,2,74,147,1848,154,1841,318,1677
13th Feb 2025,79,83,3,33,238,1757,220,1775,419,1576
12th Feb 2025,77,125,3,23,229,1766,216,1779,418,1578
11th Feb 2025,17,612,6,16,193,1802,209,1786,432,1564
10th Feb 2025,18,253,15,7,433,1564,338,1659,573,1425
7th Feb 2025,43,68,12,2,746,1245,463,1528,671,1321
6th Feb 2025,104,38,15,1,843,1147,509,1481,707,1284
5th Feb 2025,177,21,16,1,859,1129,516,1472,712,1277
4th Feb 2025,159,26,16,3,658,1329,417,1570,649,1339
3rd Feb 2025,51,234,31,3,465,1524,331,1658,577,1413
1st Feb 2025,159,58,16,4,639,1346,373,1612,638,1348
31st Jan 2025,216,32,4,9,573,1413,338,1648,620,1367
30th Jan 2025,100,66,1,18,323,1662,262,1723,534,1452
29th Jan 2025,435,32,1,17,290,1694,243,1741,521,1464
28th Jan 2025,50,218,1,44,142,1842,169,1815,430,1555
27th Jan 2025,12,724,2,31,159,1828,196,1791,465,1523
24th Jan 2025,22,169,3,9,287,1696,302,1681,606,1378
23rd Jan 2025,88,33,3,8,414,1568,381,1601,693,1290
22nd Jan 2025,17,140,7,3,330,1652,337,1645,665,1318
21st Jan 2025,29,120,13,1,429,1553,403,1579,722,1261
20th Jan 2025,156,28,31,2,617,1367,504,1480,828,1157
17th Jan 2025,82,21,9,1,448,1533,424,1557,765,1217
16th Jan 2025,152,13,5,2,395,1584,394,1586,752,1229
15th Jan 2025,90,34,4,6,247,1732,315,1664,703,1277
14th Jan 2025,280,17,4,5,210,1768,297,1681,686,1293
13th Jan 2025,14,880,4,8,162,1817,254,1725,596,1384
10th Jan 2025,19,244,6,6,291,1686,416,1561,788,1190
9th Jan 2025,32,87,7,3,460,1517,559,1418,916,1062
8th Jan 2025,51,38,13,2,567,1412,652,1327,995,985
7th Jan 2025,192,13,22,2,659,1319,731,1247,1051,928
6th Jan 2025,24,643,11,3,442,1536,578,1400,957,1022
3rd Jan 2025,96,10,20,2,1001,975,927,1050,1187,791
2nd Jan 2025,107,15,15,3,1023,953,915,1062,1175,803
1st Jan 2025,165,14,11,2,780,1152,778,1155,1075,858
31st Dec 2024,94,24,11,3,581,1392,686,1288,1053,922
30th Dec 2024,68,98,11,3,490,1483,631,1343,1018,957
27th Dec 2024,73,27,11,1,541,1424,691,1275,1061,906
26th Dec 2024,63,42,11,1,493,1471,664,1301,1052,914
24th Dec 2024,89,18,14,2,540,1424,682,1283,1080,886
23rd Dec 2024,54,65,12,2,509,1458,667,1301,1066,903
20th Dec 2024,29,208,13,3,542,1419,718,1244,1086,877
19th Dec 2024,77,28,20,1,845,1116,932,1030,1224,739
18th Dec 2024,51,49,16,0,906,1052,1012,947,1256,704
17th Dec 2024,86,29,19,1,1137,820,1150,808,1310,649
16th Dec 2024,134,19,22,2,1342,617,1259,701,1350,611
13th Dec 2024,75,17,27,3,1298,658,1236,722,1332,627
12th Dec 2024,54,47,26,0,1396,560,1266,691,1362,596
11th Dec 2024,107,17,33,0,1587,369,1394,563,1402,556
10th Dec 2024,134,29,36,0,1600,357,1354,604,1390,569
9th Dec 2024,148,15,41,2,1608,350,1348,611,1370,590
6th Dec 2024,132,8,39,0,1602,352,1326,629,1357,599
5th Dec 2024,91,13,30,0,1553,401,1262,693,1336,620
4th Dec 2024,141,15,40,0,1561,393,1231,724,1322,634
3rd Dec 2024,154,12,38,0,1540,414,1158,797,1273,683
2nd Dec 2024,190,16,44,1,1353,603,970,987,1212,746
29th Nov 2024,99,15,41,0,1230,723,854,1100,1164,791
28th Nov 2024,103,11,33,0,1101,852,788,1167,1115,841
27th Nov 2024,165,14,20,2,1059,893,755,1198,1093,861
26th Nov 2024,143,24,21,4,852,1100,628,1325,1038,916
25th Nov 2024,184,17,20,6,741,1214,586,1370,1005,952
22nd Nov 2024,99,15,26,8,475,1475,464,1487,935,1017
21st Nov 2024,50,88,10,14,390,1561,416,1536,836,1117
19th Nov 2024,124,19,6,13,422,1529,467,1485,921,1032
18th Nov 2024,106,106,9,26,338,1616,393,1562,865,1091
14th Nov 2024,111,56,6,17,328,1656,389,1596,918,1068
13th Nov 2024,16,493,8,14,246,1738,342,1643,878,1108
12th Nov 2024,36,139,16,5,499,1485,535,1450,1090,896
11th Nov 2024,57,130,20,1,694,1291,668,1318,1182,805
8th Nov 2024,56,87,17,1,799,1184,745,1239,1235,750
7th Nov 2024,81,37,26,1,1099,886,861,1125,1308,679
6th Nov 2024,222,10,25,1,1248,737,912,1074,1317,670
5th Nov 2024,116,14,25,1,824,1160,704,1280,1214,772
4th Nov 2024,49,85,27,1,690,1296,640,1347,1184,804
1st Nov 2024,113,2,61,3,1055,930,800,1186,1265,722
31st Oct 2024,154,14,16,3,772,1212,639,1346,1210,776
30th Oct 2024,274,14,10,3,600,1383,561,1423,1153,832
29th Oct 2024,120,36,9,10,372,1611,461,1523,1069,916
28th Oct 2024,181,48,2,18,276,1708,390,1594,1027,958
25th Oct 2024,16,332,1,15,208,1777,333,1652,995,991
24th Oct 2024,49,74,2,4,282,1702,432,1552,1106,879
23rd Oct 2024,115,41,4,3,294,1689,463,1520,1138,846
22nd Oct 2024,13,727,6,3,244,1738,411,1571,1118,865
21st Oct 2024,65,140,19,1,514,1470,700,1284,1288,697
18th Oct 2024,66,24,18,1,710,1271,866,1115,1394,588
17th Oct 2024,38,60,23,0,709,1271,853,1127,1390,591
16th Oct 2024,122,15,30,0,931,1049,1021,959,1463,518
15th Oct 2024,116,15,27,0,894,1085,1005,974,1456,524
14th Oct 2024,93,23,38,0,845,1136,972,1009,1446,536
11th Oct 2024,96,7,19,2,792,1186,930,1048,1447,532
10th Oct 2024,132,16,15,3,741,1237,911,1067,1446,533
9th Oct 2024,178,7,7,2,644,1333,850,1127,1426,552
8th Oct 2024,363,17,6,1,489,1487,735,1241,1369,608
7th Oct 2024,16,666,5,4,268,1710,533,1445,1245,734
4th Oct 2024,39,65,11,2,522,1453,866,1109,1452,524
3rd Oct 2024,51,99,18,3,642,1331,969,1004,1485,489
1st Oct 2024,126,15,16,3,1030,943,1185,788,1577,397
30th Sep 2024,78,34,16,3,916,1057,1128,845,1564,410
27th Sep 2024,98,34,24,2,972,997,1141,828,1566,404
26th Sep 2024,54,30,26,1,947,1021,1144,824,1567,402
25th Sep 2024,62,30,17,2,1017,952,1189,780,1588,382
24th Sep 2024,97,26,18,1,1101,865,1229,737,1598,369
23rd Sep 2024,150,13,17,1,1088,880,1228,740,1606,363
20th Sep 2024,147,18,13,2,943,1023,1162,804,1568,399
19th Sep 2024,35,90,19,3,786,1180,1079,887,1529,438
18th Sep 2024,70,40,26,3,1007,958,1218,747,1604,362
17th Sep 2024,76,33,22,2,1156,809,1293,672,1629,337
16th Sep 2024,123,23,29,0,1227,735,1333,629,1648,315
13th Sep 2024,124,16,22,2,1194,766,1327,633,1637,324
12th Sep 2024,94,16,15,2,1078,880,1242,717,1605,355
11th Sep 2024,64,44,21,1,923,1033,1172,784,1576,381
10th Sep 2024,135,13,22,1,1102,853,1271,684,1602,354
9th Sep 2024,82,52,24,2,880,1076,1135,821,1558,399
6th Sep 2024,50,42,21,1,975,980,1203,752,1577,379
5th Sep 2024,128,13,30,1,1217,735,1345,608,1618,336
4th Sep 2024,101,19,17,1,1133,820,1294,659,1599,355
3rd Sep 2024,95,18,14,2,1172,780,1312,640,1600,353
2nd Sep 2024,70,38,18,3,1148,803,1313,638,1597,355
30th Aug 2024,109,16,17,1,1267,682,1381,568,1620,330
29th Aug 2024,47,34,19,0,1187,763,1339,611,1614,337
28th Aug 2024,73,27,25,0,1338,611,1418,531,1636,314
27th Aug 2024,124,26,41,1,1406,541,1441,506,1642,306
26th Aug 2024,134,38,53,1,1370,578,1412,537,1623,326
23rd Aug 2024,124,17,63,1,1408,538,1394,553,1623,324
22nd Aug 2024,146,17,61,1,1439,507,1416,531,1620,327
21st Aug 2024,182,14,49,0,1331,615,1338,609,1583,364
20th Aug 2024,180,28,29,2,1167,777,1249,696,1556,389
19th Aug 2024,243,15,36,2,1043,903,1167,780,1528,419
16th Aug 2024,180,32,26,5,835,1108,1027,917,1463,481
14th Aug 2024,63,119,20,5,628,1315,909,1035,1429,515
13th Aug 2024,49,187,36,3,666,1275,993,949,1455,487
12th Aug 2024,134,65,34,3,868,1074,1136,807,1522,421
9th Aug 2024,156,43,17,4,863,1076,1155,785,1535,405
8th Aug 2024,102,48,17,4,738,1199,1076,862,1512,426
7th Aug 2024,316,10,12,4,760,1177,1133,805,1522,416
6th Aug 2024,62,110,7,5,483,1453,866,1071,1439,498
5th Aug 2024,26,802,16,5,486,1452,927,1012,1464,475
2nd Aug 2024,86,32,24,1,1127,809,1408,529,1636,301
1st Aug 2024,80,60,41,0,1289,647,1501,436,1645,292
31st Jul 2024,119,29,47,0,1467,467,1585,350,1660,275
30th Jul 2024,151,13,58,0,1472,461,1567,367,1661,273
29th Jul 2024,158,23,51,0,1425,511,1547,390,1648,289
26th Jul 2024,166,14,40,0,1328,604,1491,442,1618,315
25th Jul 2024,143,25,31,0,1119,812,1347,585,1580,352
24th Jul 2024,283,7,22,1,1110,821,1362,571,1572,361
23rd Jul 2024,91,46,10,3,759,1172,1186,746,1517,415
22nd Jul 2024,117,34,18,3,846,1088,1262,673,1527,408
19th Jul 2024,27,220,16,5,724,1207,1211,721,1517,415
18th Jul 2024,74,82,29,2,1142,789,1458,474,1605,327
16th Jul 2024,106,24,25,0,1334,596,1548,383,1633,298
15th Jul 2024,119,26,30,0,1335,598,1535,398,1631,302
12th Jul 2024,90,40,22,0,1308,622,1518,412,1623,307
11th Jul 2024,139,8,30,0,1393,536,1542,387,1627,302
10th Jul 2024,53,52,29,0,1327,600,1510,417,1599,328
9th Jul 2024,118,24,33,0,1496,431,1571,356,1637,290
8th Jul 2024,121,35,35,0,1471,458,1567,362,1631,298
5th Jul 2024,142,5,58,0,1559,367,1606,320,1644,281
4th Jul 2024,136,16,48,0,1543,383,1585,341,1626,300
3rd Jul 2024,149,11,28,1,1539,386,1565,360,1623,302
2nd Jul 2024,129,22,34,1,1452,473,1532,393,1605,320
1st Jul 2024,234,12,40,0,1446,480,1537,389,1591,335
28th Jun 2024,97,18,31,0,1312,613,1442,483,1550,375
27th Jun 2024,59,66,26,1,1277,648,1392,533,1543,382
26th Jun 2024,108,24,39,1,1427,495,1506,417,1577,346
25th Jun 2024,85,30,40,0,1498,425,1520,403,1571,352
24th Jun 2024,153,22,40,0,1521,403,1540,384,1583,341
21st Jun 2024,98,43,35,0,1591,329,1554,366,1583,337
20th Jun 2024,173,10,58,0,1621,301,1572,349,1582,340
19th Jun 2024,115,25,54,0,1543,378,1510,412,1537,385
18th Jun 2024,181,19,69,0,1621,302,1534,389,1549,374
14th Jun 2024,137,9,62,0,1646,275,1542,379,1548,373
13th Jun 2024,160,8,80,0,1632,289,1509,412,1523,398
12th Jun 2024,143,10,111,0,1603,318,1446,474,1481,440
11th Jun 2024,180,11,160,0,1519,402,1357,564,1459,462
10th Jun 2024,194,12,26,1,1436,486,1254,668,1415,507
7th Jun 2024,259,4,21,0,1273,647,1120,800,1359,561
6th Jun 2024,431,2,11,1,891,1029,909,1011,1264,655
5th Jun 2024,547,45,7,4,494,1426,659,1261,1118,801
4th Jun 2024,11,1232,7,13,267,1651,476,1443,968,951
3rd Jun 2024,243,19,11,2,836,1083,914,1006,1270,650
31st May 2024,85,46,8,2,639,1275,787,1128,1221,694
30th May 2024,36,90,8,4,603,1310,789,1125,1222,692
29th May 2024,70,40,11,0,770,1142,917,997,1280,634
28th May 2024,39,80,5,0,821,1091,926,987,1308,605
27th May 2024,77,78,14,2,934,983,1029,889,1347,571
24th May 2024,63,61,16,0,1020,893,1097,817,1376,538
23rd May 2024,71,32,27,0,1119,793,1130,783,1403,510
22nd May 2024,95,36,28,1,1113,799,1162,751,1383,530
21st May 2024,103,81,28,0,1142,774,1152,765,1391,526
18th May 2024,78,7,34,0,1312,593,1226,680,1420,486
17th May 2024,124,11,27,0,1167,744,1158,754,1397,515
16th May 2024,88,18,19,1,1045,867,1047,866,1377,536
15th May 2024,129,20,11,1,943,967,1008,903,1362,549
14th May 2024,204,14,13,1,811,1100,956,955,1334,577
13th May 2024,86,41,12,4,575,1338,795,1118,1273,640
10th May 2024,90,20,6,2,557,1352,800,1109,1279,630
9th May 2024,14,228,7,1,435,1474,716,1193,1247,662
8th May 2024,77,28,10,4,785,1125,1004,906,1360,550
7th May 2024,38,113,11,0,670,1239,959,950,1341,568
6th May 2024,68,96,23,2,993,921,1133,781,1421,493
3rd May 2024,67,30,20,0,1234,674,1271,638,1461,448
2nd May 2024,112,29,18,0,1351,558,1337,572,1488,421
30th Apr 2024,78,22,17,1,1449,460,1379,530,1497,412
29th Apr 2024,92,20,25,2,1484,427,1397,515,1502,410
26th Apr 2024,88,17,33,3,1484,422,1379,527,1485,421
25th Apr 2024,109,21,35,3,1473,434,1361,546,1479,428
24th Apr 2024,137,16,38,5,1464,443,1346,561,1478,429
23rd Apr 2024,159,24,47,5,1378,527,1252,653,1452,453
22nd Apr 2024,228,14,29,5,1235,674,1153,756,1419,490
19th Apr 2024,77,17,27,5,894,1010,969,936,1367,538
18th Apr 2024,100,29,16,6,940,965,970,935,1374,531
16th Apr 2024,107,17,14,3,974,929,1031,872,1369,534
15th Apr 2024,33,139,17,3,881,1026,971,936,1354,553
12th Apr 2024,57,42,28,2,1344,559,1219,685,1457,447
10th Apr 2024,84,29,33,2,1508,396,1317,587,1483,421
9th Apr 2024,78,24,40,0,1533,369,1278,624,1464,438
8th Apr 2024,104,31,61,0,1657,248,1365,540,1491,414
5th Apr 2024,138,5,144,0,1698,205,1418,485,1501,402
4th Apr 2024,159,10,102,0,1670,232,1335,567,1471,431
3rd Apr 2024,264,2,53,0,1633,268,1245,656,1430,471
2nd Apr 2024,268,8,21,0,1473,427,1078,822,1357,543
1st Apr 2024,723,4,33,1,1210,691,924,977,1296,605
28th Mar 2024,87,37,30,3,737,1162,693,1206,1138,761
27th Mar 2024,110,82,24,2,660,1239,642,1257,1133,766
26th Mar 2024,90,100,15,3,579,1323,614,1288,1129,773
22nd Mar 2024,151,18,26,2,617,1281,622,1276,1186,712
21st Mar 2024,236,14,21,3,424,1473,535,1362,1155,742
20th Mar 2024,86,34,30,1,251,1642,376,1517,1075,818
19th Mar 2024,60,51,8,6,228,1664,374,1518,1061,831
18th Mar 2024,142,25,3,9,280,1613,475,1418,1120,773
15th Mar 2024,108,53,4,21,227,1665,453,1439,1103,789
14th Mar 2024,595,22,1,17,233,1658,449,1442,1094,797
13th Mar 2024,7,1116,0,127,121,1768,318,1571,956,933
12th Mar 2024,16,429,3,20,336,1551,548,1339,1188,699
11th Mar 2024,30,369,5,12,456,1435,709,1182,1309,582
7th Mar 2024,106,18,7,7,634,1253,865,1022,1410,477
6th Mar 2024,24,211,13,9,556,1329,828,1057,1397,488
5th Mar 2024,56,91,9,4,772,1113,995,890,1459,426
4th Mar 2024,68,79,12,6,876,1011,1069,819,1484,404
2nd Mar 2024,66,16,15,4,987,888,1146,729,1511,364
1st Mar 2024,142,22,13,3,848,1037,1066,819,1488,397
29th Feb 2024,74,35,16,4,696,1185,998,883,1450,431
28th Feb 2024,33,167,15,4,643,1238,953,928,1461,420
27th Feb 2024,62,52,23,3,940,940,1140,740,1525,355
26th Feb 2024,95,36,29,2,1006,878,1198,686,1554,330
23rd Feb 2024,123,19,29,2,1089,790,1226,653,1561,318
22nd Feb 2024,95,15,34,1,1032,848,1187,693,1558,322
21st Feb 2024,68,64,32,2,982,898,1185,695,1548,332
20th Feb 2024,131,21,58,1,1143,736,1239,640,1561,318
19th Feb 2024,203,20,49,1,1117,765,1228,654,1571,311
16th Feb 2024,154,15,14,2,1019,858,1193,684,1552,325
15th Feb 2024,209,28,11,6,889,985,1144,730,1525,349
14th Feb 2024,220,41,11,13,785,1085,1065,805,1499,371
13th Feb 2024,100,124,14,21,635,1234,1001,868,1460,409
12th Feb 2024,46,606,23,19,611,1261,1009,863,1462,410
9th Feb 2024,51,170,34,4,986,880,1245,621,1557,309
8th Feb 2024,100,85,50,4,1172,696,1349,519,1585,283
7th Feb 2024,169,46,51,2,1275,593,1418,450,1609,259
6th Feb 2024,181,39,54,2,1239,628,1382,485,1598,269
5th Feb 2024,132,123,42,2,1129,738,1317,550,1593,274
2nd Feb 2024,127,43,63,1,1235,629,1394,470,1620,244
1st Feb 2024,119,44,81,1,1266,598,1421,443,1626,238
31st Jan 2024,206,31,89,1,1323,539,1450,412,1637,225
30th Jan 2024,141,29,50,1,1135,726,1354,507,1601,260
29th Jan 2024,199,28,58,1,1137,725,1344,518,1608,254
25th Jan 2024,175,25,50,1,1024,834,1297,561,1590,268
24th Jan 2024,187,28,35,1,958,900,1282,576,1581,277
23rd Jan 2024,29,408,20,4,732,1127,1187,672,1547,312
20th Jan 2024,139,8,28,1,1211,645,1438,418,1637,219
19th Jan 2024,167,9,26,1,1188,668,1434,422,1639,217
18th Jan 2024,99,16,24,2,1014,842,1358,498,1618,238
17th Jan 2024,42,30,28,2,1057,799,1392,464,1634,222
16th Jan 2024,56,66,25,1,1301,554,1508,346,1664,191
15th Jan 2024,135,19,46,1,1431,427,1579,279,1687,171
12th Jan 2024,118,22,30,1,1467,388,1589,266,1682,173
11th Jan 2024,155,14,42,2,1422,434,1569,287,1668,188
10th Jan 2024,124,19,48,1,1331,525,1531,325,1646,210
9th Jan 2024,109,16,42,0,1333,523,1544,312,1656,200
8th Jan 2024,118,32,40,1,1329,529,1536,322,1654,204
5th Jan 2024,99,12,48,0,1511,345,1598,258,1674,182
4th Jan 2024,143,9,56,0,1490,366,1582,274,1674,182
3rd Jan 2024,118,11,40,1,1391,465,1545,311,1669,187
2nd Jan 2024,128,11,32,0,1414,442,1539,317,1663,193
1st Jan 2024,162,12,39,0,1426,432,1531,327,1655,203
29th Dec 2023,88,17,30,1,1292,561,1443,410,1634,219
28th Dec 2023,84,29,41,1,1261,592,1425,428,1615,238
27th Dec 2023,90,23,23,1,1290,560,1444,406,1616,234
26th Dec 2023,152,11,25,1,1262,586,1425,423,1617,231
22nd Dec 2023,128,7,21,2,1188,659,1396,451,1593,254
21st Dec 2023,175,8,15,1,1033,812,1318,527,1576,269
20th Dec 2023,20,621,11,2,777,1063,1152,688,1523,317
19th Dec 2023,108,11,28,1,1394,445,1512,327,1633,206
18th Dec 2023,126,17,29,1,1409,432,1514,327,1626,215
15th Dec 2023,101,21,34,1,1360,480,1488,352,1610,230
14th Dec 2023,99,19,37,0,1338,502,1462,378,1595,245
13th Dec 2023,118,18,37,1,1312,528,1433,407,1586,254
12th Dec 2023,81,25,36,1,1258,582,1413,427,1578,262
11th Dec 2023,150,11,37,2,1329,512,1467,374,1583,258
8th Dec 2023,85,34,37,3,1303,538,1455,386,1576,265
7th Dec 2023,124,22,41,1,1390,451,1478,363,1589,252
6th Dec 2023,123,12,29,0,1348,493,1444,397,1585,256
5th Dec 2023,83,18,30,0,1340,501,1408,433,1557,284
4th Dec 2023,132,11,27,0,1398,444,1433,409,1556,286
1st Dec 2023,93,15,18,0,1300,540,1389,451,1541,299
30th Nov 2023,93,16,23,0,1262,573,1339,497,1521,315
29th Nov 2023,75,19,18,0,1264,569,1332,502,1515,319
28th Nov 2023,117,16,26,0,1277,559,1314,523,1512,325
24th Nov 2023,82,14,31,0,1226,606,1289,545,1508,326
23rd Nov 2023,105,16,36,1,1238,594,1289,545,1493,341
22nd Nov 2023,72,29,27,0,1212,619,1264,568,1480,352
21st Nov 2023,119,26,36,0,1242,591,1279,555,1493,341
20th Nov 2023,118,22,27,2,1193,642,1248,588,1481,355
17th Nov 2023,116,17,32,0,1224,609,1253,581,1478,356
16th Nov 2023,100,10,38,0,1269,564,1272,562,1472,362
15th Nov 2023,144,19,32,1,1243,588,1255,578,1462,371
13th Nov 2023,104,15,25,0,1124,710,1153,682,1437,398
12th Nov 2023,88,12,23,0,1222,608,1219,612,1450,381
10th Nov 2023,88,46,22,0,1036,791,1076,752,1416,412
9th Nov 2023,70,65,24,1,1052,776,1091,738,1413,416
8th Nov 2023,95,36,39,1,1168,659,1163,665,1440,388
7th Nov 2023,107,32,32,1,1140,687,1136,692,1441,387
6th Nov 2023,157,26,26,0,1123,702,1117,709,1447,379
3rd Nov 2023,116,23,18,0,920,904,980,845,1411,414
2nd Nov 2023,103,22,25,0,772,1052,891,934,1381,444
1st Nov 2023,66,34,23,1,594,1230,781,1044,1326,499
31st Oct 2023,90,23,19,1,638,1186,804,1020,1365,459
30th Oct 2023,103,33,9,3,582,1244,790,1036,1351,475
27th Oct 2023,213,16,10,2,522,1299,763,1058,1339,482
26th Oct 2023,95,46,8,6,323,1498,566,1255,1245,576
25th Oct 2023,47,123,7,8,338,1485,577,1246,1279,544
23rd Oct 2023,16,776,12,6,368,1457,672,1153,1341,484
20th Oct 2023,59,60,30,0,937,886,1200,623,1525,298
19th Oct 2023,89,17,38,1,1093,731,1313,511,1563,261
18th Oct 2023,74,36,32,1,1124,699,1345,478,1569,254
17th Oct 2023,121,16,45,0,1307,515,1414,408,1581,241
16th Oct 2023,136,20,52,0,1211,612,1354,470,1567,257
13th Oct 2023,93,10,34,0,1170,653,1325,498,1552,271
12th Oct 2023,116,9,29,0,1213,609,1341,482,1561,262
11th Oct 2023,136,8,34,0,1108,714,1295,527,1539,283
10th Oct 2023,159,11,26,0,921,898,1199,620,1507,312
9th Oct 2023,47,174,24,1,664,1158,1044,778,1478,344
6th Oct 2023,146,4,30,1,1048,765,1288,525,1528,285
5th Oct 2023,134,12,23,1,891,926,1203,614,1509,308
4th Oct 2023,50,27,19,1,766,1049,1113,702,1485,330
3rd Oct 2023,94,21,19,0,956,859,1248,567,1506,309
29th Sep 2023,98,11,17,0,933,879,1238,574,1512,300
28th Sep 2023,49,16,18,1,799,1011,1153,657,1486,324
27th Sep 2023,95,9,15,2,929,880,1248,561,1518,291
26th Sep 2023,66,12,11,2,823,985,1212,596,1504,304
25th Sep 2023,105,25,12,1,818,991,1215,594,1507,302
22nd Sep 2023,70,12,12,0,731,1073,1211,593,1506,298
21st Sep 2023,38,35,17,0,742,1061,1234,569,1514,289
20th Sep 2023,51,23,30,0,966,835,1347,454,1541,260
18th Sep 2023,60,21,16,2,1096,708,1418,387,1558,247
15th Sep 2023,92,14,12,1,1205,594,1450,349,1567,232
14th Sep 2023,141,5,11,0,1164,636,1437,363,1570,230
13th Sep 2023,151,17,13,1,971,828,1354,445,1542,257
12th Sep 2023,12,718,9,0,826,973,1328,472,1526,274
11th Sep 2023,124,33,33,1,1472,329,1558,243,1598,203
8th Sep 2023,81,11,32,0,1481,316,1546,251,1594,203
7th Sep 2023,115,11,43,0,1480,317,1541,256,1588,209
6th Sep 2023,109,16,37,0,1441,356,1522,276,1570,228
5th Sep 2023,131,14,39,1,1437,357,1508,286,1555,239
4th Sep 2023,169,16,44,1,1410,389,1510,289,1551,248
1st Sep 2023,127,13,35,0,1354,441,1469,326,1523,272
31st Aug 2023,86,23,29,0,1260,534,1415,379,1499,295
30th Aug 2023,129,19,33,0,1309,484,1421,372,1517,276
29th Aug 2023,148,14,32,0,1194,599,1356,437,1490,303
28th Aug 2023,130,17,36,0,1086,709,1285,510,1449,345
25th Aug 2023,63,20,25,0,1025,767,1249,543,1440,351
24th Aug 2023,74,21,30,1,1158,632,1309,481,1444,345
23rd Aug 2023,116,15,27,0,1162,628,1308,482,1442,347
22nd Aug 2023,158,13,31,1,1087,700,1267,520,1421,365
21st Aug 2023,134,27,29,3,930,859,1202,587,1393,395
18th Aug 2023,75,32,25,2,869,916,1146,639,1378,406
17th Aug 2023,110,24,29,5,895,888,1165,618,1383,400
16th Aug 2023,155,47,32,8,890,895,1167,618,1379,406
14th Aug 2023,79,102,18,7,888,898,1171,615,1381,405
11th Aug 2023,81,86,20,2,1025,755,1278,503,1418,363
10th Aug 2023,83,62,38,2,1142,635,1329,448,1432,345
9th Aug 2023,137,28,46,2,1209,570,1368,411,1450,329
8th Aug 2023,100,35,20,2,1185,591,1358,418,1435,341
7th Aug 2023,129,62,24,1,1171,609,1353,427,1425,355
4th Aug 2023,123,22,33,2,1155,620,1354,421,1425,350
3rd Aug 2023,89,21,30,2,1044,731,1320,455,1395,380
2nd Aug 2023,42,54,21,2,1077,696,1349,424,1388,385
1st Aug 2023,132,18,31,2,1314,459,1430,343,1424,349
31st Jul 2023,159,25,36,4,1243,532,1384,391,1400,375
28th Jul 2023,89,22,29,1,1133,638,1352,419,1384,387
27th Jul 2023,74,24,22,3,1155,616,1346,425,1370,401
26th Jul 2023,87,31,22,1,1189,581,1367,403,1374,396
25th Jul 2023,105,36,26,0,1138,633,1330,441,1359,412
24th Jul 2023,109,47,23,2,1153,622,1333,442,1358,417
21st Jul 2023,81,25,25,1,1153,593,1335,411,1347,399
20th Jul 2023,84,23,28,1,1216,534,1376,374,1361,389
19th Jul 2023,100,11,22,1,1225,525,1383,367,1353,397
18th Jul 2023,65,35,26,3,1170,580,1344,406,1338,412
17th Jul 2023,106,21,34,1,1275,499,1407,367,1364,410
14th Jul 2023,146,12,24,1,1165,583,1336,413,1331,418
13th Jul 2023,45,46,16,1,1056,694,1280,470,1299,451
12th Jul 2023,88,11,19,1,1170,580,1325,425,1318,432
11th Jul 2023,87,14,16,0,1183,568,1351,400,1324,427
10th Jul 2023,73,29,16,0,1113,654,1350,417,1329,438
7th Jul 2023,52,10,15,1,1208,543,1397,354,1347,404
6th Jul 2023,76,15,21,1,1296,455,1426,325,1361,390
5th Jul 2023,90,16,23,1,1238,513,1404,348,1344,408
4th Jul 2023,74,24,16,0,1172,580,1375,377,1326,426
3rd Jul 2023,97,16,16,0,1233,534,1408,359,1334,433
30th Jun 2023,92,16,16,2,1176,579,1367,388,1318,437
28th Jun 2023,72,15,8,4,1140,615,1342,413,1283,472
27th Jun 2023,89,13,10,3,1116,637,1346,407,1282,471
26th Jun 2023,81,22,17,1,1038,726,1326,438,1280,484
23rd Jun 2023,36,52,13,3,973,778,1317,436,1256,497
22nd Jun 2023,43,52,15,2,1209,546,1417,338,1302,453
